Dataset,Soil_Type,Image_Path,Detected_Tone,pH Range,Temperature (°C),Humidity (%),Nitrogen (mg/kg),Phosphorus (mg/kg),Potassium (mg/kg),Crop_Recommendations,Fertilizer_Recommendations,Weather_Based_Crop_Recommendation,Season_Based_Crop_Recommendation,Current_Season,Current_Temperature(°C),Current_Humidity(%),Weather_Description,Nitrogen (mg/kg)_min,Nitrogen (mg/kg)_max,Phosphorus (mg/kg)_min,Phosphorus (mg/kg)_max,Potassium (mg/kg)_min,Potassium (mg/kg)_max,pH Range_min,pH Range_max
train,Alluvial soil,C:\Users\Pranjal Yallurkar\OneDrive\Desktop\PROJECT\Final\soil_photos-20251020T144319Z-1-001\soil_photos\train\Alluvial soil\01060602previewen-02b.jpg,Bluish,6.5–7.5,25–35,60–80,280–450,40–60,300–450,"Rice, Wheat, Maize, Sugarcane, Pulses","DAP, Compost, NPK, Urea, Ammonium Sulphate",maize,"Wheat, Mustard, Barley, Peas, Gram",Winter,28.07,44,haze,280.0,450.0,40.0,60.0,300.0,450.0,6.5,7.5
train,Alluvial soil,C:\Users\Pranjal Yallurkar\OneDrive\Desktop\PROJECT\Final\soil_photos-20251020T144319Z-1-001\soil_photos\train\Alluvial soil\01060602previewen-02d.jpg,Reddish,6.5–7.5,25–35,60–80,280–450,40–60,300–450,"Rice, Wheat, Maize, Sugarcane, Pulses","DAP, Compost, NPK, Urea, Biofertilizer",maize,"Wheat, Mustard, Barley, Peas, Gram",Winter,28.07,44,haze,280.0,450.0,40.0,60.0,300.0,450.0,6.5,7.5
train,Alluvial soil,C:\Users\Pranjal Yallurkar\OneDrive\Desktop\PROJECT\Final\soil_photos-20251020T144319Z-1-001\soil_photos\train\Alluvial soil\1000_F_240425429_YL91trtDxXQl8L0OKP7zyngeSb63olAC.jpg,Reddish,6.5–7.5,25–35,60–80,280–450,40–60,300–450,"Rice, Wheat, Maize, Sugarcane, Pulses","DAP, Compost, NPK, Urea, Biofertilizer",maize,"Wheat, Mustard, Barley, Peas, Gram",Winter,28.07,44,haze,280.0,450.0,40.0,60.0,300.0,450.0,6.5,7.5
train,Alluvial soil,C:\Users\Pranjal Yallurkar\OneDrive\Desktop\PROJECT\Final\soil_photos-20251020T144319Z-1-001\soil_photos\train\Alluvial soil\alluvial-diamond-layers-mining-site-western-cape-south-africa-G8CR87.jpg,Reddish,6.5–7.5,25–35,60–80,280–450,40–60,300–450,"Rice, Wheat, Maize, Sugarcane, Pulses","DAP, Compost, NPK, Urea, Biofertilizer",maize,"Wheat, Mustard, Barley, Peas, Gram",Winter,28.07,44,haze,280.0,450.0,40.0,60.0,300.0,450.0,6.5,7.5
train,Alluvial soil,C:\Users\Pranjal Yallurkar\OneDrive\Desktop\PROJECT\Final\soil_photos-20251020T144319Z-1-001\soil_photos\train\Alluvial soil\alluvial-soil-1kg-green-era-original-imag4r54hhybzhqc.jpeg,Reddish,6.5–7.5,25–35,60–80,280–450,40–60,300–450,"Rice, Wheat, Maize, Sugarcane, Pulses","DAP, Compost, NPK, Urea, Biofertilizer",maize,"Wheat, Mustard, Barley, Peas, Gram",Winter,28.07,44,haze,280.0,450.0,40.0,60.0,300.0,450.0,6.5,7.5
train,Alluvial soil,C:\Users\Pranjal Yallurkar\OneDrive\Desktop\PROJECT\Final\soil_photos-20251020T144319Z-1-001\soil_photos\train\Alluvial soil\alluvial-soil-1kg-green-era-original-imag4r54wbucymtp.jpeg,Reddish,6.5–7.5,25–35,60–80,280–450,40–60,300–450,"Rice, Wheat, Maize, Sugarcane, Pulses","DAP, Compost, NPK, Urea, Biofertilizer",maize,"Wheat, Mustard, Barley, Peas, Gram",Winter,28.07,44,haze,280.0,450.0,40.0,60.0,300.0,450.0,6.5,7.5
train,Alluvial soil,C:\Users\Pranjal Yallurkar\OneDrive\Desktop\PROJECT\Final\soil_photos-20251020T144319Z-1-001\soil_photos\train\Alluvial soil\Alluvial-soil-distribution-in-India-1.jpeg,Reddish,6.5–7.5,25–35,60–80,280–450,40–60,300–450,"Rice, Wheat, Maize, Sugarcane, Pulses","DAP, Compost, NPK, Urea, Biofertilizer",maize,"Wheat, Mustard, Barley, Peas, Gram",Winter,28.07,44,haze,280.0,450.0,40.0,60.0,300.0,450.0,6.5,7.5
train,Alluvial soil,C:\Users\Pranjal Yallurkar\OneDrive\Desktop\PROJECT\Final\soil_photos-20251020T144319Z-1-001\soil_photos\train\Alluvial soil\Alluvial-soil-distribution-in-India.jpg,Reddish,6.5–7.5,25–35,60–80,280–450,40–60,300–450,"Rice, Wheat, Maize, Sugarcane, Pulses","DAP, Compost, NPK, Urea, Biofertilizer",maize,"Wheat, Mustard, Barley, Peas, Gram",Winter,28.07,44,haze,280.0,450.0,40.0,60.0,300.0,450.0,6.5,7.5
train,Alluvial soil,C:\Users\Pranjal Yallurkar\OneDrive\Desktop\PROJECT\Final\soil_photos-20251020T144319Z-1-001\soil_photos\train\Alluvial soil\alluvial-soil-profile-agricultural-land-260nw-1867228486.jpg,Reddish,6.5–7.5,25–35,60–80,280–450,40–60,300–450,"Rice, Wheat, Maize, Sugarcane, Pulses","DAP, Compost, NPK, Urea, Biofertilizer",maize,"Wheat, Mustard, Barley, Peas, Gram",Winter,28.07,44,haze,280.0,450.0,40.0,60.0,300.0,450.0,6.5,7.5
train,Alluvial soil,C:\Users\Pranjal Yallurkar\OneDrive\Desktop\PROJECT\Final\soil_photos-20251020T144319Z-1-001\soil_photos\train\Alluvial soil\Alluvial-Soil..png,Reddish,6.5–7.5,25–35,60–80,280–450,40–60,300–450,"Rice, Wheat, Maize, Sugarcane, Pulses","DAP, Compost, NPK, Urea, Biofertilizer",maize,"Wheat, Mustard, Barley, Peas, Gram",Winter,28.07,44,haze,280.0,450.0,40.0,60.0,300.0,450.0,6.5,7.5
train,Alluvial soil,C:\Users\Pranjal Yallurkar\OneDrive\Desktop\PROJECT\Final\soil_photos-20251020T144319Z-1-001\soil_photos\train\Alluvial soil\alluvial-soils-ricker-2primefarmland-1200x675-1.jpg,Reddish,6.5–7.5,25–35,60–80,280–450,40–60,300–450,"Rice, Wheat, Maize, Sugarcane, Pulses","DAP, Compost, NPK, Urea, Biofertilizer",maize,"Wheat, Mustard, Barley, Peas, Gram",Winter,28.07,44,haze,280.0,450.0,40.0,60.0,300.0,450.0,6.5,7.5
train,Alluvial soil,C:\Users\Pranjal Yallurkar\OneDrive\Desktop\PROJECT\Final\soil_photos-20251020T144319Z-1-001\soil_photos\train\Alluvial soil\Alluvial_1.jpg,Reddish,6.5–7.5,25–35,60–80,280–450,40–60,300–450,"Rice, Wheat, Maize, Sugarcane, Pulses","DAP, Compost, NPK, Urea, Biofertilizer",maize,"Wheat, Mustard, Barley, Peas, Gram",Winter,28.07,44,haze,280.0,450.0,40.0,60.0,300.0,450.0,6.5,7.5
train,Alluvial soil,C:\Users\Pranjal Yallurkar\OneDrive\Desktop\PROJECT\Final\soil_photos-20251020T144319Z-1-001\soil_photos\train\Alluvial soil\Alluvial_10.jpg,Reddish,6.5–7.5,25–35,60–80,280–450,40–60,300–450,"Rice, Wheat, Maize, Sugarcane, Pulses","DAP, Compost, NPK, Urea, Biofertilizer",maize,"Wheat, Mustard, Barley, Peas, Gram",Winter,28.07,44,haze,280.0,450.0,40.0,60.0,300.0,450.0,6.5,7.5
train,Alluvial soil,C:\Users\Pranjal Yallurkar\OneDrive\Desktop\PROJECT\Final\soil_photos-20251020T144319Z-1-001\soil_photos\train\Alluvial soil\Alluvial_11.jpg,Reddish,6.5–7.5,25–35,60–80,280–450,40–60,300–450,"Rice, Wheat, Maize, Sugarcane, Pulses","DAP, Compost, NPK, Urea, Biofertilizer",maize,"Wheat, Mustard, Barley, Peas, Gram",Winter,28.07,44,haze,280.0,450.0,40.0,60.0,300.0,450.0,6.5,7.5
train,Alluvial soil,C:\Users\Pranjal Yallurkar\OneDrive\Desktop\PROJECT\Final\soil_photos-20251020T144319Z-1-001\soil_photos\train\Alluvial soil\Alluvial_12 - Copy.jpg,Reddish,6.5–7.5,25–35,60–80,280–450,40–60,300–450,"Rice, Wheat, Maize, Sugarcane, Pulses","DAP, Compost, NPK, Urea, Biofertilizer",maize,"Wheat, Mustard, Barley, Peas, Gram",Winter,28.07,44,haze,280.0,450.0,40.0,60.0,300.0,450.0,6.5,7.5
train,Alluvial soil,C:\Users\Pranjal Yallurkar\OneDrive\Desktop\PROJECT\Final\soil_photos-20251020T144319Z-1-001\soil_photos\train\Alluvial soil\Alluvial_12.jpg,Reddish,6.5–7.5,25–35,60–80,280–450,40–60,300–450,"Rice, Wheat, Maize, Sugarcane, Pulses","DAP, Compost, NPK, Urea, Biofertilizer",maize,"Wheat, Mustard, Barley, Peas, Gram",Winter,28.07,44,haze,280.0,450.0,40.0,60.0,300.0,450.0,6.5,7.5
train,Alluvial soil,C:\Users\Pranjal Yallurkar\OneDrive\Desktop\PROJECT\Final\soil_photos-20251020T144319Z-1-001\soil_photos\train\Alluvial soil\Alluvial_13.jpg,Reddish,6.5–7.5,25–35,60–80,280–450,40–60,300–450,"Rice, Wheat, Maize, Sugarcane, Pulses","DAP, Compost, NPK, Urea, Biofertilizer",maize,"Wheat, Mustard, Barley, Peas, Gram",Winter,28.07,44,haze,280.0,450.0,40.0,60.0,300.0,450.0,6.5,7.5
train,Alluvial soil,C:\Users\Pranjal Yallurkar\OneDrive\Desktop\PROJECT\Final\soil_photos-20251020T144319Z-1-001\soil_photos\train\Alluvial soil\Alluvial_14.jpg,Reddish,6.5–7.5,25–35,60–80,280–450,40–60,300–450,"Rice, Wheat, Maize, Sugarcane, Pulses","DAP, Compost, NPK, Urea, Biofertilizer",maize,"Wheat, Mustard, Barley, Peas, Gram",Winter,28.07,44,haze,280.0,450.0,40.0,60.0,300.0,450.0,6.5,7.5
train,Alluvial soil,C:\Users\Pranjal Yallurkar\OneDrive\Desktop\PROJECT\Final\soil_photos-20251020T144319Z-1-001\soil_photos\train\Alluvial soil\Alluvial_15.jpg,Reddish,6.5–7.5,25–35,60–80,280–450,40–60,300–450,"Rice, Wheat, Maize, Sugarcane, Pulses","DAP, Compost, NPK, Urea, Biofertilizer",maize,"Wheat, Mustard, Barley, Peas, Gram",Winter,28.07,44,haze,280.0,450.0,40.0,60.0,300.0,450.0,6.5,7.5
train,Alluvial soil,C:\Users\Pranjal Yallurkar\OneDrive\Desktop\PROJECT\Final\soil_photos-20251020T144319Z-1-001\soil_photos\train\Alluvial soil\Alluvial_16 - Copy.jpg,Reddish,6.5–7.5,25–35,60–80,280–450,40–60,300–450,"Rice, Wheat, Maize, Sugarcane, Pulses","DAP, Compost, NPK, Urea, Biofertilizer",maize,"Wheat, Mustard, Barley, Peas, Gram",Winter,28.07,44,haze,280.0,450.0,40.0,60.0,300.0,450.0,6.5,7.5
train,Alluvial soil,C:\Users\Pranjal Yallurkar\OneDrive\Desktop\PROJECT\Final\soil_photos-20251020T144319Z-1-001\soil_photos\train\Alluvial soil\Alluvial_16.jpg,Reddish,6.5–7.5,25–35,60–80,280–450,40–60,300–450,"Rice, Wheat, Maize, Sugarcane, Pulses","DAP, Compost, NPK, Urea, Biofertilizer",maize,"Wheat, Mustard, Barley, Peas, Gram",Winter,28.07,44,haze,280.0,450.0,40.0,60.0,300.0,450.0,6.5,7.5
train,Alluvial soil,C:\Users\Pranjal Yallurkar\OneDrive\Desktop\PROJECT\Final\soil_photos-20251020T144319Z-1-001\soil_photos\train\Alluvial soil\Alluvial_17.jpg,Reddish,6.5–7.5,25–35,60–80,280–450,40–60,300–450,"Rice, Wheat, Maize, Sugarcane, Pulses","DAP, Compost, NPK, Urea, Biofertilizer",maize,"Wheat, Mustard, Barley, Peas, Gram",Winter,28.07,44,haze,280.0,450.0,40.0,60.0,300.0,450.0,6.5,7.5
train,Alluvial soil,C:\Users\Pranjal Yallurkar\OneDrive\Desktop\PROJECT\Final\soil_photos-20251020T144319Z-1-001\soil_photos\train\Alluvial soil\Alluvial_18 - Copy.jpg,Reddish,6.5–7.5,25–35,60–80,280–450,40–60,300–450,"Rice, Wheat, Maize, Sugarcane, Pulses","DAP, Compost, NPK, Urea, Biofertilizer",maize,"Wheat, Mustard, Barley, Peas, Gram",Winter,28.07,44,haze,280.0,450.0,40.0,60.0,300.0,450.0,6.5,7.5
train,Alluvial soil,C:\Users\Pranjal Yallurkar\OneDrive\Desktop\PROJECT\Final\soil_photos-20251020T144319Z-1-001\soil_photos\train\Alluvial soil\Alluvial_18.jpg,Reddish,6.5–7.5,25–35,60–80,280–450,40–60,300–450,"Rice, Wheat, Maize, Sugarcane, Pulses","DAP, Compost, NPK, Urea, Biofertilizer",maize,"Wheat, Mustard, Barley, Peas, Gram",Winter,28.07,44,haze,280.0,450.0,40.0,60.0,300.0,450.0,6.5,7.5
train,Alluvial soil,C:\Users\Pranjal Yallurkar\OneDrive\Desktop\PROJECT\Final\soil_photos-20251020T144319Z-1-001\soil_photos\train\Alluvial soil\Alluvial_19.jpg,Reddish,6.5–7.5,25–35,60–80,280–450,40–60,300–450,"Rice, Wheat, Maize, Sugarcane, Pulses","DAP, Compost, NPK, Urea, Biofertilizer",maize,"Wheat, Mustard, Barley, Peas, Gram",Winter,28.07,44,haze,280.0,450.0,40.0,60.0,300.0,450.0,6.5,7.5
train,Alluvial soil,C:\Users\Pranjal Yallurkar\OneDrive\Desktop\PROJECT\Final\soil_photos-20251020T144319Z-1-001\soil_photos\train\Alluvial soil\Alluvial_2.jpg,Reddish,6.5–7.5,25–35,60–80,280–450,40–60,300–450,"Rice, Wheat, Maize, Sugarcane, Pulses","DAP, Compost, NPK, Urea, Biofertilizer",maize,"Wheat, Mustard, Barley, Peas, Gram",Winter,28.07,44,haze,280.0,450.0,40.0,60.0,300.0,450.0,6.5,7.5
train,Alluvial soil,C:\Users\Pranjal Yallurkar\OneDrive\Desktop\PROJECT\Final\soil_photos-20251020T144319Z-1-001\soil_photos\train\Alluvial soil\Alluvial_20.jpg,Reddish,6.5–7.5,25–35,60–80,280–450,40–60,300–450,"Rice, Wheat, Maize, Sugarcane, Pulses","DAP, Compost, NPK, Urea, Biofertilizer",maize,"Wheat, Mustard, Barley, Peas, Gram",Winter,28.07,44,haze,280.0,450.0,40.0,60.0,300.0,450.0,6.5,7.5
train,Alluvial soil,C:\Users\Pranjal Yallurkar\OneDrive\Desktop\PROJECT\Final\soil_photos-20251020T144319Z-1-001\soil_photos\train\Alluvial soil\Alluvial_21.jpg,Brownish,6.5–7.5,25–35,60–80,280–450,40–60,300–450,"Rice, Wheat, Maize, Sugarcane, Pulses","DAP, Compost, NPK, Urea, Vermicompost",maize,"Wheat, Mustard, Barley, Peas, Gram",Winter,28.07,44,haze,280.0,450.0,40.0,60.0,300.0,450.0,6.5,7.5
train,Alluvial soil,C:\Users\Pranjal Yallurkar\OneDrive\Desktop\PROJECT\Final\soil_photos-20251020T144319Z-1-001\soil_photos\train\Alluvial soil\Alluvial_22.jpg,Brownish,6.5–7.5,25–35,60–80,280–450,40–60,300–450,"Rice, Wheat, Maize, Sugarcane, Pulses","DAP, Compost, NPK, Urea, Vermicompost",maize,"Wheat, Mustard, Barley, Peas, Gram",Winter,28.07,44,haze,280.0,450.0,40.0,60.0,300.0,450.0,6.5,7.5
train,Alluvial soil,C:\Users\Pranjal Yallurkar\OneDrive\Desktop\PROJECT\Final\soil_photos-20251020T144319Z-1-001\soil_photos\train\Alluvial soil\Alluvial_23.jpg,Reddish,6.5–7.5,25–35,60–80,280–450,40–60,300–450,"Rice, Wheat, Maize, Sugarcane, Pulses","DAP, Compost, NPK, Urea, Biofertilizer",maize,"Wheat, Mustard, Barley, Peas, Gram",Winter,28.07,44,haze,280.0,450.0,40.0,60.0,300.0,450.0,6.5,7.5
train,Alluvial soil,C:\Users\Pranjal Yallurkar\OneDrive\Desktop\PROJECT\Final\soil_photos-20251020T144319Z-1-001\soil_photos\train\Alluvial soil\Alluvial_24.jpg,Reddish,6.5–7.5,25–35,60–80,280–450,40–60,300–450,"Rice, Wheat, Maize, Sugarcane, Pulses","DAP, Compost, NPK, Urea, Biofertilizer",maize,"Wheat, Mustard, Barley, Peas, Gram",Winter,28.07,44,haze,280.0,450.0,40.0,60.0,300.0,450.0,6.5,7.5
train,Alluvial soil,C:\Users\Pranjal Yallurkar\OneDrive\Desktop\PROJECT\Final\soil_photos-20251020T144319Z-1-001\soil_photos\train\Alluvial soil\Alluvial_25.jpg,Reddish,6.5–7.5,25–35,60–80,280–450,40–60,300–450,"Rice, Wheat, Maize, Sugarcane, Pulses","DAP, Compost, NPK, Urea, Biofertilizer",maize,"Wheat, Mustard, Barley, Peas, Gram",Winter,28.07,44,haze,280.0,450.0,40.0,60.0,300.0,450.0,6.5,7.5
train,Alluvial soil,C:\Users\Pranjal Yallurkar\OneDrive\Desktop\PROJECT\Final\soil_photos-20251020T144319Z-1-001\soil_photos\train\Alluvial soil\Alluvial_26.jpg,Reddish,6.5–7.5,25–35,60–80,280–450,40–60,300–450,"Rice, Wheat, Maize, Sugarcane, Pulses","DAP, Compost, NPK, Urea, Biofertilizer",maize,"Wheat, Mustard, Barley, Peas, Gram",Winter,28.07,44,haze,280.0,450.0,40.0,60.0,300.0,450.0,6.5,7.5
train,Alluvial soil,C:\Users\Pranjal Yallurkar\OneDrive\Desktop\PROJECT\Final\soil_photos-20251020T144319Z-1-001\soil_photos\train\Alluvial soil\Alluvial_27.jpg,Reddish,6.5–7.5,25–35,60–80,280–450,40–60,300–450,"Rice, Wheat, Maize, Sugarcane, Pulses","DAP, Compost, NPK, Urea, Biofertilizer",maize,"Wheat, Mustard, Barley, Peas, Gram",Winter,28.07,44,haze,280.0,450.0,40.0,60.0,300.0,450.0,6.5,7.5
train,Alluvial soil,C:\Users\Pranjal Yallurkar\OneDrive\Desktop\PROJECT\Final\soil_photos-20251020T144319Z-1-001\soil_photos\train\Alluvial soil\Alluvial_28.jpg,Reddish,6.5–7.5,25–35,60–80,280–450,40–60,300–450,"Rice, Wheat, Maize, Sugarcane, Pulses","DAP, Compost, NPK, Urea, Biofertilizer",maize,"Wheat, Mustard, Barley, Peas, Gram",Winter,28.07,44,haze,280.0,450.0,40.0,60.0,300.0,450.0,6.5,7.5
train,Alluvial soil,C:\Users\Pranjal Yallurkar\OneDrive\Desktop\PROJECT\Final\soil_photos-20251020T144319Z-1-001\soil_photos\train\Alluvial soil\Alluvial_29.jpg,Reddish,6.5–7.5,25–35,60–80,280–450,40–60,300–450,"Rice, Wheat, Maize, Sugarcane, Pulses","DAP, Compost, NPK, Urea, Biofertilizer",maize,"Wheat, Mustard, Barley, Peas, Gram",Winter,28.07,44,haze,280.0,450.0,40.0,60.0,300.0,450.0,6.5,7.5
train,Alluvial soil,C:\Users\Pranjal Yallurkar\OneDrive\Desktop\PROJECT\Final\soil_photos-20251020T144319Z-1-001\soil_photos\train\Alluvial soil\Alluvial_3.jpg,Reddish,6.5–7.5,25–35,60–80,280–450,40–60,300–450,"Rice, Wheat, Maize, Sugarcane, Pulses","DAP, Compost, NPK, Urea, Biofertilizer",maize,"Wheat, Mustard, Barley, Peas, Gram",Winter,28.07,44,haze,280.0,450.0,40.0,60.0,300.0,450.0,6.5,7.5
train,Alluvial soil,C:\Users\Pranjal Yallurkar\OneDrive\Desktop\PROJECT\Final\soil_photos-20251020T144319Z-1-001\soil_photos\train\Alluvial soil\Alluvial_30.jpg,Reddish,6.5–7.5,25–35,60–80,280–450,40–60,300–450,"Rice, Wheat, Maize, Sugarcane, Pulses","DAP, Compost, NPK, Urea, Biofertilizer",maize,"Wheat, Mustard, Barley, Peas, Gram",Winter,28.07,44,haze,280.0,450.0,40.0,60.0,300.0,450.0,6.5,7.5
train,Alluvial soil,C:\Users\Pranjal Yallurkar\OneDrive\Desktop\PROJECT\Final\soil_photos-20251020T144319Z-1-001\soil_photos\train\Alluvial soil\Alluvial_31.jpg,Reddish,6.5–7.5,25–35,60–80,280–450,40–60,300–450,"Rice, Wheat, Maize, Sugarcane, Pulses","DAP, Compost, NPK, Urea, Biofertilizer",maize,"Wheat, Mustard, Barley, Peas, Gram",Winter,28.07,44,haze,280.0,450.0,40.0,60.0,300.0,450.0,6.5,7.5
train,Alluvial soil,C:\Users\Pranjal Yallurkar\OneDrive\Desktop\PROJECT\Final\soil_photos-20251020T144319Z-1-001\soil_photos\train\Alluvial soil\Alluvial_32.jpg,Reddish,6.5–7.5,25–35,60–80,280–450,40–60,300–450,"Rice, Wheat, Maize, Sugarcane, Pulses","DAP, Compost, NPK, Urea, Biofertilizer",maize,"Wheat, Mustard, Barley, Peas, Gram",Winter,28.07,44,haze,280.0,450.0,40.0,60.0,300.0,450.0,6.5,7.5
train,Alluvial soil,C:\Users\Pranjal Yallurkar\OneDrive\Desktop\PROJECT\Final\soil_photos-20251020T144319Z-1-001\soil_photos\train\Alluvial soil\Alluvial_33.jpg,Reddish,6.5–7.5,25–35,60–80,280–450,40–60,300–450,"Rice, Wheat, Maize, Sugarcane, Pulses","DAP, Compost, NPK, Urea, Biofertilizer",maize,"Wheat, Mustard, Barley, Peas, Gram",Winter,28.07,44,haze,280.0,450.0,40.0,60.0,300.0,450.0,6.5,7.5
train,Alluvial soil,C:\Users\Pranjal Yallurkar\OneDrive\Desktop\PROJECT\Final\soil_photos-20251020T144319Z-1-001\soil_photos\train\Alluvial soil\Alluvial_34 - Copy.jpg,Reddish,6.5–7.5,25–35,60–80,280–450,40–60,300–450,"Rice, Wheat, Maize, Sugarcane, Pulses","DAP, Compost, NPK, Urea, Biofertilizer",maize,"Wheat, Mustard, Barley, Peas, Gram",Winter,28.07,44,haze,280.0,450.0,40.0,60.0,300.0,450.0,6.5,7.5
train,Alluvial soil,C:\Users\Pranjal Yallurkar\OneDrive\Desktop\PROJECT\Final\soil_photos-20251020T144319Z-1-001\soil_photos\train\Alluvial soil\Alluvial_34.jpg,Reddish,6.5–7.5,25–35,60–80,280–450,40–60,300–450,"Rice, Wheat, Maize, Sugarcane, Pulses","DAP, Compost, NPK, Urea, Biofertilizer",maize,"Wheat, Mustard, Barley, Peas, Gram",Winter,28.07,44,haze,280.0,450.0,40.0,60.0,300.0,450.0,6.5,7.5
train,Alluvial soil,C:\Users\Pranjal Yallurkar\OneDrive\Desktop\PROJECT\Final\soil_photos-20251020T144319Z-1-001\soil_photos\train\Alluvial soil\Alluvial_35 - Copy.jpg,Reddish,6.5–7.5,25–35,60–80,280–450,40–60,300–450,"Rice, Wheat, Maize, Sugarcane, Pulses","DAP, Compost, NPK, Urea, Biofertilizer",maize,"Wheat, Mustard, Barley, Peas, Gram",Winter,28.07,44,haze,280.0,450.0,40.0,60.0,300.0,450.0,6.5,7.5
train,Alluvial soil,C:\Users\Pranjal Yallurkar\OneDrive\Desktop\PROJECT\Final\soil_photos-20251020T144319Z-1-001\soil_photos\train\Alluvial soil\Alluvial_35.jpg,Reddish,6.5–7.5,25–35,60–80,280–450,40–60,300–450,"Rice, Wheat, Maize, Sugarcane, Pulses","DAP, Compost, NPK, Urea, Biofertilizer",maize,"Wheat, Mustard, Barley, Peas, Gram",Winter,28.07,44,haze,280.0,450.0,40.0,60.0,300.0,450.0,6.5,7.5
train,Alluvial soil,C:\Users\Pranjal Yallurkar\OneDrive\Desktop\PROJECT\Final\soil_photos-20251020T144319Z-1-001\soil_photos\train\Alluvial soil\Alluvial_36.jpg,Reddish,6.5–7.5,25–35,60–80,280–450,40–60,300–450,"Rice, Wheat, Maize, Sugarcane, Pulses","DAP, Compost, NPK, Urea, Biofertilizer",maize,"Wheat, Mustard, Barley, Peas, Gram",Winter,28.07,44,haze,280.0,450.0,40.0,60.0,300.0,450.0,6.5,7.5
train,Alluvial soil,C:\Users\Pranjal Yallurkar\OneDrive\Desktop\PROJECT\Final\soil_photos-20251020T144319Z-1-001\soil_photos\train\Alluvial soil\Alluvial_37.jpg,Reddish,6.5–7.5,25–35,60–80,280–450,40–60,300–450,"Rice, Wheat, Maize, Sugarcane, Pulses","DAP, Compost, NPK, Urea, Biofertilizer",maize,"Wheat, Mustard, Barley, Peas, Gram",Winter,28.07,44,haze,280.0,450.0,40.0,60.0,300.0,450.0,6.5,7.5
train,Alluvial soil,C:\Users\Pranjal Yallurkar\OneDrive\Desktop\PROJECT\Final\soil_photos-20251020T144319Z-1-001\soil_photos\train\Alluvial soil\Alluvial_38 - Copy.jpg,Reddish,6.5–7.5,25–35,60–80,280–450,40–60,300–450,"Rice, Wheat, Maize, Sugarcane, Pulses","DAP, Compost, NPK, Urea, Biofertilizer",maize,"Wheat, Mustard, Barley, Peas, Gram",Winter,28.07,44,haze,280.0,450.0,40.0,60.0,300.0,450.0,6.5,7.5
train,Alluvial soil,C:\Users\Pranjal Yallurkar\OneDrive\Desktop\PROJECT\Final\soil_photos-20251020T144319Z-1-001\soil_photos\train\Alluvial soil\Alluvial_38.jpg,Reddish,6.5–7.5,25–35,60–80,280–450,40–60,300–450,"Rice, Wheat, Maize, Sugarcane, Pulses","DAP, Compost, NPK, Urea, Biofertilizer",maize,"Wheat, Mustard, Barley, Peas, Gram",Winter,28.07,44,haze,280.0,450.0,40.0,60.0,300.0,450.0,6.5,7.5
train,Alluvial soil,C:\Users\Pranjal Yallurkar\OneDrive\Desktop\PROJECT\Final\soil_photos-20251020T144319Z-1-001\soil_photos\train\Alluvial soil\Alluvial_39.jpg,Reddish,6.5–7.5,25–35,60–80,280–450,40–60,300–450,"Rice, Wheat, Maize, Sugarcane, Pulses","DAP, Compost, NPK, Urea, Biofertilizer",maize,"Wheat, Mustard, Barley, Peas, Gram",Winter,28.07,44,haze,280.0,450.0,40.0,60.0,300.0,450.0,6.5,7.5
train,Alluvial soil,C:\Users\Pranjal Yallurkar\OneDrive\Desktop\PROJECT\Final\soil_photos-20251020T144319Z-1-001\soil_photos\train\Alluvial soil\Alluvial_4.jpg,Reddish,6.5–7.5,25–35,60–80,280–450,40–60,300–450,"Rice, Wheat, Maize, Sugarcane, Pulses","DAP, Compost, NPK, Urea, Biofertilizer",maize,"Wheat, Mustard, Barley, Peas, Gram",Winter,28.07,44,haze,280.0,450.0,40.0,60.0,300.0,450.0,6.5,7.5
train,Alluvial soil,C:\Users\Pranjal Yallurkar\OneDrive\Desktop\PROJECT\Final\soil_photos-20251020T144319Z-1-001\soil_photos\train\Alluvial soil\Alluvial_40.jpg,Reddish,6.5–7.5,25–35,60–80,280–450,40–60,300–450,"Rice, Wheat, Maize, Sugarcane, Pulses","DAP, Compost, NPK, Urea, Biofertilizer",maize,"Wheat, Mustard, Barley, Peas, Gram",Winter,28.07,44,haze,280.0,450.0,40.0,60.0,300.0,450.0,6.5,7.5
train,Alluvial soil,C:\Users\Pranjal Yallurkar\OneDrive\Desktop\PROJECT\Final\soil_photos-20251020T144319Z-1-001\soil_photos\train\Alluvial soil\Alluvial_41.jpg,Reddish,6.5–7.5,25–35,60–80,280–450,40–60,300–450,"Rice, Wheat, Maize, Sugarcane, Pulses","DAP, Compost, NPK, Urea, Biofertilizer",maize,"Wheat, Mustard, Barley, Peas, Gram",Winter,28.07,44,haze,280.0,450.0,40.0,60.0,300.0,450.0,6.5,7.5
train,Alluvial soil,C:\Users\Pranjal Yallurkar\OneDrive\Desktop\PROJECT\Final\soil_photos-20251020T144319Z-1-001\soil_photos\train\Alluvial soil\Alluvial_42.jpg,Reddish,6.5–7.5,25–35,60–80,280–450,40–60,300–450,"Rice, Wheat, Maize, Sugarcane, Pulses","DAP, Compost, NPK, Urea, Biofertilizer",maize,"Wheat, Mustard, Barley, Peas, Gram",Winter,28.07,44,haze,280.0,450.0,40.0,60.0,300.0,450.0,6.5,7.5
train,Alluvial soil,C:\Users\Pranjal Yallurkar\OneDrive\Desktop\PROJECT\Final\soil_photos-20251020T144319Z-1-001\soil_photos\train\Alluvial soil\Alluvial_43.jpg,Reddish,6.5–7.5,25–35,60–80,280–450,40–60,300–450,"Rice, Wheat, Maize, Sugarcane, Pulses","DAP, Compost, NPK, Urea, Biofertilizer",maize,"Wheat, Mustard, Barley, Peas, Gram",Winter,28.07,44,haze,280.0,450.0,40.0,60.0,300.0,450.0,6.5,7.5
train,Alluvial soil,C:\Users\Pranjal Yallurkar\OneDrive\Desktop\PROJECT\Final\soil_photos-20251020T144319Z-1-001\soil_photos\train\Alluvial soil\Alluvial_44.jpg,Reddish,6.5–7.5,25–35,60–80,280–450,40–60,300–450,"Rice, Wheat, Maize, Sugarcane, Pulses","DAP, Compost, NPK, Urea, Biofertilizer",maize,"Wheat, Mustard, Barley, Peas, Gram",Winter,28.07,44,haze,280.0,450.0,40.0,60.0,300.0,450.0,6.5,7.5
train,Alluvial soil,C:\Users\Pranjal Yallurkar\OneDrive\Desktop\PROJECT\Final\soil_photos-20251020T144319Z-1-001\soil_photos\train\Alluvial soil\Alluvial_45.jpg,Reddish,6.5–7.5,25–35,60–80,280–450,40–60,300–450,"Rice, Wheat, Maize, Sugarcane, Pulses","DAP, Compost, NPK, Urea, Biofertilizer",maize,"Wheat, Mustard, Barley, Peas, Gram",Winter,28.07,44,haze,280.0,450.0,40.0,60.0,300.0,450.0,6.5,7.5
train,Alluvial soil,C:\Users\Pranjal Yallurkar\OneDrive\Desktop\PROJECT\Final\soil_photos-20251020T144319Z-1-001\soil_photos\train\Alluvial soil\Alluvial_46.jpg,Reddish,6.5–7.5,25–35,60–80,280–450,40–60,300–450,"Rice, Wheat, Maize, Sugarcane, Pulses","DAP, Compost, NPK, Urea, Biofertilizer",maize,"Wheat, Mustard, Barley, Peas, Gram",Winter,28.07,44,haze,280.0,450.0,40.0,60.0,300.0,450.0,6.5,7.5
train,Alluvial soil,C:\Users\Pranjal Yallurkar\OneDrive\Desktop\PROJECT\Final\soil_photos-20251020T144319Z-1-001\soil_photos\train\Alluvial soil\Alluvial_47.jpg,Reddish,6.5–7.5,25–35,60–80,280–450,40–60,300–450,"Rice, Wheat, Maize, Sugarcane, Pulses","DAP, Compost, NPK, Urea, Biofertilizer",maize,"Wheat, Mustard, Barley, Peas, Gram",Winter,28.07,44,haze,280.0,450.0,40.0,60.0,300.0,450.0,6.5,7.5
train,Alluvial soil,C:\Users\Pranjal Yallurkar\OneDrive\Desktop\PROJECT\Final\soil_photos-20251020T144319Z-1-001\soil_photos\train\Alluvial soil\Alluvial_48.jpg,Reddish,6.5–7.5,25–35,60–80,280–450,40–60,300–450,"Rice, Wheat, Maize, Sugarcane, Pulses","DAP, Compost, NPK, Urea, Biofertilizer",maize,"Wheat, Mustard, Barley, Peas, Gram",Winter,28.07,44,haze,280.0,450.0,40.0,60.0,300.0,450.0,6.5,7.5
train,Alluvial soil,C:\Users\Pranjal Yallurkar\OneDrive\Desktop\PROJECT\Final\soil_photos-20251020T144319Z-1-001\soil_photos\train\Alluvial soil\Alluvial_5.jpg,Reddish,6.5–7.5,25–35,60–80,280–450,40–60,300–450,"Rice, Wheat, Maize, Sugarcane, Pulses","DAP, Compost, NPK, Urea, Biofertilizer",maize,"Wheat, Mustard, Barley, Peas, Gram",Winter,28.07,44,haze,280.0,450.0,40.0,60.0,300.0,450.0,6.5,7.5
train,Alluvial soil,C:\Users\Pranjal Yallurkar\OneDrive\Desktop\PROJECT\Final\soil_photos-20251020T144319Z-1-001\soil_photos\train\Alluvial soil\Alluvial_50.jpg,Reddish,6.5–7.5,25–35,60–80,280–450,40–60,300–450,"Rice, Wheat, Maize, Sugarcane, Pulses","DAP, Compost, NPK, Urea, Biofertilizer",maize,"Wheat, Mustard, Barley, Peas, Gram",Winter,28.07,44,haze,280.0,450.0,40.0,60.0,300.0,450.0,6.5,7.5
train,Alluvial soil,C:\Users\Pranjal Yallurkar\OneDrive\Desktop\PROJECT\Final\soil_photos-20251020T144319Z-1-001\soil_photos\train\Alluvial soil\Alluvial_53.jpg,Reddish,6.5–7.5,25–35,60–80,280–450,40–60,300–450,"Rice, Wheat, Maize, Sugarcane, Pulses","DAP, Compost, NPK, Urea, Biofertilizer",maize,"Wheat, Mustard, Barley, Peas, Gram",Winter,28.07,44,haze,280.0,450.0,40.0,60.0,300.0,450.0,6.5,7.5
train,Alluvial soil,C:\Users\Pranjal Yallurkar\OneDrive\Desktop\PROJECT\Final\soil_photos-20251020T144319Z-1-001\soil_photos\train\Alluvial soil\Alluvial_6 - Copy.jpg,Reddish,6.5–7.5,25–35,60–80,280–450,40–60,300–450,"Rice, Wheat, Maize, Sugarcane, Pulses","DAP, Compost, NPK, Urea, Biofertilizer",maize,"Wheat, Mustard, Barley, Peas, Gram",Winter,28.07,44,haze,280.0,450.0,40.0,60.0,300.0,450.0,6.5,7.5
train,Alluvial soil,C:\Users\Pranjal Yallurkar\OneDrive\Desktop\PROJECT\Final\soil_photos-20251020T144319Z-1-001\soil_photos\train\Alluvial soil\Alluvial_6.jpg,Reddish,6.5–7.5,25–35,60–80,280–450,40–60,300–450,"Rice, Wheat, Maize, Sugarcane, Pulses","DAP, Compost, NPK, Urea, Biofertilizer",maize,"Wheat, Mustard, Barley, Peas, Gram",Winter,28.07,44,haze,280.0,450.0,40.0,60.0,300.0,450.0,6.5,7.5
train,Alluvial soil,C:\Users\Pranjal Yallurkar\OneDrive\Desktop\PROJECT\Final\soil_photos-20251020T144319Z-1-001\soil_photos\train\Alluvial soil\Alluvial_7.jpg,Reddish,6.5–7.5,25–35,60–80,280–450,40–60,300–450,"Rice, Wheat, Maize, Sugarcane, Pulses","DAP, Compost, NPK, Urea, Biofertilizer",maize,"Wheat, Mustard, Barley, Peas, Gram",Winter,28.07,44,haze,280.0,450.0,40.0,60.0,300.0,450.0,6.5,7.5
train,Alluvial soil,C:\Users\Pranjal Yallurkar\OneDrive\Desktop\PROJECT\Final\soil_photos-20251020T144319Z-1-001\soil_photos\train\Alluvial soil\Alluvial_8.jpg,Reddish,6.5–7.5,25–35,60–80,280–450,40–60,300–450,"Rice, Wheat, Maize, Sugarcane, Pulses","DAP, Compost, NPK, Urea, Biofertilizer",maize,"Wheat, Mustard, Barley, Peas, Gram",Winter,28.07,44,haze,280.0,450.0,40.0,60.0,300.0,450.0,6.5,7.5
train,Alluvial soil,C:\Users\Pranjal Yallurkar\OneDrive\Desktop\PROJECT\Final\soil_photos-20251020T144319Z-1-001\soil_photos\train\Alluvial soil\Alluvial_9.jpg,Reddish,6.5–7.5,25–35,60–80,280–450,40–60,300–450,"Rice, Wheat, Maize, Sugarcane, Pulses","DAP, Compost, NPK, Urea, Biofertilizer",maize,"Wheat, Mustard, Barley, Peas, Gram",Winter,28.07,44,haze,280.0,450.0,40.0,60.0,300.0,450.0,6.5,7.5
train,Alluvial soil,C:\Users\Pranjal Yallurkar\OneDrive\Desktop\PROJECT\Final\soil_photos-20251020T144319Z-1-001\soil_photos\train\Alluvial soil\close-up-of-alluvial-soil-as-a-texturebackground-JCB3RY.jpg,Reddish,6.5–7.5,25–35,60–80,280–450,40–60,300–450,"Rice, Wheat, Maize, Sugarcane, Pulses","DAP, Compost, NPK, Urea, Biofertilizer",maize,"Wheat, Mustard, Barley, Peas, Gram",Winter,28.07,44,haze,280.0,450.0,40.0,60.0,300.0,450.0,6.5,7.5
train,Alluvial soil,C:\Users\Pranjal Yallurkar\OneDrive\Desktop\PROJECT\Final\soil_photos-20251020T144319Z-1-001\soil_photos\train\Alluvial soil\Copy of 01060602previewen-02b.jpg,Bluish,6.5–7.5,25–35,60–80,280–450,40–60,300–450,"Rice, Wheat, Maize, Sugarcane, Pulses","DAP, Compost, NPK, Urea, Ammonium Sulphate",maize,"Wheat, Mustard, Barley, Peas, Gram",Winter,28.07,44,haze,280.0,450.0,40.0,60.0,300.0,450.0,6.5,7.5
train,Alluvial soil,C:\Users\Pranjal Yallurkar\OneDrive\Desktop\PROJECT\Final\soil_photos-20251020T144319Z-1-001\soil_photos\train\Alluvial soil\Copy of 01060602previewen-02d.jpg,Reddish,6.5–7.5,25–35,60–80,280–450,40–60,300–450,"Rice, Wheat, Maize, Sugarcane, Pulses","DAP, Compost, NPK, Urea, Biofertilizer",maize,"Wheat, Mustard, Barley, Peas, Gram",Winter,28.07,44,haze,280.0,450.0,40.0,60.0,300.0,450.0,6.5,7.5
train,Alluvial soil,C:\Users\Pranjal Yallurkar\OneDrive\Desktop\PROJECT\Final\soil_photos-20251020T144319Z-1-001\soil_photos\train\Alluvial soil\Copy of 1000_F_240425429_YL91trtDxXQl8L0OKP7zyngeSb63olAC.jpg,Reddish,6.5–7.5,25–35,60–80,280–450,40–60,300–450,"Rice, Wheat, Maize, Sugarcane, Pulses","DAP, Compost, NPK, Urea, Biofertilizer",maize,"Wheat, Mustard, Barley, Peas, Gram",Winter,28.07,44,haze,280.0,450.0,40.0,60.0,300.0,450.0,6.5,7.5
train,Alluvial soil,C:\Users\Pranjal Yallurkar\OneDrive\Desktop\PROJECT\Final\soil_photos-20251020T144319Z-1-001\soil_photos\train\Alluvial soil\Copy of alluvial-diamond-layers-mining-site-western-cape-south-africa-G8CR87.jpg,Reddish,6.5–7.5,25–35,60–80,280–450,40–60,300–450,"Rice, Wheat, Maize, Sugarcane, Pulses","DAP, Compost, NPK, Urea, Biofertilizer",maize,"Wheat, Mustard, Barley, Peas, Gram",Winter,28.07,44,haze,280.0,450.0,40.0,60.0,300.0,450.0,6.5,7.5
train,Alluvial soil,C:\Users\Pranjal Yallurkar\OneDrive\Desktop\PROJECT\Final\soil_photos-20251020T144319Z-1-001\soil_photos\train\Alluvial soil\Copy of alluvial-soil-1kg-green-era-original-imag4r54hhybzhqc.jpeg,Reddish,6.5–7.5,25–35,60–80,280–450,40–60,300–450,"Rice, Wheat, Maize, Sugarcane, Pulses","DAP, Compost, NPK, Urea, Biofertilizer",maize,"Wheat, Mustard, Barley, Peas, Gram",Winter,28.07,44,haze,280.0,450.0,40.0,60.0,300.0,450.0,6.5,7.5
train,Alluvial soil,C:\Users\Pranjal Yallurkar\OneDrive\Desktop\PROJECT\Final\soil_photos-20251020T144319Z-1-001\soil_photos\train\Alluvial soil\Copy of alluvial-soil-1kg-green-era-original-imag4r54wbucymtp.jpeg,Reddish,6.5–7.5,25–35,60–80,280–450,40–60,300–450,"Rice, Wheat, Maize, Sugarcane, Pulses","DAP, Compost, NPK, Urea, Biofertilizer",maize,"Wheat, Mustard, Barley, Peas, Gram",Winter,28.07,44,haze,280.0,450.0,40.0,60.0,300.0,450.0,6.5,7.5
train,Alluvial soil,C:\Users\Pranjal Yallurkar\OneDrive\Desktop\PROJECT\Final\soil_photos-20251020T144319Z-1-001\soil_photos\train\Alluvial soil\Copy of Alluvial-soil-distribution-in-India-1.jpeg,Reddish,6.5–7.5,25–35,60–80,280–450,40–60,300–450,"Rice, Wheat, Maize, Sugarcane, Pulses","DAP, Compost, NPK, Urea, Biofertilizer",maize,"Wheat, Mustard, Barley, Peas, Gram",Winter,28.07,44,haze,280.0,450.0,40.0,60.0,300.0,450.0,6.5,7.5
train,Alluvial soil,C:\Users\Pranjal Yallurkar\OneDrive\Desktop\PROJECT\Final\soil_photos-20251020T144319Z-1-001\soil_photos\train\Alluvial soil\Copy of Alluvial-soil-distribution-in-India.jpg,Reddish,6.5–7.5,25–35,60–80,280–450,40–60,300–450,"Rice, Wheat, Maize, Sugarcane, Pulses","DAP, Compost, NPK, Urea, Biofertilizer",maize,"Wheat, Mustard, Barley, Peas, Gram",Winter,28.07,44,haze,280.0,450.0,40.0,60.0,300.0,450.0,6.5,7.5
train,Alluvial soil,C:\Users\Pranjal Yallurkar\OneDrive\Desktop\PROJECT\Final\soil_photos-20251020T144319Z-1-001\soil_photos\train\Alluvial soil\Copy of alluvial-soil-profile-agricultural-land-260nw-1867228486.jpg,Reddish,6.5–7.5,25–35,60–80,280–450,40–60,300–450,"Rice, Wheat, Maize, Sugarcane, Pulses","DAP, Compost, NPK, Urea, Biofertilizer",maize,"Wheat, Mustard, Barley, Peas, Gram",Winter,28.07,44,haze,280.0,450.0,40.0,60.0,300.0,450.0,6.5,7.5
train,Alluvial soil,C:\Users\Pranjal Yallurkar\OneDrive\Desktop\PROJECT\Final\soil_photos-20251020T144319Z-1-001\soil_photos\train\Alluvial soil\Copy of Alluvial-Soil..png,Reddish,6.5–7.5,25–35,60–80,280–450,40–60,300–450,"Rice, Wheat, Maize, Sugarcane, Pulses","DAP, Compost, NPK, Urea, Biofertilizer",maize,"Wheat, Mustard, Barley, Peas, Gram",Winter,28.07,44,haze,280.0,450.0,40.0,60.0,300.0,450.0,6.5,7.5
train,Alluvial soil,C:\Users\Pranjal Yallurkar\OneDrive\Desktop\PROJECT\Final\soil_photos-20251020T144319Z-1-001\soil_photos\train\Alluvial soil\Copy of alluvial-soils-ricker-2primefarmland-1200x675-1.jpg,Reddish,6.5–7.5,25–35,60–80,280–450,40–60,300–450,"Rice, Wheat, Maize, Sugarcane, Pulses","DAP, Compost, NPK, Urea, Biofertilizer",maize,"Wheat, Mustard, Barley, Peas, Gram",Winter,28.07,44,haze,280.0,450.0,40.0,60.0,300.0,450.0,6.5,7.5
train,Alluvial soil,C:\Users\Pranjal Yallurkar\OneDrive\Desktop\PROJECT\Final\soil_photos-20251020T144319Z-1-001\soil_photos\train\Alluvial soil\Copy of close-up-of-alluvial-soil-as-a-texturebackground-JCB3RY.jpg,Reddish,6.5–7.5,25–35,60–80,280–450,40–60,300–450,"Rice, Wheat, Maize, Sugarcane, Pulses","DAP, Compost, NPK, Urea, Biofertilizer",maize,"Wheat, Mustard, Barley, Peas, Gram",Winter,28.07,44,haze,280.0,450.0,40.0,60.0,300.0,450.0,6.5,7.5
train,Alluvial soil,C:\Users\Pranjal Yallurkar\OneDrive\Desktop\PROJECT\Final\soil_photos-20251020T144319Z-1-001\soil_photos\train\Alluvial soil\Copy of desktop_137249cc-6732-40b3-94e1-1381ad82c07f.jpg,Reddish,6.5–7.5,25–35,60–80,280–450,40–60,300–450,"Rice, Wheat, Maize, Sugarcane, Pulses","DAP, Compost, NPK, Urea, Biofertilizer",maize,"Wheat, Mustard, Barley, Peas, Gram",Winter,28.07,44,haze,280.0,450.0,40.0,60.0,300.0,450.0,6.5,7.5
train,Alluvial soil,C:\Users\Pranjal Yallurkar\OneDrive\Desktop\PROJECT\Final\soil_photos-20251020T144319Z-1-001\soil_photos\train\Alluvial soil\Copy of image (2).jpeg,Reddish,6.5–7.5,25–35,60–80,280–450,40–60,300–450,"Rice, Wheat, Maize, Sugarcane, Pulses","DAP, Compost, NPK, Urea, Biofertilizer",maize,"Wheat, Mustard, Barley, Peas, Gram",Winter,28.07,44,haze,280.0,450.0,40.0,60.0,300.0,450.0,6.5,7.5
train,Alluvial soil,C:\Users\Pranjal Yallurkar\OneDrive\Desktop\PROJECT\Final\soil_photos-20251020T144319Z-1-001\soil_photos\train\Alluvial soil\Copy of image14 (2).jpeg,Reddish,6.5–7.5,25–35,60–80,280–450,40–60,300–450,"Rice, Wheat, Maize, Sugarcane, Pulses","DAP, Compost, NPK, Urea, Biofertilizer",maize,"Wheat, Mustard, Barley, Peas, Gram",Winter,28.07,44,haze,280.0,450.0,40.0,60.0,300.0,450.0,6.5,7.5
train,Alluvial soil,C:\Users\Pranjal Yallurkar\OneDrive\Desktop\PROJECT\Final\soil_photos-20251020T144319Z-1-001\soil_photos\train\Alluvial soil\Copy of image14 (3).jpeg,Reddish,6.5–7.5,25–35,60–80,280–450,40–60,300–450,"Rice, Wheat, Maize, Sugarcane, Pulses","DAP, Compost, NPK, Urea, Biofertilizer",maize,"Wheat, Mustard, Barley, Peas, Gram",Winter,28.07,44,haze,280.0,450.0,40.0,60.0,300.0,450.0,6.5,7.5
train,Alluvial soil,C:\Users\Pranjal Yallurkar\OneDrive\Desktop\PROJECT\Final\soil_photos-20251020T144319Z-1-001\soil_photos\train\Alluvial soil\Copy of image15 (2).jpeg,Reddish,6.5–7.5,25–35,60–80,280–450,40–60,300–450,"Rice, Wheat, Maize, Sugarcane, Pulses","DAP, Compost, NPK, Urea, Biofertilizer",maize,"Wheat, Mustard, Barley, Peas, Gram",Winter,28.07,44,haze,280.0,450.0,40.0,60.0,300.0,450.0,6.5,7.5
train,Alluvial soil,C:\Users\Pranjal Yallurkar\OneDrive\Desktop\PROJECT\Final\soil_photos-20251020T144319Z-1-001\soil_photos\train\Alluvial soil\Copy of image16 (2).jpeg,Reddish,6.5–7.5,25–35,60–80,280–450,40–60,300–450,"Rice, Wheat, Maize, Sugarcane, Pulses","DAP, Compost, NPK, Urea, Biofertilizer",maize,"Wheat, Mustard, Barley, Peas, Gram",Winter,28.07,44,haze,280.0,450.0,40.0,60.0,300.0,450.0,6.5,7.5
train,Alluvial soil,C:\Users\Pranjal Yallurkar\OneDrive\Desktop\PROJECT\Final\soil_photos-20251020T144319Z-1-001\soil_photos\train\Alluvial soil\Copy of image16 (3).jpeg,Reddish,6.5–7.5,25–35,60–80,280–450,40–60,300–450,"Rice, Wheat, Maize, Sugarcane, Pulses","DAP, Compost, NPK, Urea, Biofertilizer",maize,"Wheat, Mustard, Barley, Peas, Gram",Winter,28.07,44,haze,280.0,450.0,40.0,60.0,300.0,450.0,6.5,7.5
train,Alluvial soil,C:\Users\Pranjal Yallurkar\OneDrive\Desktop\PROJECT\Final\soil_photos-20251020T144319Z-1-001\soil_photos\train\Alluvial soil\Copy of image17 (2).jpeg,Reddish,6.5–7.5,25–35,60–80,280–450,40–60,300–450,"Rice, Wheat, Maize, Sugarcane, Pulses","DAP, Compost, NPK, Urea, Biofertilizer",maize,"Wheat, Mustard, Barley, Peas, Gram",Winter,28.07,44,haze,280.0,450.0,40.0,60.0,300.0,450.0,6.5,7.5
train,Alluvial soil,C:\Users\Pranjal Yallurkar\OneDrive\Desktop\PROJECT\Final\soil_photos-20251020T144319Z-1-001\soil_photos\train\Alluvial soil\Copy of image18.jpeg,Reddish,6.5–7.5,25–35,60–80,280–450,40–60,300–450,"Rice, Wheat, Maize, Sugarcane, Pulses","DAP, Compost, NPK, Urea, Biofertilizer",maize,"Wheat, Mustard, Barley, Peas, Gram",Winter,28.07,44,haze,280.0,450.0,40.0,60.0,300.0,450.0,6.5,7.5
train,Alluvial soil,C:\Users\Pranjal Yallurkar\OneDrive\Desktop\PROJECT\Final\soil_photos-20251020T144319Z-1-001\soil_photos\train\Alluvial soil\Copy of image19 (2).jpeg,Reddish,6.5–7.5,25–35,60–80,280–450,40–60,300–450,"Rice, Wheat, Maize, Sugarcane, Pulses","DAP, Compost, NPK, Urea, Biofertilizer",maize,"Wheat, Mustard, Barley, Peas, Gram",Winter,28.07,44,haze,280.0,450.0,40.0,60.0,300.0,450.0,6.5,7.5
train,Alluvial soil,C:\Users\Pranjal Yallurkar\OneDrive\Desktop\PROJECT\Final\soil_photos-20251020T144319Z-1-001\soil_photos\train\Alluvial soil\Copy of image2 (2).jpeg,Reddish,6.5–7.5,25–35,60–80,280–450,40–60,300–450,"Rice, Wheat, Maize, Sugarcane, Pulses","DAP, Compost, NPK, Urea, Biofertilizer",maize,"Wheat, Mustard, Barley, Peas, Gram",Winter,28.07,44,haze,280.0,450.0,40.0,60.0,300.0,450.0,6.5,7.5
train,Alluvial soil,C:\Users\Pranjal Yallurkar\OneDrive\Desktop\PROJECT\Final\soil_photos-20251020T144319Z-1-001\soil_photos\train\Alluvial soil\Copy of image24 (2).jpeg,Reddish,6.5–7.5,25–35,60–80,280–450,40–60,300–450,"Rice, Wheat, Maize, Sugarcane, Pulses","DAP, Compost, NPK, Urea, Biofertilizer",maize,"Wheat, Mustard, Barley, Peas, Gram",Winter,28.07,44,haze,280.0,450.0,40.0,60.0,300.0,450.0,6.5,7.5
train,Alluvial soil,C:\Users\Pranjal Yallurkar\OneDrive\Desktop\PROJECT\Final\soil_photos-20251020T144319Z-1-001\soil_photos\train\Alluvial soil\Copy of image24 (3).jpeg,Reddish,6.5–7.5,25–35,60–80,280–450,40–60,300–450,"Rice, Wheat, Maize, Sugarcane, Pulses","DAP, Compost, NPK, Urea, Biofertilizer",maize,"Wheat, Mustard, Barley, Peas, Gram",Winter,28.07,44,haze,280.0,450.0,40.0,60.0,300.0,450.0,6.5,7.5
train,Alluvial soil,C:\Users\Pranjal Yallurkar\OneDrive\Desktop\PROJECT\Final\soil_photos-20251020T144319Z-1-001\soil_photos\train\Alluvial soil\Copy of image3 (2).jpeg,Reddish,6.5–7.5,25–35,60–80,280–450,40–60,300–450,"Rice, Wheat, Maize, Sugarcane, Pulses","DAP, Compost, NPK, Urea, Biofertilizer",maize,"Wheat, Mustard, Barley, Peas, Gram",Winter,28.07,44,haze,280.0,450.0,40.0,60.0,300.0,450.0,6.5,7.5
train,Alluvial soil,C:\Users\Pranjal Yallurkar\OneDrive\Desktop\PROJECT\Final\soil_photos-20251020T144319Z-1-001\soil_photos\train\Alluvial soil\Copy of image30 (2).jpeg,Reddish,6.5–7.5,25–35,60–80,280–450,40–60,300–450,"Rice, Wheat, Maize, Sugarcane, Pulses","DAP, Compost, NPK, Urea, Biofertilizer",maize,"Wheat, Mustard, Barley, Peas, Gram",Winter,28.07,44,haze,280.0,450.0,40.0,60.0,300.0,450.0,6.5,7.5
train,Alluvial soil,C:\Users\Pranjal Yallurkar\OneDrive\Desktop\PROJECT\Final\soil_photos-20251020T144319Z-1-001\soil_photos\train\Alluvial soil\Copy of image6 (2).jpeg,Reddish,6.5–7.5,25–35,60–80,280–450,40–60,300–450,"Rice, Wheat, Maize, Sugarcane, Pulses","DAP, Compost, NPK, Urea, Biofertilizer",maize,"Wheat, Mustard, Barley, Peas, Gram",Winter,28.07,44,haze,280.0,450.0,40.0,60.0,300.0,450.0,6.5,7.5
train,Alluvial soil,C:\Users\Pranjal Yallurkar\OneDrive\Desktop\PROJECT\Final\soil_photos-20251020T144319Z-1-001\soil_photos\train\Alluvial soil\Copy of image7 (2).jpeg,Reddish,6.5–7.5,25–35,60–80,280–450,40–60,300–450,"Rice, Wheat, Maize, Sugarcane, Pulses","DAP, Compost, NPK, Urea, Biofertilizer",maize,"Wheat, Mustard, Barley, Peas, Gram",Winter,28.07,44,haze,280.0,450.0,40.0,60.0,300.0,450.0,6.5,7.5
train,Alluvial soil,C:\Users\Pranjal Yallurkar\OneDrive\Desktop\PROJECT\Final\soil_photos-20251020T144319Z-1-001\soil_photos\train\Alluvial soil\Copy of image7.jpeg,Reddish,6.5–7.5,25–35,60–80,280–450,40–60,300–450,"Rice, Wheat, Maize, Sugarcane, Pulses","DAP, Compost, NPK, Urea, Biofertilizer",maize,"Wheat, Mustard, Barley, Peas, Gram",Winter,28.07,44,haze,280.0,450.0,40.0,60.0,300.0,450.0,6.5,7.5
train,Alluvial soil,C:\Users\Pranjal Yallurkar\OneDrive\Desktop\PROJECT\Final\soil_photos-20251020T144319Z-1-001\soil_photos\train\Alluvial soil\Copy of images105.jpg,Reddish,6.5–7.5,25–35,60–80,280–450,40–60,300–450,"Rice, Wheat, Maize, Sugarcane, Pulses","DAP, Compost, NPK, Urea, Biofertilizer",maize,"Wheat, Mustard, Barley, Peas, Gram",Winter,28.07,44,haze,280.0,450.0,40.0,60.0,300.0,450.0,6.5,7.5
train,Alluvial soil,C:\Users\Pranjal Yallurkar\OneDrive\Desktop\PROJECT\Final\soil_photos-20251020T144319Z-1-001\soil_photos\train\Alluvial soil\Copy of images19 (2).jpg,Reddish,6.5–7.5,25–35,60–80,280–450,40–60,300–450,"Rice, Wheat, Maize, Sugarcane, Pulses","DAP, Compost, NPK, Urea, Biofertilizer",maize,"Wheat, Mustard, Barley, Peas, Gram",Winter,28.07,44,haze,280.0,450.0,40.0,60.0,300.0,450.0,6.5,7.5
train,Alluvial soil,C:\Users\Pranjal Yallurkar\OneDrive\Desktop\PROJECT\Final\soil_photos-20251020T144319Z-1-001\soil_photos\train\Alluvial soil\Copy of images21.jpg,Reddish,6.5–7.5,25–35,60–80,280–450,40–60,300–450,"Rice, Wheat, Maize, Sugarcane, Pulses","DAP, Compost, NPK, Urea, Biofertilizer",maize,"Wheat, Mustard, Barley, Peas, Gram",Winter,28.07,44,haze,280.0,450.0,40.0,60.0,300.0,450.0,6.5,7.5
train,Alluvial soil,C:\Users\Pranjal Yallurkar\OneDrive\Desktop\PROJECT\Final\soil_photos-20251020T144319Z-1-001\soil_photos\train\Alluvial soil\Copy of images386.jpg,Reddish,6.5–7.5,25–35,60–80,280–450,40–60,300–450,"Rice, Wheat, Maize, Sugarcane, Pulses","DAP, Compost, NPK, Urea, Biofertilizer",maize,"Wheat, Mustard, Barley, Peas, Gram",Winter,28.07,44,haze,280.0,450.0,40.0,60.0,300.0,450.0,6.5,7.5
train,Alluvial soil,C:\Users\Pranjal Yallurkar\OneDrive\Desktop\PROJECT\Final\soil_photos-20251020T144319Z-1-001\soil_photos\train\Alluvial soil\Copy of images42.jpg,Reddish,6.5–7.5,25–35,60–80,280–450,40–60,300–450,"Rice, Wheat, Maize, Sugarcane, Pulses","DAP, Compost, NPK, Urea, Biofertilizer",maize,"Wheat, Mustard, Barley, Peas, Gram",Winter,28.07,44,haze,280.0,450.0,40.0,60.0,300.0,450.0,6.5,7.5
train,Alluvial soil,C:\Users\Pranjal Yallurkar\OneDrive\Desktop\PROJECT\Final\soil_photos-20251020T144319Z-1-001\soil_photos\train\Alluvial soil\Copy of images58.jpg,Reddish,6.5–7.5,25–35,60–80,280–450,40–60,300–450,"Rice, Wheat, Maize, Sugarcane, Pulses","DAP, Compost, NPK, Urea, Biofertilizer",maize,"Wheat, Mustard, Barley, Peas, Gram",Winter,28.07,44,haze,280.0,450.0,40.0,60.0,300.0,450.0,6.5,7.5
train,Alluvial soil,C:\Users\Pranjal Yallurkar\OneDrive\Desktop\PROJECT\Final\soil_photos-20251020T144319Z-1-001\soil_photos\train\Alluvial soil\Copy of images60.jpg,Reddish,6.5–7.5,25–35,60–80,280–450,40–60,300–450,"Rice, Wheat, Maize, Sugarcane, Pulses","DAP, Compost, NPK, Urea, Biofertilizer",maize,"Wheat, Mustard, Barley, Peas, Gram",Winter,28.07,44,haze,280.0,450.0,40.0,60.0,300.0,450.0,6.5,7.5
train,Alluvial soil,C:\Users\Pranjal Yallurkar\OneDrive\Desktop\PROJECT\Final\soil_photos-20251020T144319Z-1-001\soil_photos\train\Alluvial soil\Copy of images64.jpg,Reddish,6.5–7.5,25–35,60–80,280–450,40–60,300–450,"Rice, Wheat, Maize, Sugarcane, Pulses","DAP, Compost, NPK, Urea, Biofertilizer",maize,"Wheat, Mustard, Barley, Peas, Gram",Winter,28.07,44,haze,280.0,450.0,40.0,60.0,300.0,450.0,6.5,7.5
train,Alluvial soil,C:\Users\Pranjal Yallurkar\OneDrive\Desktop\PROJECT\Final\soil_photos-20251020T144319Z-1-001\soil_photos\train\Alluvial soil\Copy of images76 (2).jpg,Reddish,6.5–7.5,25–35,60–80,280–450,40–60,300–450,"Rice, Wheat, Maize, Sugarcane, Pulses","DAP, Compost, NPK, Urea, Biofertilizer",maize,"Wheat, Mustard, Barley, Peas, Gram",Winter,28.07,44,haze,280.0,450.0,40.0,60.0,300.0,450.0,6.5,7.5
train,Alluvial soil,C:\Users\Pranjal Yallurkar\OneDrive\Desktop\PROJECT\Final\soil_photos-20251020T144319Z-1-001\soil_photos\train\Alluvial soil\Copy of images77 (2).jpg,Reddish,6.5–7.5,25–35,60–80,280–450,40–60,300–450,"Rice, Wheat, Maize, Sugarcane, Pulses","DAP, Compost, NPK, Urea, Biofertilizer",maize,"Wheat, Mustard, Barley, Peas, Gram",Winter,28.07,44,haze,280.0,450.0,40.0,60.0,300.0,450.0,6.5,7.5
train,Alluvial soil,C:\Users\Pranjal Yallurkar\OneDrive\Desktop\PROJECT\Final\soil_photos-20251020T144319Z-1-001\soil_photos\train\Alluvial soil\Copy of images78 (2).jpg,Reddish,6.5–7.5,25–35,60–80,280–450,40–60,300–450,"Rice, Wheat, Maize, Sugarcane, Pulses","DAP, Compost, NPK, Urea, Biofertilizer",maize,"Wheat, Mustard, Barley, Peas, Gram",Winter,28.07,44,haze,280.0,450.0,40.0,60.0,300.0,450.0,6.5,7.5
train,Alluvial soil,C:\Users\Pranjal Yallurkar\OneDrive\Desktop\PROJECT\Final\soil_photos-20251020T144319Z-1-001\soil_photos\train\Alluvial soil\Copy of images81.jpg,Reddish,6.5–7.5,25–35,60–80,280–450,40–60,300–450,"Rice, Wheat, Maize, Sugarcane, Pulses","DAP, Compost, NPK, Urea, Biofertilizer",maize,"Wheat, Mustard, Barley, Peas, Gram",Winter,28.07,44,haze,280.0,450.0,40.0,60.0,300.0,450.0,6.5,7.5
train,Alluvial soil,C:\Users\Pranjal Yallurkar\OneDrive\Desktop\PROJECT\Final\soil_photos-20251020T144319Z-1-001\soil_photos\train\Alluvial soil\Copy of images84.jpg,Reddish,6.5–7.5,25–35,60–80,280–450,40–60,300–450,"Rice, Wheat, Maize, Sugarcane, Pulses","DAP, Compost, NPK, Urea, Biofertilizer",maize,"Wheat, Mustard, Barley, Peas, Gram",Winter,28.07,44,haze,280.0,450.0,40.0,60.0,300.0,450.0,6.5,7.5
train,Alluvial soil,C:\Users\Pranjal Yallurkar\OneDrive\Desktop\PROJECT\Final\soil_photos-20251020T144319Z-1-001\soil_photos\train\Alluvial soil\Copy of images86.jpg,Reddish,6.5–7.5,25–35,60–80,280–450,40–60,300–450,"Rice, Wheat, Maize, Sugarcane, Pulses","DAP, Compost, NPK, Urea, Biofertilizer",maize,"Wheat, Mustard, Barley, Peas, Gram",Winter,28.07,44,haze,280.0,450.0,40.0,60.0,300.0,450.0,6.5,7.5
train,Alluvial soil,C:\Users\Pranjal Yallurkar\OneDrive\Desktop\PROJECT\Final\soil_photos-20251020T144319Z-1-001\soil_photos\train\Alluvial soil\Copy of images93.jpg,Reddish,6.5–7.5,25–35,60–80,280–450,40–60,300–450,"Rice, Wheat, Maize, Sugarcane, Pulses","DAP, Compost, NPK, Urea, Biofertilizer",maize,"Wheat, Mustard, Barley, Peas, Gram",Winter,28.07,44,haze,280.0,450.0,40.0,60.0,300.0,450.0,6.5,7.5
train,Alluvial soil,C:\Users\Pranjal Yallurkar\OneDrive\Desktop\PROJECT\Final\soil_photos-20251020T144319Z-1-001\soil_photos\train\Alluvial soil\Copy of images96.jpg,Reddish,6.5–7.5,25–35,60–80,280–450,40–60,300–450,"Rice, Wheat, Maize, Sugarcane, Pulses","DAP, Compost, NPK, Urea, Biofertilizer",maize,"Wheat, Mustard, Barley, Peas, Gram",Winter,28.07,44,haze,280.0,450.0,40.0,60.0,300.0,450.0,6.5,7.5
train,Alluvial soil,C:\Users\Pranjal Yallurkar\OneDrive\Desktop\PROJECT\Final\soil_photos-20251020T144319Z-1-001\soil_photos\train\Alluvial soil\Copy of images97.jpg,Reddish,6.5–7.5,25–35,60–80,280–450,40–60,300–450,"Rice, Wheat, Maize, Sugarcane, Pulses","DAP, Compost, NPK, Urea, Biofertilizer",maize,"Wheat, Mustard, Barley, Peas, Gram",Winter,28.07,44,haze,280.0,450.0,40.0,60.0,300.0,450.0,6.5,7.5
train,Alluvial soil,C:\Users\Pranjal Yallurkar\OneDrive\Desktop\PROJECT\Final\soil_photos-20251020T144319Z-1-001\soil_photos\train\Alluvial soil\Copy of IMG-20220531-WA0017.jpg,Reddish,6.5–7.5,25–35,60–80,280–450,40–60,300–450,"Rice, Wheat, Maize, Sugarcane, Pulses","DAP, Compost, NPK, Urea, Biofertilizer",maize,"Wheat, Mustard, Barley, Peas, Gram",Winter,28.07,44,haze,280.0,450.0,40.0,60.0,300.0,450.0,6.5,7.5
train,Alluvial soil,C:\Users\Pranjal Yallurkar\OneDrive\Desktop\PROJECT\Final\soil_photos-20251020T144319Z-1-001\soil_photos\train\Alluvial soil\Copy of IMG-20220531-WA0018.jpg,Reddish,6.5–7.5,25–35,60–80,280–450,40–60,300–450,"Rice, Wheat, Maize, Sugarcane, Pulses","DAP, Compost, NPK, Urea, Biofertilizer",maize,"Wheat, Mustard, Barley, Peas, Gram",Winter,28.07,44,haze,280.0,450.0,40.0,60.0,300.0,450.0,6.5,7.5
train,Alluvial soil,C:\Users\Pranjal Yallurkar\OneDrive\Desktop\PROJECT\Final\soil_photos-20251020T144319Z-1-001\soil_photos\train\Alluvial soil\Copy of IMG-20220531-WA0019.jpg,Reddish,6.5–7.5,25–35,60–80,280–450,40–60,300–450,"Rice, Wheat, Maize, Sugarcane, Pulses","DAP, Compost, NPK, Urea, Biofertilizer",maize,"Wheat, Mustard, Barley, Peas, Gram",Winter,28.07,44,haze,280.0,450.0,40.0,60.0,300.0,450.0,6.5,7.5
train,Alluvial soil,C:\Users\Pranjal Yallurkar\OneDrive\Desktop\PROJECT\Final\soil_photos-20251020T144319Z-1-001\soil_photos\train\Alluvial soil\Copy of IMG-20220531-WA0020.jpg,Reddish,6.5–7.5,25–35,60–80,280–450,40–60,300–450,"Rice, Wheat, Maize, Sugarcane, Pulses","DAP, Compost, NPK, Urea, Biofertilizer",maize,"Wheat, Mustard, Barley, Peas, Gram",Winter,28.07,44,haze,280.0,450.0,40.0,60.0,300.0,450.0,6.5,7.5
train,Alluvial soil,C:\Users\Pranjal Yallurkar\OneDrive\Desktop\PROJECT\Final\soil_photos-20251020T144319Z-1-001\soil_photos\train\Alluvial soil\Copy of IMG-20220531-WA0021.jpg,Reddish,6.5–7.5,25–35,60–80,280–450,40–60,300–450,"Rice, Wheat, Maize, Sugarcane, Pulses","DAP, Compost, NPK, Urea, Biofertilizer",maize,"Wheat, Mustard, Barley, Peas, Gram",Winter,28.07,44,haze,280.0,450.0,40.0,60.0,300.0,450.0,6.5,7.5
train,Alluvial soil,C:\Users\Pranjal Yallurkar\OneDrive\Desktop\PROJECT\Final\soil_photos-20251020T144319Z-1-001\soil_photos\train\Alluvial soil\Copy of IMG-20220531-WA0022.jpg,Reddish,6.5–7.5,25–35,60–80,280–450,40–60,300–450,"Rice, Wheat, Maize, Sugarcane, Pulses","DAP, Compost, NPK, Urea, Biofertilizer",maize,"Wheat, Mustard, Barley, Peas, Gram",Winter,28.07,44,haze,280.0,450.0,40.0,60.0,300.0,450.0,6.5,7.5
train,Alluvial soil,C:\Users\Pranjal Yallurkar\OneDrive\Desktop\PROJECT\Final\soil_photos-20251020T144319Z-1-001\soil_photos\train\Alluvial soil\Copy of IMG-20220531-WA0023.jpg,Reddish,6.5–7.5,25–35,60–80,280–450,40–60,300–450,"Rice, Wheat, Maize, Sugarcane, Pulses","DAP, Compost, NPK, Urea, Biofertilizer",maize,"Wheat, Mustard, Barley, Peas, Gram",Winter,28.07,44,haze,280.0,450.0,40.0,60.0,300.0,450.0,6.5,7.5
train,Alluvial soil,C:\Users\Pranjal Yallurkar\OneDrive\Desktop\PROJECT\Final\soil_photos-20251020T144319Z-1-001\soil_photos\train\Alluvial soil\Copy of IMG-20220531-WA0024.jpg,Reddish,6.5–7.5,25–35,60–80,280–450,40–60,300–450,"Rice, Wheat, Maize, Sugarcane, Pulses","DAP, Compost, NPK, Urea, Biofertilizer",maize,"Wheat, Mustard, Barley, Peas, Gram",Winter,28.07,44,haze,280.0,450.0,40.0,60.0,300.0,450.0,6.5,7.5
train,Alluvial soil,C:\Users\Pranjal Yallurkar\OneDrive\Desktop\PROJECT\Final\soil_photos-20251020T144319Z-1-001\soil_photos\train\Alluvial soil\Copy of IMG-20220531-WA0025.jpg,Reddish,6.5–7.5,25–35,60–80,280–450,40–60,300–450,"Rice, Wheat, Maize, Sugarcane, Pulses","DAP, Compost, NPK, Urea, Biofertilizer",maize,"Wheat, Mustard, Barley, Peas, Gram",Winter,28.07,44,haze,280.0,450.0,40.0,60.0,300.0,450.0,6.5,7.5
train,Alluvial soil,C:\Users\Pranjal Yallurkar\OneDrive\Desktop\PROJECT\Final\soil_photos-20251020T144319Z-1-001\soil_photos\train\Alluvial soil\Copy of IMG-20220531-WA0026.jpg,Reddish,6.5–7.5,25–35,60–80,280–450,40–60,300–450,"Rice, Wheat, Maize, Sugarcane, Pulses","DAP, Compost, NPK, Urea, Biofertilizer",maize,"Wheat, Mustard, Barley, Peas, Gram",Winter,28.07,44,haze,280.0,450.0,40.0,60.0,300.0,450.0,6.5,7.5
train,Alluvial soil,C:\Users\Pranjal Yallurkar\OneDrive\Desktop\PROJECT\Final\soil_photos-20251020T144319Z-1-001\soil_photos\train\Alluvial soil\Copy of IMG-20220531-WA0027.jpg,Reddish,6.5–7.5,25–35,60–80,280–450,40–60,300–450,"Rice, Wheat, Maize, Sugarcane, Pulses","DAP, Compost, NPK, Urea, Biofertilizer",maize,"Wheat, Mustard, Barley, Peas, Gram",Winter,28.07,44,haze,280.0,450.0,40.0,60.0,300.0,450.0,6.5,7.5
train,Alluvial soil,C:\Users\Pranjal Yallurkar\OneDrive\Desktop\PROJECT\Final\soil_photos-20251020T144319Z-1-001\soil_photos\train\Alluvial soil\Copy of IMG-20220531-WA0028.jpg,Reddish,6.5–7.5,25–35,60–80,280–450,40–60,300–450,"Rice, Wheat, Maize, Sugarcane, Pulses","DAP, Compost, NPK, Urea, Biofertilizer",maize,"Wheat, Mustard, Barley, Peas, Gram",Winter,28.07,44,haze,280.0,450.0,40.0,60.0,300.0,450.0,6.5,7.5
train,Alluvial soil,C:\Users\Pranjal Yallurkar\OneDrive\Desktop\PROJECT\Final\soil_photos-20251020T144319Z-1-001\soil_photos\train\Alluvial soil\Copy of IMG-20220531-WA0029.jpg,Reddish,6.5–7.5,25–35,60–80,280–450,40–60,300–450,"Rice, Wheat, Maize, Sugarcane, Pulses","DAP, Compost, NPK, Urea, Biofertilizer",maize,"Wheat, Mustard, Barley, Peas, Gram",Winter,28.07,44,haze,280.0,450.0,40.0,60.0,300.0,450.0,6.5,7.5
train,Alluvial soil,C:\Users\Pranjal Yallurkar\OneDrive\Desktop\PROJECT\Final\soil_photos-20251020T144319Z-1-001\soil_photos\train\Alluvial soil\Copy of IMG-20220531-WA0030.jpg,Reddish,6.5–7.5,25–35,60–80,280–450,40–60,300–450,"Rice, Wheat, Maize, Sugarcane, Pulses","DAP, Compost, NPK, Urea, Biofertilizer",maize,"Wheat, Mustard, Barley, Peas, Gram",Winter,28.07,44,haze,280.0,450.0,40.0,60.0,300.0,450.0,6.5,7.5
train,Alluvial soil,C:\Users\Pranjal Yallurkar\OneDrive\Desktop\PROJECT\Final\soil_photos-20251020T144319Z-1-001\soil_photos\train\Alluvial soil\Copy of IMG-20220531-WA0031.jpg,Reddish,6.5–7.5,25–35,60–80,280–450,40–60,300–450,"Rice, Wheat, Maize, Sugarcane, Pulses","DAP, Compost, NPK, Urea, Biofertilizer",maize,"Wheat, Mustard, Barley, Peas, Gram",Winter,28.07,44,haze,280.0,450.0,40.0,60.0,300.0,450.0,6.5,7.5
train,Alluvial soil,C:\Users\Pranjal Yallurkar\OneDrive\Desktop\PROJECT\Final\soil_photos-20251020T144319Z-1-001\soil_photos\train\Alluvial soil\Copy of IMG-20220531-WA0032.jpg,Reddish,6.5–7.5,25–35,60–80,280–450,40–60,300–450,"Rice, Wheat, Maize, Sugarcane, Pulses","DAP, Compost, NPK, Urea, Biofertilizer",maize,"Wheat, Mustard, Barley, Peas, Gram",Winter,28.07,44,haze,280.0,450.0,40.0,60.0,300.0,450.0,6.5,7.5
train,Alluvial soil,C:\Users\Pranjal Yallurkar\OneDrive\Desktop\PROJECT\Final\soil_photos-20251020T144319Z-1-001\soil_photos\train\Alluvial soil\Copy of IMG-20220531-WA0033.jpg,Reddish,6.5–7.5,25–35,60–80,280–450,40–60,300–450,"Rice, Wheat, Maize, Sugarcane, Pulses","DAP, Compost, NPK, Urea, Biofertilizer",maize,"Wheat, Mustard, Barley, Peas, Gram",Winter,28.07,44,haze,280.0,450.0,40.0,60.0,300.0,450.0,6.5,7.5
train,Alluvial soil,C:\Users\Pranjal Yallurkar\OneDrive\Desktop\PROJECT\Final\soil_photos-20251020T144319Z-1-001\soil_photos\train\Alluvial soil\Copy of IMG-20220531-WA0034.jpg,Reddish,6.5–7.5,25–35,60–80,280–450,40–60,300–450,"Rice, Wheat, Maize, Sugarcane, Pulses","DAP, Compost, NPK, Urea, Biofertilizer",maize,"Wheat, Mustard, Barley, Peas, Gram",Winter,28.07,44,haze,280.0,450.0,40.0,60.0,300.0,450.0,6.5,7.5
train,Alluvial soil,C:\Users\Pranjal Yallurkar\OneDrive\Desktop\PROJECT\Final\soil_photos-20251020T144319Z-1-001\soil_photos\train\Alluvial soil\Copy of IMG-20220531-WA0035.jpg,Reddish,6.5–7.5,25–35,60–80,280–450,40–60,300–450,"Rice, Wheat, Maize, Sugarcane, Pulses","DAP, Compost, NPK, Urea, Biofertilizer",maize,"Wheat, Mustard, Barley, Peas, Gram",Winter,28.07,44,haze,280.0,450.0,40.0,60.0,300.0,450.0,6.5,7.5
train,Alluvial soil,C:\Users\Pranjal Yallurkar\OneDrive\Desktop\PROJECT\Final\soil_photos-20251020T144319Z-1-001\soil_photos\train\Alluvial soil\Copy of IMG-20220531-WA0036.jpg,Reddish,6.5–7.5,25–35,60–80,280–450,40–60,300–450,"Rice, Wheat, Maize, Sugarcane, Pulses","DAP, Compost, NPK, Urea, Biofertilizer",maize,"Wheat, Mustard, Barley, Peas, Gram",Winter,28.07,44,haze,280.0,450.0,40.0,60.0,300.0,450.0,6.5,7.5
train,Alluvial soil,C:\Users\Pranjal Yallurkar\OneDrive\Desktop\PROJECT\Final\soil_photos-20251020T144319Z-1-001\soil_photos\train\Alluvial soil\Copy of IMG-20220531-WA0037.jpg,Reddish,6.5–7.5,25–35,60–80,280–450,40–60,300–450,"Rice, Wheat, Maize, Sugarcane, Pulses","DAP, Compost, NPK, Urea, Biofertilizer",maize,"Wheat, Mustard, Barley, Peas, Gram",Winter,28.07,44,haze,280.0,450.0,40.0,60.0,300.0,450.0,6.5,7.5
train,Alluvial soil,C:\Users\Pranjal Yallurkar\OneDrive\Desktop\PROJECT\Final\soil_photos-20251020T144319Z-1-001\soil_photos\train\Alluvial soil\Copy of IMG-20220531-WA0038.jpg,Reddish,6.5–7.5,25–35,60–80,280–450,40–60,300–450,"Rice, Wheat, Maize, Sugarcane, Pulses","DAP, Compost, NPK, Urea, Biofertilizer",maize,"Wheat, Mustard, Barley, Peas, Gram",Winter,28.07,44,haze,280.0,450.0,40.0,60.0,300.0,450.0,6.5,7.5
train,Alluvial soil,C:\Users\Pranjal Yallurkar\OneDrive\Desktop\PROJECT\Final\soil_photos-20251020T144319Z-1-001\soil_photos\train\Alluvial soil\Copy of IMG-20220531-WA0039.jpg,Reddish,6.5–7.5,25–35,60–80,280–450,40–60,300–450,"Rice, Wheat, Maize, Sugarcane, Pulses","DAP, Compost, NPK, Urea, Biofertilizer",maize,"Wheat, Mustard, Barley, Peas, Gram",Winter,28.07,44,haze,280.0,450.0,40.0,60.0,300.0,450.0,6.5,7.5
train,Alluvial soil,C:\Users\Pranjal Yallurkar\OneDrive\Desktop\PROJECT\Final\soil_photos-20251020T144319Z-1-001\soil_photos\train\Alluvial soil\Copy of IMG-20220531-WA0040.jpg,Reddish,6.5–7.5,25–35,60–80,280–450,40–60,300–450,"Rice, Wheat, Maize, Sugarcane, Pulses","DAP, Compost, NPK, Urea, Biofertilizer",maize,"Wheat, Mustard, Barley, Peas, Gram",Winter,28.07,44,haze,280.0,450.0,40.0,60.0,300.0,450.0,6.5,7.5
train,Alluvial soil,C:\Users\Pranjal Yallurkar\OneDrive\Desktop\PROJECT\Final\soil_photos-20251020T144319Z-1-001\soil_photos\train\Alluvial soil\Copy of IMG-20220531-WA0041.jpg,Reddish,6.5–7.5,25–35,60–80,280–450,40–60,300–450,"Rice, Wheat, Maize, Sugarcane, Pulses","DAP, Compost, NPK, Urea, Biofertilizer",maize,"Wheat, Mustard, Barley, Peas, Gram",Winter,28.07,44,haze,280.0,450.0,40.0,60.0,300.0,450.0,6.5,7.5
train,Alluvial soil,C:\Users\Pranjal Yallurkar\OneDrive\Desktop\PROJECT\Final\soil_photos-20251020T144319Z-1-001\soil_photos\train\Alluvial soil\Copy of IMG-20220531-WA0043.jpg,Reddish,6.5–7.5,25–35,60–80,280–450,40–60,300–450,"Rice, Wheat, Maize, Sugarcane, Pulses","DAP, Compost, NPK, Urea, Biofertilizer",maize,"Wheat, Mustard, Barley, Peas, Gram",Winter,28.07,44,haze,280.0,450.0,40.0,60.0,300.0,450.0,6.5,7.5
train,Alluvial soil,C:\Users\Pranjal Yallurkar\OneDrive\Desktop\PROJECT\Final\soil_photos-20251020T144319Z-1-001\soil_photos\train\Alluvial soil\Copy of IMG-20220531-WA0044.jpg,Reddish,6.5–7.5,25–35,60–80,280–450,40–60,300–450,"Rice, Wheat, Maize, Sugarcane, Pulses","DAP, Compost, NPK, Urea, Biofertilizer",maize,"Wheat, Mustard, Barley, Peas, Gram",Winter,28.07,44,haze,280.0,450.0,40.0,60.0,300.0,450.0,6.5,7.5
train,Alluvial soil,C:\Users\Pranjal Yallurkar\OneDrive\Desktop\PROJECT\Final\soil_photos-20251020T144319Z-1-001\soil_photos\train\Alluvial soil\Copy of IMG-20220531-WA0045.jpg,Reddish,6.5–7.5,25–35,60–80,280–450,40–60,300–450,"Rice, Wheat, Maize, Sugarcane, Pulses","DAP, Compost, NPK, Urea, Biofertilizer",maize,"Wheat, Mustard, Barley, Peas, Gram",Winter,28.07,44,haze,280.0,450.0,40.0,60.0,300.0,450.0,6.5,7.5
train,Alluvial soil,C:\Users\Pranjal Yallurkar\OneDrive\Desktop\PROJECT\Final\soil_photos-20251020T144319Z-1-001\soil_photos\train\Alluvial soil\Copy of IMG-20220531-WA0046.jpg,Reddish,6.5–7.5,25–35,60–80,280–450,40–60,300–450,"Rice, Wheat, Maize, Sugarcane, Pulses","DAP, Compost, NPK, Urea, Biofertilizer",maize,"Wheat, Mustard, Barley, Peas, Gram",Winter,28.07,44,haze,280.0,450.0,40.0,60.0,300.0,450.0,6.5,7.5
train,Alluvial soil,C:\Users\Pranjal Yallurkar\OneDrive\Desktop\PROJECT\Final\soil_photos-20251020T144319Z-1-001\soil_photos\train\Alluvial soil\Copy of IMG-20220531-WA0047.jpg,Reddish,6.5–7.5,25–35,60–80,280–450,40–60,300–450,"Rice, Wheat, Maize, Sugarcane, Pulses","DAP, Compost, NPK, Urea, Biofertilizer",maize,"Wheat, Mustard, Barley, Peas, Gram",Winter,28.07,44,haze,280.0,450.0,40.0,60.0,300.0,450.0,6.5,7.5
train,Alluvial soil,C:\Users\Pranjal Yallurkar\OneDrive\Desktop\PROJECT\Final\soil_photos-20251020T144319Z-1-001\soil_photos\train\Alluvial soil\Copy of IMG-20220531-WA0048.jpg,Reddish,6.5–7.5,25–35,60–80,280–450,40–60,300–450,"Rice, Wheat, Maize, Sugarcane, Pulses","DAP, Compost, NPK, Urea, Biofertilizer",maize,"Wheat, Mustard, Barley, Peas, Gram",Winter,28.07,44,haze,280.0,450.0,40.0,60.0,300.0,450.0,6.5,7.5
train,Alluvial soil,C:\Users\Pranjal Yallurkar\OneDrive\Desktop\PROJECT\Final\soil_photos-20251020T144319Z-1-001\soil_photos\train\Alluvial soil\Copy of IMG-20220531-WA0049.jpg,Reddish,6.5–7.5,25–35,60–80,280–450,40–60,300–450,"Rice, Wheat, Maize, Sugarcane, Pulses","DAP, Compost, NPK, Urea, Biofertilizer",maize,"Wheat, Mustard, Barley, Peas, Gram",Winter,28.07,44,haze,280.0,450.0,40.0,60.0,300.0,450.0,6.5,7.5
train,Alluvial soil,C:\Users\Pranjal Yallurkar\OneDrive\Desktop\PROJECT\Final\soil_photos-20251020T144319Z-1-001\soil_photos\train\Alluvial soil\Copy of IMG-20220531-WA0050.jpg,Reddish,6.5–7.5,25–35,60–80,280–450,40–60,300–450,"Rice, Wheat, Maize, Sugarcane, Pulses","DAP, Compost, NPK, Urea, Biofertilizer",maize,"Wheat, Mustard, Barley, Peas, Gram",Winter,28.07,44,haze,280.0,450.0,40.0,60.0,300.0,450.0,6.5,7.5
train,Alluvial soil,C:\Users\Pranjal Yallurkar\OneDrive\Desktop\PROJECT\Final\soil_photos-20251020T144319Z-1-001\soil_photos\train\Alluvial soil\Copy of IMG-20220531-WA0051.jpg,Reddish,6.5–7.5,25–35,60–80,280–450,40–60,300–450,"Rice, Wheat, Maize, Sugarcane, Pulses","DAP, Compost, NPK, Urea, Biofertilizer",maize,"Wheat, Mustard, Barley, Peas, Gram",Winter,28.07,44,haze,280.0,450.0,40.0,60.0,300.0,450.0,6.5,7.5
train,Alluvial soil,C:\Users\Pranjal Yallurkar\OneDrive\Desktop\PROJECT\Final\soil_photos-20251020T144319Z-1-001\soil_photos\train\Alluvial soil\Copy of IMG-20220531-WA0052.jpg,Reddish,6.5–7.5,25–35,60–80,280–450,40–60,300–450,"Rice, Wheat, Maize, Sugarcane, Pulses","DAP, Compost, NPK, Urea, Biofertilizer",maize,"Wheat, Mustard, Barley, Peas, Gram",Winter,28.07,44,haze,280.0,450.0,40.0,60.0,300.0,450.0,6.5,7.5
train,Alluvial soil,C:\Users\Pranjal Yallurkar\OneDrive\Desktop\PROJECT\Final\soil_photos-20251020T144319Z-1-001\soil_photos\train\Alluvial soil\Copy of IMG-20220531-WA0053.jpg,Reddish,6.5–7.5,25–35,60–80,280–450,40–60,300–450,"Rice, Wheat, Maize, Sugarcane, Pulses","DAP, Compost, NPK, Urea, Biofertilizer",maize,"Wheat, Mustard, Barley, Peas, Gram",Winter,28.07,44,haze,280.0,450.0,40.0,60.0,300.0,450.0,6.5,7.5
train,Alluvial soil,C:\Users\Pranjal Yallurkar\OneDrive\Desktop\PROJECT\Final\soil_photos-20251020T144319Z-1-001\soil_photos\train\Alluvial soil\Copy of IMG-20220531-WA0054.jpg,Reddish,6.5–7.5,25–35,60–80,280–450,40–60,300–450,"Rice, Wheat, Maize, Sugarcane, Pulses","DAP, Compost, NPK, Urea, Biofertilizer",maize,"Wheat, Mustard, Barley, Peas, Gram",Winter,28.07,44,haze,280.0,450.0,40.0,60.0,300.0,450.0,6.5,7.5
train,Alluvial soil,C:\Users\Pranjal Yallurkar\OneDrive\Desktop\PROJECT\Final\soil_photos-20251020T144319Z-1-001\soil_photos\train\Alluvial soil\Copy of IMG-20220531-WA0055.jpg,Reddish,6.5–7.5,25–35,60–80,280–450,40–60,300–450,"Rice, Wheat, Maize, Sugarcane, Pulses","DAP, Compost, NPK, Urea, Biofertilizer",maize,"Wheat, Mustard, Barley, Peas, Gram",Winter,28.07,44,haze,280.0,450.0,40.0,60.0,300.0,450.0,6.5,7.5
train,Alluvial soil,C:\Users\Pranjal Yallurkar\OneDrive\Desktop\PROJECT\Final\soil_photos-20251020T144319Z-1-001\soil_photos\train\Alluvial soil\Copy of IMG-20220531-WA0056.jpg,Reddish,6.5–7.5,25–35,60–80,280–450,40–60,300–450,"Rice, Wheat, Maize, Sugarcane, Pulses","DAP, Compost, NPK, Urea, Biofertilizer",maize,"Wheat, Mustard, Barley, Peas, Gram",Winter,28.07,44,haze,280.0,450.0,40.0,60.0,300.0,450.0,6.5,7.5
train,Alluvial soil,C:\Users\Pranjal Yallurkar\OneDrive\Desktop\PROJECT\Final\soil_photos-20251020T144319Z-1-001\soil_photos\train\Alluvial soil\Copy of IMG-20220531-WA0057.jpg,Reddish,6.5–7.5,25–35,60–80,280–450,40–60,300–450,"Rice, Wheat, Maize, Sugarcane, Pulses","DAP, Compost, NPK, Urea, Biofertilizer",maize,"Wheat, Mustard, Barley, Peas, Gram",Winter,28.07,44,haze,280.0,450.0,40.0,60.0,300.0,450.0,6.5,7.5
train,Alluvial soil,C:\Users\Pranjal Yallurkar\OneDrive\Desktop\PROJECT\Final\soil_photos-20251020T144319Z-1-001\soil_photos\train\Alluvial soil\Copy of IMG-20220531-WA0058.jpg,Reddish,6.5–7.5,25–35,60–80,280–450,40–60,300–450,"Rice, Wheat, Maize, Sugarcane, Pulses","DAP, Compost, NPK, Urea, Biofertilizer",maize,"Wheat, Mustard, Barley, Peas, Gram",Winter,28.07,44,haze,280.0,450.0,40.0,60.0,300.0,450.0,6.5,7.5
train,Alluvial soil,C:\Users\Pranjal Yallurkar\OneDrive\Desktop\PROJECT\Final\soil_photos-20251020T144319Z-1-001\soil_photos\train\Alluvial soil\Copy of IMG-20220531-WA0059.jpg,Reddish,6.5–7.5,25–35,60–80,280–450,40–60,300–450,"Rice, Wheat, Maize, Sugarcane, Pulses","DAP, Compost, NPK, Urea, Biofertilizer",maize,"Wheat, Mustard, Barley, Peas, Gram",Winter,28.07,44,haze,280.0,450.0,40.0,60.0,300.0,450.0,6.5,7.5
train,Alluvial soil,C:\Users\Pranjal Yallurkar\OneDrive\Desktop\PROJECT\Final\soil_photos-20251020T144319Z-1-001\soil_photos\train\Alluvial soil\Copy of IMG-20220531-WA0060.jpg,Reddish,6.5–7.5,25–35,60–80,280–450,40–60,300–450,"Rice, Wheat, Maize, Sugarcane, Pulses","DAP, Compost, NPK, Urea, Biofertilizer",maize,"Wheat, Mustard, Barley, Peas, Gram",Winter,28.07,44,haze,280.0,450.0,40.0,60.0,300.0,450.0,6.5,7.5
train,Alluvial soil,C:\Users\Pranjal Yallurkar\OneDrive\Desktop\PROJECT\Final\soil_photos-20251020T144319Z-1-001\soil_photos\train\Alluvial soil\Copy of IMG-20220531-WA0061.jpg,Reddish,6.5–7.5,25–35,60–80,280–450,40–60,300–450,"Rice, Wheat, Maize, Sugarcane, Pulses","DAP, Compost, NPK, Urea, Biofertilizer",maize,"Wheat, Mustard, Barley, Peas, Gram",Winter,28.07,44,haze,280.0,450.0,40.0,60.0,300.0,450.0,6.5,7.5
train,Alluvial soil,C:\Users\Pranjal Yallurkar\OneDrive\Desktop\PROJECT\Final\soil_photos-20251020T144319Z-1-001\soil_photos\train\Alluvial soil\Copy of IMG-20220531-WA0062.jpg,Reddish,6.5–7.5,25–35,60–80,280–450,40–60,300–450,"Rice, Wheat, Maize, Sugarcane, Pulses","DAP, Compost, NPK, Urea, Biofertilizer",maize,"Wheat, Mustard, Barley, Peas, Gram",Winter,28.07,44,haze,280.0,450.0,40.0,60.0,300.0,450.0,6.5,7.5
train,Alluvial soil,C:\Users\Pranjal Yallurkar\OneDrive\Desktop\PROJECT\Final\soil_photos-20251020T144319Z-1-001\soil_photos\train\Alluvial soil\Copy of IMG-20220531-WA0063.jpg,Reddish,6.5–7.5,25–35,60–80,280–450,40–60,300–450,"Rice, Wheat, Maize, Sugarcane, Pulses","DAP, Compost, NPK, Urea, Biofertilizer",maize,"Wheat, Mustard, Barley, Peas, Gram",Winter,28.07,44,haze,280.0,450.0,40.0,60.0,300.0,450.0,6.5,7.5
train,Alluvial soil,C:\Users\Pranjal Yallurkar\OneDrive\Desktop\PROJECT\Final\soil_photos-20251020T144319Z-1-001\soil_photos\train\Alluvial soil\Copy of IMG-20220531-WA0064.jpg,Reddish,6.5–7.5,25–35,60–80,280–450,40–60,300–450,"Rice, Wheat, Maize, Sugarcane, Pulses","DAP, Compost, NPK, Urea, Biofertilizer",maize,"Wheat, Mustard, Barley, Peas, Gram",Winter,28.07,44,haze,280.0,450.0,40.0,60.0,300.0,450.0,6.5,7.5
train,Alluvial soil,C:\Users\Pranjal Yallurkar\OneDrive\Desktop\PROJECT\Final\soil_photos-20251020T144319Z-1-001\soil_photos\train\Alluvial soil\Copy of IMG-20220531-WA0065.jpg,Reddish,6.5–7.5,25–35,60–80,280–450,40–60,300–450,"Rice, Wheat, Maize, Sugarcane, Pulses","DAP, Compost, NPK, Urea, Biofertilizer",maize,"Wheat, Mustard, Barley, Peas, Gram",Winter,28.07,44,haze,280.0,450.0,40.0,60.0,300.0,450.0,6.5,7.5
train,Alluvial soil,C:\Users\Pranjal Yallurkar\OneDrive\Desktop\PROJECT\Final\soil_photos-20251020T144319Z-1-001\soil_photos\train\Alluvial soil\Copy of IMG-20220531-WA0066.jpg,Reddish,6.5–7.5,25–35,60–80,280–450,40–60,300–450,"Rice, Wheat, Maize, Sugarcane, Pulses","DAP, Compost, NPK, Urea, Biofertilizer",maize,"Wheat, Mustard, Barley, Peas, Gram",Winter,28.07,44,haze,280.0,450.0,40.0,60.0,300.0,450.0,6.5,7.5
train,Alluvial soil,C:\Users\Pranjal Yallurkar\OneDrive\Desktop\PROJECT\Final\soil_photos-20251020T144319Z-1-001\soil_photos\train\Alluvial soil\Copy of IMG-20220531-WA0067.jpg,Reddish,6.5–7.5,25–35,60–80,280–450,40–60,300–450,"Rice, Wheat, Maize, Sugarcane, Pulses","DAP, Compost, NPK, Urea, Biofertilizer",maize,"Wheat, Mustard, Barley, Peas, Gram",Winter,28.07,44,haze,280.0,450.0,40.0,60.0,300.0,450.0,6.5,7.5
train,Alluvial soil,C:\Users\Pranjal Yallurkar\OneDrive\Desktop\PROJECT\Final\soil_photos-20251020T144319Z-1-001\soil_photos\train\Alluvial soil\Copy of IMG-20220531-WA0068.jpg,Reddish,6.5–7.5,25–35,60–80,280–450,40–60,300–450,"Rice, Wheat, Maize, Sugarcane, Pulses","DAP, Compost, NPK, Urea, Biofertilizer",maize,"Wheat, Mustard, Barley, Peas, Gram",Winter,28.07,44,haze,280.0,450.0,40.0,60.0,300.0,450.0,6.5,7.5
train,Alluvial soil,C:\Users\Pranjal Yallurkar\OneDrive\Desktop\PROJECT\Final\soil_photos-20251020T144319Z-1-001\soil_photos\train\Alluvial soil\Copy of IMG-20220531-WA0069.jpg,Reddish,6.5–7.5,25–35,60–80,280–450,40–60,300–450,"Rice, Wheat, Maize, Sugarcane, Pulses","DAP, Compost, NPK, Urea, Biofertilizer",maize,"Wheat, Mustard, Barley, Peas, Gram",Winter,28.07,44,haze,280.0,450.0,40.0,60.0,300.0,450.0,6.5,7.5
train,Alluvial soil,C:\Users\Pranjal Yallurkar\OneDrive\Desktop\PROJECT\Final\soil_photos-20251020T144319Z-1-001\soil_photos\train\Alluvial soil\Copy of IMG-20220531-WA0070.jpg,Reddish,6.5–7.5,25–35,60–80,280–450,40–60,300–450,"Rice, Wheat, Maize, Sugarcane, Pulses","DAP, Compost, NPK, Urea, Biofertilizer",maize,"Wheat, Mustard, Barley, Peas, Gram",Winter,28.07,44,haze,280.0,450.0,40.0,60.0,300.0,450.0,6.5,7.5
train,Alluvial soil,C:\Users\Pranjal Yallurkar\OneDrive\Desktop\PROJECT\Final\soil_photos-20251020T144319Z-1-001\soil_photos\train\Alluvial soil\Copy of IMG-20220531-WA0071.jpg,Reddish,6.5–7.5,25–35,60–80,280–450,40–60,300–450,"Rice, Wheat, Maize, Sugarcane, Pulses","DAP, Compost, NPK, Urea, Biofertilizer",maize,"Wheat, Mustard, Barley, Peas, Gram",Winter,28.07,44,haze,280.0,450.0,40.0,60.0,300.0,450.0,6.5,7.5
train,Alluvial soil,C:\Users\Pranjal Yallurkar\OneDrive\Desktop\PROJECT\Final\soil_photos-20251020T144319Z-1-001\soil_photos\train\Alluvial soil\Copy of IMG-20220531-WA0072.jpg,Reddish,6.5–7.5,25–35,60–80,280–450,40–60,300–450,"Rice, Wheat, Maize, Sugarcane, Pulses","DAP, Compost, NPK, Urea, Biofertilizer",maize,"Wheat, Mustard, Barley, Peas, Gram",Winter,28.07,44,haze,280.0,450.0,40.0,60.0,300.0,450.0,6.5,7.5
train,Alluvial soil,C:\Users\Pranjal Yallurkar\OneDrive\Desktop\PROJECT\Final\soil_photos-20251020T144319Z-1-001\soil_photos\train\Alluvial soil\Copy of IMG-20220531-WA0073.jpg,Reddish,6.5–7.5,25–35,60–80,280–450,40–60,300–450,"Rice, Wheat, Maize, Sugarcane, Pulses","DAP, Compost, NPK, Urea, Biofertilizer",maize,"Wheat, Mustard, Barley, Peas, Gram",Winter,28.07,44,haze,280.0,450.0,40.0,60.0,300.0,450.0,6.5,7.5
train,Alluvial soil,C:\Users\Pranjal Yallurkar\OneDrive\Desktop\PROJECT\Final\soil_photos-20251020T144319Z-1-001\soil_photos\train\Alluvial soil\Copy of IMG-20220531-WA0074.jpg,Reddish,6.5–7.5,25–35,60–80,280–450,40–60,300–450,"Rice, Wheat, Maize, Sugarcane, Pulses","DAP, Compost, NPK, Urea, Biofertilizer",maize,"Wheat, Mustard, Barley, Peas, Gram",Winter,28.07,44,haze,280.0,450.0,40.0,60.0,300.0,450.0,6.5,7.5
train,Alluvial soil,C:\Users\Pranjal Yallurkar\OneDrive\Desktop\PROJECT\Final\soil_photos-20251020T144319Z-1-001\soil_photos\train\Alluvial soil\Copy of IMG-20220531-WA0075.jpg,Reddish,6.5–7.5,25–35,60–80,280–450,40–60,300–450,"Rice, Wheat, Maize, Sugarcane, Pulses","DAP, Compost, NPK, Urea, Biofertilizer",maize,"Wheat, Mustard, Barley, Peas, Gram",Winter,28.07,44,haze,280.0,450.0,40.0,60.0,300.0,450.0,6.5,7.5
train,Alluvial soil,C:\Users\Pranjal Yallurkar\OneDrive\Desktop\PROJECT\Final\soil_photos-20251020T144319Z-1-001\soil_photos\train\Alluvial soil\Copy of IMG-20220531-WA0076.jpg,Reddish,6.5–7.5,25–35,60–80,280–450,40–60,300–450,"Rice, Wheat, Maize, Sugarcane, Pulses","DAP, Compost, NPK, Urea, Biofertilizer",maize,"Wheat, Mustard, Barley, Peas, Gram",Winter,28.07,44,haze,280.0,450.0,40.0,60.0,300.0,450.0,6.5,7.5
train,Alluvial soil,C:\Users\Pranjal Yallurkar\OneDrive\Desktop\PROJECT\Final\soil_photos-20251020T144319Z-1-001\soil_photos\train\Alluvial soil\Copy of IMG-20220531-WA0077.jpg,Reddish,6.5–7.5,25–35,60–80,280–450,40–60,300–450,"Rice, Wheat, Maize, Sugarcane, Pulses","DAP, Compost, NPK, Urea, Biofertilizer",maize,"Wheat, Mustard, Barley, Peas, Gram",Winter,28.07,44,haze,280.0,450.0,40.0,60.0,300.0,450.0,6.5,7.5
train,Alluvial soil,C:\Users\Pranjal Yallurkar\OneDrive\Desktop\PROJECT\Final\soil_photos-20251020T144319Z-1-001\soil_photos\train\Alluvial soil\Copy of IMG-20220531-WA0078.jpg,Reddish,6.5–7.5,25–35,60–80,280–450,40–60,300–450,"Rice, Wheat, Maize, Sugarcane, Pulses","DAP, Compost, NPK, Urea, Biofertilizer",maize,"Wheat, Mustard, Barley, Peas, Gram",Winter,28.07,44,haze,280.0,450.0,40.0,60.0,300.0,450.0,6.5,7.5
train,Alluvial soil,C:\Users\Pranjal Yallurkar\OneDrive\Desktop\PROJECT\Final\soil_photos-20251020T144319Z-1-001\soil_photos\train\Alluvial soil\Copy of IMG-20220531-WA0079.jpg,Reddish,6.5–7.5,25–35,60–80,280–450,40–60,300–450,"Rice, Wheat, Maize, Sugarcane, Pulses","DAP, Compost, NPK, Urea, Biofertilizer",maize,"Wheat, Mustard, Barley, Peas, Gram",Winter,28.07,44,haze,280.0,450.0,40.0,60.0,300.0,450.0,6.5,7.5
train,Alluvial soil,C:\Users\Pranjal Yallurkar\OneDrive\Desktop\PROJECT\Final\soil_photos-20251020T144319Z-1-001\soil_photos\train\Alluvial soil\Copy of IMG-20220531-WA0080.jpg,Reddish,6.5–7.5,25–35,60–80,280–450,40–60,300–450,"Rice, Wheat, Maize, Sugarcane, Pulses","DAP, Compost, NPK, Urea, Biofertilizer",maize,"Wheat, Mustard, Barley, Peas, Gram",Winter,28.07,44,haze,280.0,450.0,40.0,60.0,300.0,450.0,6.5,7.5
train,Alluvial soil,C:\Users\Pranjal Yallurkar\OneDrive\Desktop\PROJECT\Final\soil_photos-20251020T144319Z-1-001\soil_photos\train\Alluvial soil\Copy of IMG-20220531-WA0081.jpg,Reddish,6.5–7.5,25–35,60–80,280–450,40–60,300–450,"Rice, Wheat, Maize, Sugarcane, Pulses","DAP, Compost, NPK, Urea, Biofertilizer",maize,"Wheat, Mustard, Barley, Peas, Gram",Winter,28.07,44,haze,280.0,450.0,40.0,60.0,300.0,450.0,6.5,7.5
train,Alluvial soil,C:\Users\Pranjal Yallurkar\OneDrive\Desktop\PROJECT\Final\soil_photos-20251020T144319Z-1-001\soil_photos\train\Alluvial soil\Copy of IMG-20220531-WA0082.jpg,Reddish,6.5–7.5,25–35,60–80,280–450,40–60,300–450,"Rice, Wheat, Maize, Sugarcane, Pulses","DAP, Compost, NPK, Urea, Biofertilizer",maize,"Wheat, Mustard, Barley, Peas, Gram",Winter,28.07,44,haze,280.0,450.0,40.0,60.0,300.0,450.0,6.5,7.5
train,Alluvial soil,C:\Users\Pranjal Yallurkar\OneDrive\Desktop\PROJECT\Final\soil_photos-20251020T144319Z-1-001\soil_photos\train\Alluvial soil\Copy of IMG-20220531-WA0086.jpg,Reddish,6.5–7.5,25–35,60–80,280–450,40–60,300–450,"Rice, Wheat, Maize, Sugarcane, Pulses","DAP, Compost, NPK, Urea, Biofertilizer",maize,"Wheat, Mustard, Barley, Peas, Gram",Winter,28.07,44,haze,280.0,450.0,40.0,60.0,300.0,450.0,6.5,7.5
train,Alluvial soil,C:\Users\Pranjal Yallurkar\OneDrive\Desktop\PROJECT\Final\soil_photos-20251020T144319Z-1-001\soil_photos\train\Alluvial soil\Copy of IMG-20220531-WA0087.jpg,Reddish,6.5–7.5,25–35,60–80,280–450,40–60,300–450,"Rice, Wheat, Maize, Sugarcane, Pulses","DAP, Compost, NPK, Urea, Biofertilizer",maize,"Wheat, Mustard, Barley, Peas, Gram",Winter,28.07,44,haze,280.0,450.0,40.0,60.0,300.0,450.0,6.5,7.5
train,Alluvial soil,C:\Users\Pranjal Yallurkar\OneDrive\Desktop\PROJECT\Final\soil_photos-20251020T144319Z-1-001\soil_photos\train\Alluvial soil\Copy of IMG-20220531-WA0088.jpg,Reddish,6.5–7.5,25–35,60–80,280–450,40–60,300–450,"Rice, Wheat, Maize, Sugarcane, Pulses","DAP, Compost, NPK, Urea, Biofertilizer",maize,"Wheat, Mustard, Barley, Peas, Gram",Winter,28.07,44,haze,280.0,450.0,40.0,60.0,300.0,450.0,6.5,7.5
train,Alluvial soil,C:\Users\Pranjal Yallurkar\OneDrive\Desktop\PROJECT\Final\soil_photos-20251020T144319Z-1-001\soil_photos\train\Alluvial soil\Copy of IMG-20220531-WA0089.jpg,Reddish,6.5–7.5,25–35,60–80,280–450,40–60,300–450,"Rice, Wheat, Maize, Sugarcane, Pulses","DAP, Compost, NPK, Urea, Biofertilizer",maize,"Wheat, Mustard, Barley, Peas, Gram",Winter,28.07,44,haze,280.0,450.0,40.0,60.0,300.0,450.0,6.5,7.5
train,Alluvial soil,C:\Users\Pranjal Yallurkar\OneDrive\Desktop\PROJECT\Final\soil_photos-20251020T144319Z-1-001\soil_photos\train\Alluvial soil\Copy of IMG-20220531-WA0090.jpg,Reddish,6.5–7.5,25–35,60–80,280–450,40–60,300–450,"Rice, Wheat, Maize, Sugarcane, Pulses","DAP, Compost, NPK, Urea, Biofertilizer",maize,"Wheat, Mustard, Barley, Peas, Gram",Winter,28.07,44,haze,280.0,450.0,40.0,60.0,300.0,450.0,6.5,7.5
train,Alluvial soil,C:\Users\Pranjal Yallurkar\OneDrive\Desktop\PROJECT\Final\soil_photos-20251020T144319Z-1-001\soil_photos\train\Alluvial soil\Copy of IMG-20220531-WA0091.jpg,Reddish,6.5–7.5,25–35,60–80,280–450,40–60,300–450,"Rice, Wheat, Maize, Sugarcane, Pulses","DAP, Compost, NPK, Urea, Biofertilizer",maize,"Wheat, Mustard, Barley, Peas, Gram",Winter,28.07,44,haze,280.0,450.0,40.0,60.0,300.0,450.0,6.5,7.5
train,Alluvial soil,C:\Users\Pranjal Yallurkar\OneDrive\Desktop\PROJECT\Final\soil_photos-20251020T144319Z-1-001\soil_photos\train\Alluvial soil\Copy of IMG-20220531-WA0092.jpg,Reddish,6.5–7.5,25–35,60–80,280–450,40–60,300–450,"Rice, Wheat, Maize, Sugarcane, Pulses","DAP, Compost, NPK, Urea, Biofertilizer",maize,"Wheat, Mustard, Barley, Peas, Gram",Winter,28.07,44,haze,280.0,450.0,40.0,60.0,300.0,450.0,6.5,7.5
train,Alluvial soil,C:\Users\Pranjal Yallurkar\OneDrive\Desktop\PROJECT\Final\soil_photos-20251020T144319Z-1-001\soil_photos\train\Alluvial soil\Copy of IMG-20220531-WA0093.jpg,Reddish,6.5–7.5,25–35,60–80,280–450,40–60,300–450,"Rice, Wheat, Maize, Sugarcane, Pulses","DAP, Compost, NPK, Urea, Biofertilizer",maize,"Wheat, Mustard, Barley, Peas, Gram",Winter,28.07,44,haze,280.0,450.0,40.0,60.0,300.0,450.0,6.5,7.5
train,Alluvial soil,C:\Users\Pranjal Yallurkar\OneDrive\Desktop\PROJECT\Final\soil_photos-20251020T144319Z-1-001\soil_photos\train\Alluvial soil\Copy of IMG-20220531-WA0094.jpg,Reddish,6.5–7.5,25–35,60–80,280–450,40–60,300–450,"Rice, Wheat, Maize, Sugarcane, Pulses","DAP, Compost, NPK, Urea, Biofertilizer",maize,"Wheat, Mustard, Barley, Peas, Gram",Winter,28.07,44,haze,280.0,450.0,40.0,60.0,300.0,450.0,6.5,7.5
train,Alluvial soil,C:\Users\Pranjal Yallurkar\OneDrive\Desktop\PROJECT\Final\soil_photos-20251020T144319Z-1-001\soil_photos\train\Alluvial soil\Copy of oil-a-real-close-up-of-a-part-of-the-earth-s-crust-ordinary-plain-1922365577(1).jpg,Reddish,6.5–7.5,25–35,60–80,280–450,40–60,300–450,"Rice, Wheat, Maize, Sugarcane, Pulses","DAP, Compost, NPK, Urea, Biofertilizer",maize,"Wheat, Mustard, Barley, Peas, Gram",Winter,28.07,44,haze,280.0,450.0,40.0,60.0,300.0,450.0,6.5,7.5
train,Alluvial soil,C:\Users\Pranjal Yallurkar\OneDrive\Desktop\PROJECT\Final\soil_photos-20251020T144319Z-1-001\soil_photos\train\Alluvial soil\Copy of oil-a-real-close-up-of-a-part-of-the-earth-s-crust-ordinary-plain-1922365577.jpg,Reddish,6.5–7.5,25–35,60–80,280–450,40–60,300–450,"Rice, Wheat, Maize, Sugarcane, Pulses","DAP, Compost, NPK, Urea, Biofertilizer",maize,"Wheat, Mustard, Barley, Peas, Gram",Winter,28.07,44,haze,280.0,450.0,40.0,60.0,300.0,450.0,6.5,7.5
train,Alluvial soil,C:\Users\Pranjal Yallurkar\OneDrive\Desktop\PROJECT\Final\soil_photos-20251020T144319Z-1-001\soil_photos\train\Alluvial soil\Copy of Photograph-showing-the-presence-of-alluvial-soil-along-stream-course-dry-near-Patlodha_Q640.jpg,Reddish,6.5–7.5,25–35,60–80,280–450,40–60,300–450,"Rice, Wheat, Maize, Sugarcane, Pulses","DAP, Compost, NPK, Urea, Biofertilizer",maize,"Wheat, Mustard, Barley, Peas, Gram",Winter,28.07,44,haze,280.0,450.0,40.0,60.0,300.0,450.0,6.5,7.5
train,Alluvial soil,C:\Users\Pranjal Yallurkar\OneDrive\Desktop\PROJECT\Final\soil_photos-20251020T144319Z-1-001\soil_photos\train\Alluvial soil\Copy of photo_2022-06-01_07-04-38.jpg,Reddish,6.5–7.5,25–35,60–80,280–450,40–60,300–450,"Rice, Wheat, Maize, Sugarcane, Pulses","DAP, Compost, NPK, Urea, Biofertilizer",maize,"Wheat, Mustard, Barley, Peas, Gram",Winter,28.07,44,haze,280.0,450.0,40.0,60.0,300.0,450.0,6.5,7.5
train,Alluvial soil,C:\Users\Pranjal Yallurkar\OneDrive\Desktop\PROJECT\Final\soil_photos-20251020T144319Z-1-001\soil_photos\train\Alluvial soil\Copy of photo_2022-06-01_07-04-46.jpg,Reddish,6.5–7.5,25–35,60–80,280–450,40–60,300–450,"Rice, Wheat, Maize, Sugarcane, Pulses","DAP, Compost, NPK, Urea, Biofertilizer",maize,"Wheat, Mustard, Barley, Peas, Gram",Winter,28.07,44,haze,280.0,450.0,40.0,60.0,300.0,450.0,6.5,7.5
train,Alluvial soil,C:\Users\Pranjal Yallurkar\OneDrive\Desktop\PROJECT\Final\soil_photos-20251020T144319Z-1-001\soil_photos\train\Alluvial soil\Copy of photo_2022-06-01_07-05-32.jpg,Reddish,6.5–7.5,25–35,60–80,280–450,40–60,300–450,"Rice, Wheat, Maize, Sugarcane, Pulses","DAP, Compost, NPK, Urea, Biofertilizer",maize,"Wheat, Mustard, Barley, Peas, Gram",Winter,28.07,44,haze,280.0,450.0,40.0,60.0,300.0,450.0,6.5,7.5
train,Alluvial soil,C:\Users\Pranjal Yallurkar\OneDrive\Desktop\PROJECT\Final\soil_photos-20251020T144319Z-1-001\soil_photos\train\Alluvial soil\Copy of photo_2022-06-01_07-05-40.jpg,Reddish,6.5–7.5,25–35,60–80,280–450,40–60,300–450,"Rice, Wheat, Maize, Sugarcane, Pulses","DAP, Compost, NPK, Urea, Biofertilizer",maize,"Wheat, Mustard, Barley, Peas, Gram",Winter,28.07,44,haze,280.0,450.0,40.0,60.0,300.0,450.0,6.5,7.5
train,Alluvial soil,C:\Users\Pranjal Yallurkar\OneDrive\Desktop\PROJECT\Final\soil_photos-20251020T144319Z-1-001\soil_photos\train\Alluvial soil\Copy of photo_2022-06-01_07-05-44.jpg,Reddish,6.5–7.5,25–35,60–80,280–450,40–60,300–450,"Rice, Wheat, Maize, Sugarcane, Pulses","DAP, Compost, NPK, Urea, Biofertilizer",maize,"Wheat, Mustard, Barley, Peas, Gram",Winter,28.07,44,haze,280.0,450.0,40.0,60.0,300.0,450.0,6.5,7.5
train,Alluvial soil,C:\Users\Pranjal Yallurkar\OneDrive\Desktop\PROJECT\Final\soil_photos-20251020T144319Z-1-001\soil_photos\train\Alluvial soil\Copy of photo_2022-06-01_07-05-48.jpg,Reddish,6.5–7.5,25–35,60–80,280–450,40–60,300–450,"Rice, Wheat, Maize, Sugarcane, Pulses","DAP, Compost, NPK, Urea, Biofertilizer",maize,"Wheat, Mustard, Barley, Peas, Gram",Winter,28.07,44,haze,280.0,450.0,40.0,60.0,300.0,450.0,6.5,7.5
train,Alluvial soil,C:\Users\Pranjal Yallurkar\OneDrive\Desktop\PROJECT\Final\soil_photos-20251020T144319Z-1-001\soil_photos\train\Alluvial soil\Copy of photo_2022-06-01_07-05-52.jpg,Reddish,6.5–7.5,25–35,60–80,280–450,40–60,300–450,"Rice, Wheat, Maize, Sugarcane, Pulses","DAP, Compost, NPK, Urea, Biofertilizer",maize,"Wheat, Mustard, Barley, Peas, Gram",Winter,28.07,44,haze,280.0,450.0,40.0,60.0,300.0,450.0,6.5,7.5
train,Alluvial soil,C:\Users\Pranjal Yallurkar\OneDrive\Desktop\PROJECT\Final\soil_photos-20251020T144319Z-1-001\soil_photos\train\Alluvial soil\Copy of photo_2022-06-01_07-05-56.jpg,Reddish,6.5–7.5,25–35,60–80,280–450,40–60,300–450,"Rice, Wheat, Maize, Sugarcane, Pulses","DAP, Compost, NPK, Urea, Biofertilizer",maize,"Wheat, Mustard, Barley, Peas, Gram",Winter,28.07,44,haze,280.0,450.0,40.0,60.0,300.0,450.0,6.5,7.5
train,Alluvial soil,C:\Users\Pranjal Yallurkar\OneDrive\Desktop\PROJECT\Final\soil_photos-20251020T144319Z-1-001\soil_photos\train\Alluvial soil\Copy of photo_2022-06-01_07-06-00.jpg,Reddish,6.5–7.5,25–35,60–80,280–450,40–60,300–450,"Rice, Wheat, Maize, Sugarcane, Pulses","DAP, Compost, NPK, Urea, Biofertilizer",maize,"Wheat, Mustard, Barley, Peas, Gram",Winter,28.07,44,haze,280.0,450.0,40.0,60.0,300.0,450.0,6.5,7.5
train,Alluvial soil,C:\Users\Pranjal Yallurkar\OneDrive\Desktop\PROJECT\Final\soil_photos-20251020T144319Z-1-001\soil_photos\train\Alluvial soil\Copy of photo_2022-06-01_07-06-04.jpg,Reddish,6.5–7.5,25–35,60–80,280–450,40–60,300–450,"Rice, Wheat, Maize, Sugarcane, Pulses","DAP, Compost, NPK, Urea, Biofertilizer",maize,"Wheat, Mustard, Barley, Peas, Gram",Winter,28.07,44,haze,280.0,450.0,40.0,60.0,300.0,450.0,6.5,7.5
train,Alluvial soil,C:\Users\Pranjal Yallurkar\OneDrive\Desktop\PROJECT\Final\soil_photos-20251020T144319Z-1-001\soil_photos\train\Alluvial soil\Copy of photo_2022-06-01_07-06-07.jpg,Reddish,6.5–7.5,25–35,60–80,280–450,40–60,300–450,"Rice, Wheat, Maize, Sugarcane, Pulses","DAP, Compost, NPK, Urea, Biofertilizer",maize,"Wheat, Mustard, Barley, Peas, Gram",Winter,28.07,44,haze,280.0,450.0,40.0,60.0,300.0,450.0,6.5,7.5
train,Alluvial soil,C:\Users\Pranjal Yallurkar\OneDrive\Desktop\PROJECT\Final\soil_photos-20251020T144319Z-1-001\soil_photos\train\Alluvial soil\Copy of photo_2022-06-01_07-06-11.jpg,Reddish,6.5–7.5,25–35,60–80,280–450,40–60,300–450,"Rice, Wheat, Maize, Sugarcane, Pulses","DAP, Compost, NPK, Urea, Biofertilizer",maize,"Wheat, Mustard, Barley, Peas, Gram",Winter,28.07,44,haze,280.0,450.0,40.0,60.0,300.0,450.0,6.5,7.5
train,Alluvial soil,C:\Users\Pranjal Yallurkar\OneDrive\Desktop\PROJECT\Final\soil_photos-20251020T144319Z-1-001\soil_photos\train\Alluvial soil\Copy of photo_2022-06-01_07-06-15.jpg,Reddish,6.5–7.5,25–35,60–80,280–450,40–60,300–450,"Rice, Wheat, Maize, Sugarcane, Pulses","DAP, Compost, NPK, Urea, Biofertilizer",maize,"Wheat, Mustard, Barley, Peas, Gram",Winter,28.07,44,haze,280.0,450.0,40.0,60.0,300.0,450.0,6.5,7.5
train,Alluvial soil,C:\Users\Pranjal Yallurkar\OneDrive\Desktop\PROJECT\Final\soil_photos-20251020T144319Z-1-001\soil_photos\train\Alluvial soil\Copy of photo_2022-06-01_07-06-18.jpg,Reddish,6.5–7.5,25–35,60–80,280–450,40–60,300–450,"Rice, Wheat, Maize, Sugarcane, Pulses","DAP, Compost, NPK, Urea, Biofertilizer",maize,"Wheat, Mustard, Barley, Peas, Gram",Winter,28.07,44,haze,280.0,450.0,40.0,60.0,300.0,450.0,6.5,7.5
train,Alluvial soil,C:\Users\Pranjal Yallurkar\OneDrive\Desktop\PROJECT\Final\soil_photos-20251020T144319Z-1-001\soil_photos\train\Alluvial soil\Copy of photo_2022-06-01_07-06-23.jpg,Reddish,6.5–7.5,25–35,60–80,280–450,40–60,300–450,"Rice, Wheat, Maize, Sugarcane, Pulses","DAP, Compost, NPK, Urea, Biofertilizer",maize,"Wheat, Mustard, Barley, Peas, Gram",Winter,28.07,44,haze,280.0,450.0,40.0,60.0,300.0,450.0,6.5,7.5
train,Alluvial soil,C:\Users\Pranjal Yallurkar\OneDrive\Desktop\PROJECT\Final\soil_photos-20251020T144319Z-1-001\soil_photos\train\Alluvial soil\Copy of photo_2022-06-01_07-06-27.jpg,Reddish,6.5–7.5,25–35,60–80,280–450,40–60,300–450,"Rice, Wheat, Maize, Sugarcane, Pulses","DAP, Compost, NPK, Urea, Biofertilizer",maize,"Wheat, Mustard, Barley, Peas, Gram",Winter,28.07,44,haze,280.0,450.0,40.0,60.0,300.0,450.0,6.5,7.5
train,Alluvial soil,C:\Users\Pranjal Yallurkar\OneDrive\Desktop\PROJECT\Final\soil_photos-20251020T144319Z-1-001\soil_photos\train\Alluvial soil\Copy of photo_2022-06-01_07-06-30.jpg,Reddish,6.5–7.5,25–35,60–80,280–450,40–60,300–450,"Rice, Wheat, Maize, Sugarcane, Pulses","DAP, Compost, NPK, Urea, Biofertilizer",maize,"Wheat, Mustard, Barley, Peas, Gram",Winter,28.07,44,haze,280.0,450.0,40.0,60.0,300.0,450.0,6.5,7.5
train,Alluvial soil,C:\Users\Pranjal Yallurkar\OneDrive\Desktop\PROJECT\Final\soil_photos-20251020T144319Z-1-001\soil_photos\train\Alluvial soil\Copy of photo_2022-06-01_07-06-33.jpg,Reddish,6.5–7.5,25–35,60–80,280–450,40–60,300–450,"Rice, Wheat, Maize, Sugarcane, Pulses","DAP, Compost, NPK, Urea, Biofertilizer",maize,"Wheat, Mustard, Barley, Peas, Gram",Winter,28.07,44,haze,280.0,450.0,40.0,60.0,300.0,450.0,6.5,7.5
train,Alluvial soil,C:\Users\Pranjal Yallurkar\OneDrive\Desktop\PROJECT\Final\soil_photos-20251020T144319Z-1-001\soil_photos\train\Alluvial soil\Copy of photo_2022-06-01_07-06-37.jpg,Reddish,6.5–7.5,25–35,60–80,280–450,40–60,300–450,"Rice, Wheat, Maize, Sugarcane, Pulses","DAP, Compost, NPK, Urea, Biofertilizer",maize,"Wheat, Mustard, Barley, Peas, Gram",Winter,28.07,44,haze,280.0,450.0,40.0,60.0,300.0,450.0,6.5,7.5
train,Alluvial soil,C:\Users\Pranjal Yallurkar\OneDrive\Desktop\PROJECT\Final\soil_photos-20251020T144319Z-1-001\soil_photos\train\Alluvial soil\Copy of photo_2022-06-01_07-06-41.jpg,Reddish,6.5–7.5,25–35,60–80,280–450,40–60,300–450,"Rice, Wheat, Maize, Sugarcane, Pulses","DAP, Compost, NPK, Urea, Biofertilizer",maize,"Wheat, Mustard, Barley, Peas, Gram",Winter,28.07,44,haze,280.0,450.0,40.0,60.0,300.0,450.0,6.5,7.5
train,Alluvial soil,C:\Users\Pranjal Yallurkar\OneDrive\Desktop\PROJECT\Final\soil_photos-20251020T144319Z-1-001\soil_photos\train\Alluvial soil\Copy of photo_2022-06-01_07-06-45.jpg,Reddish,6.5–7.5,25–35,60–80,280–450,40–60,300–450,"Rice, Wheat, Maize, Sugarcane, Pulses","DAP, Compost, NPK, Urea, Biofertilizer",maize,"Wheat, Mustard, Barley, Peas, Gram",Winter,28.07,44,haze,280.0,450.0,40.0,60.0,300.0,450.0,6.5,7.5
train,Alluvial soil,C:\Users\Pranjal Yallurkar\OneDrive\Desktop\PROJECT\Final\soil_photos-20251020T144319Z-1-001\soil_photos\train\Alluvial soil\Copy of photo_2022-06-01_07-06-48.jpg,Reddish,6.5–7.5,25–35,60–80,280–450,40–60,300–450,"Rice, Wheat, Maize, Sugarcane, Pulses","DAP, Compost, NPK, Urea, Biofertilizer",maize,"Wheat, Mustard, Barley, Peas, Gram",Winter,28.07,44,haze,280.0,450.0,40.0,60.0,300.0,450.0,6.5,7.5
train,Alluvial soil,C:\Users\Pranjal Yallurkar\OneDrive\Desktop\PROJECT\Final\soil_photos-20251020T144319Z-1-001\soil_photos\train\Alluvial soil\Copy of photo_2022-06-01_07-06-52.jpg,Reddish,6.5–7.5,25–35,60–80,280–450,40–60,300–450,"Rice, Wheat, Maize, Sugarcane, Pulses","DAP, Compost, NPK, Urea, Biofertilizer",maize,"Wheat, Mustard, Barley, Peas, Gram",Winter,28.07,44,haze,280.0,450.0,40.0,60.0,300.0,450.0,6.5,7.5
train,Alluvial soil,C:\Users\Pranjal Yallurkar\OneDrive\Desktop\PROJECT\Final\soil_photos-20251020T144319Z-1-001\soil_photos\train\Alluvial soil\Copy of photo_2022-06-01_07-06-57.jpg,Reddish,6.5–7.5,25–35,60–80,280–450,40–60,300–450,"Rice, Wheat, Maize, Sugarcane, Pulses","DAP, Compost, NPK, Urea, Biofertilizer",maize,"Wheat, Mustard, Barley, Peas, Gram",Winter,28.07,44,haze,280.0,450.0,40.0,60.0,300.0,450.0,6.5,7.5
train,Alluvial soil,C:\Users\Pranjal Yallurkar\OneDrive\Desktop\PROJECT\Final\soil_photos-20251020T144319Z-1-001\soil_photos\train\Alluvial soil\Copy of photo_2022-06-01_07-07-00.jpg,Reddish,6.5–7.5,25–35,60–80,280–450,40–60,300–450,"Rice, Wheat, Maize, Sugarcane, Pulses","DAP, Compost, NPK, Urea, Biofertilizer",maize,"Wheat, Mustard, Barley, Peas, Gram",Winter,28.07,44,haze,280.0,450.0,40.0,60.0,300.0,450.0,6.5,7.5
train,Alluvial soil,C:\Users\Pranjal Yallurkar\OneDrive\Desktop\PROJECT\Final\soil_photos-20251020T144319Z-1-001\soil_photos\train\Alluvial soil\Copy of photo_2022-06-01_07-07-04.jpg,Reddish,6.5–7.5,25–35,60–80,280–450,40–60,300–450,"Rice, Wheat, Maize, Sugarcane, Pulses","DAP, Compost, NPK, Urea, Biofertilizer",maize,"Wheat, Mustard, Barley, Peas, Gram",Winter,28.07,44,haze,280.0,450.0,40.0,60.0,300.0,450.0,6.5,7.5
train,Alluvial soil,C:\Users\Pranjal Yallurkar\OneDrive\Desktop\PROJECT\Final\soil_photos-20251020T144319Z-1-001\soil_photos\train\Alluvial soil\Copy of photo_2022-06-01_07-07-08.jpg,Reddish,6.5–7.5,25–35,60–80,280–450,40–60,300–450,"Rice, Wheat, Maize, Sugarcane, Pulses","DAP, Compost, NPK, Urea, Biofertilizer",maize,"Wheat, Mustard, Barley, Peas, Gram",Winter,28.07,44,haze,280.0,450.0,40.0,60.0,300.0,450.0,6.5,7.5
train,Alluvial soil,C:\Users\Pranjal Yallurkar\OneDrive\Desktop\PROJECT\Final\soil_photos-20251020T144319Z-1-001\soil_photos\train\Alluvial soil\Copy of photo_2022-06-01_07-07-11.jpg,Reddish,6.5–7.5,25–35,60–80,280–450,40–60,300–450,"Rice, Wheat, Maize, Sugarcane, Pulses","DAP, Compost, NPK, Urea, Biofertilizer",maize,"Wheat, Mustard, Barley, Peas, Gram",Winter,28.07,44,haze,280.0,450.0,40.0,60.0,300.0,450.0,6.5,7.5
train,Alluvial soil,C:\Users\Pranjal Yallurkar\OneDrive\Desktop\PROJECT\Final\soil_photos-20251020T144319Z-1-001\soil_photos\train\Alluvial soil\Copy of photo_2022-06-01_07-07-15.jpg,Reddish,6.5–7.5,25–35,60–80,280–450,40–60,300–450,"Rice, Wheat, Maize, Sugarcane, Pulses","DAP, Compost, NPK, Urea, Biofertilizer",maize,"Wheat, Mustard, Barley, Peas, Gram",Winter,28.07,44,haze,280.0,450.0,40.0,60.0,300.0,450.0,6.5,7.5
train,Alluvial soil,C:\Users\Pranjal Yallurkar\OneDrive\Desktop\PROJECT\Final\soil_photos-20251020T144319Z-1-001\soil_photos\train\Alluvial soil\Copy of photo_2022-06-01_07-07-20.jpg,Reddish,6.5–7.5,25–35,60–80,280–450,40–60,300–450,"Rice, Wheat, Maize, Sugarcane, Pulses","DAP, Compost, NPK, Urea, Biofertilizer",maize,"Wheat, Mustard, Barley, Peas, Gram",Winter,28.07,44,haze,280.0,450.0,40.0,60.0,300.0,450.0,6.5,7.5
train,Alluvial soil,C:\Users\Pranjal Yallurkar\OneDrive\Desktop\PROJECT\Final\soil_photos-20251020T144319Z-1-001\soil_photos\train\Alluvial soil\Copy of photo_2022-06-01_07-07-37.jpg,Reddish,6.5–7.5,25–35,60–80,280–450,40–60,300–450,"Rice, Wheat, Maize, Sugarcane, Pulses","DAP, Compost, NPK, Urea, Biofertilizer",maize,"Wheat, Mustard, Barley, Peas, Gram",Winter,28.07,44,haze,280.0,450.0,40.0,60.0,300.0,450.0,6.5,7.5
train,Alluvial soil,C:\Users\Pranjal Yallurkar\OneDrive\Desktop\PROJECT\Final\soil_photos-20251020T144319Z-1-001\soil_photos\train\Alluvial soil\Copy of photo_2022-06-01_07-07-41.jpg,Reddish,6.5–7.5,25–35,60–80,280–450,40–60,300–450,"Rice, Wheat, Maize, Sugarcane, Pulses","DAP, Compost, NPK, Urea, Biofertilizer",maize,"Wheat, Mustard, Barley, Peas, Gram",Winter,28.07,44,haze,280.0,450.0,40.0,60.0,300.0,450.0,6.5,7.5
train,Alluvial soil,C:\Users\Pranjal Yallurkar\OneDrive\Desktop\PROJECT\Final\soil_photos-20251020T144319Z-1-001\soil_photos\train\Alluvial soil\Copy of photo_2022-06-01_07-07-45.jpg,Reddish,6.5–7.5,25–35,60–80,280–450,40–60,300–450,"Rice, Wheat, Maize, Sugarcane, Pulses","DAP, Compost, NPK, Urea, Biofertilizer",maize,"Wheat, Mustard, Barley, Peas, Gram",Winter,28.07,44,haze,280.0,450.0,40.0,60.0,300.0,450.0,6.5,7.5
train,Alluvial soil,C:\Users\Pranjal Yallurkar\OneDrive\Desktop\PROJECT\Final\soil_photos-20251020T144319Z-1-001\soil_photos\train\Alluvial soil\Copy of photo_2022-06-01_07-07-48.jpg,Reddish,6.5–7.5,25–35,60–80,280–450,40–60,300–450,"Rice, Wheat, Maize, Sugarcane, Pulses","DAP, Compost, NPK, Urea, Biofertilizer",maize,"Wheat, Mustard, Barley, Peas, Gram",Winter,28.07,44,haze,280.0,450.0,40.0,60.0,300.0,450.0,6.5,7.5
train,Alluvial soil,C:\Users\Pranjal Yallurkar\OneDrive\Desktop\PROJECT\Final\soil_photos-20251020T144319Z-1-001\soil_photos\train\Alluvial soil\Copy of photo_2022-06-01_07-07-52.jpg,Reddish,6.5–7.5,25–35,60–80,280–450,40–60,300–450,"Rice, Wheat, Maize, Sugarcane, Pulses","DAP, Compost, NPK, Urea, Biofertilizer",maize,"Wheat, Mustard, Barley, Peas, Gram",Winter,28.07,44,haze,280.0,450.0,40.0,60.0,300.0,450.0,6.5,7.5
train,Alluvial soil,C:\Users\Pranjal Yallurkar\OneDrive\Desktop\PROJECT\Final\soil_photos-20251020T144319Z-1-001\soil_photos\train\Alluvial soil\Copy of photo_2022-06-01_07-07-56.jpg,Reddish,6.5–7.5,25–35,60–80,280–450,40–60,300–450,"Rice, Wheat, Maize, Sugarcane, Pulses","DAP, Compost, NPK, Urea, Biofertilizer",maize,"Wheat, Mustard, Barley, Peas, Gram",Winter,28.07,44,haze,280.0,450.0,40.0,60.0,300.0,450.0,6.5,7.5
train,Alluvial soil,C:\Users\Pranjal Yallurkar\OneDrive\Desktop\PROJECT\Final\soil_photos-20251020T144319Z-1-001\soil_photos\train\Alluvial soil\Copy of photo_2022-06-01_07-08-00.jpg,Reddish,6.5–7.5,25–35,60–80,280–450,40–60,300–450,"Rice, Wheat, Maize, Sugarcane, Pulses","DAP, Compost, NPK, Urea, Biofertilizer",maize,"Wheat, Mustard, Barley, Peas, Gram",Winter,28.07,44,haze,280.0,450.0,40.0,60.0,300.0,450.0,6.5,7.5
train,Alluvial soil,C:\Users\Pranjal Yallurkar\OneDrive\Desktop\PROJECT\Final\soil_photos-20251020T144319Z-1-001\soil_photos\train\Alluvial soil\Copy of photo_2022-06-01_07-08-03.jpg,Reddish,6.5–7.5,25–35,60–80,280–450,40–60,300–450,"Rice, Wheat, Maize, Sugarcane, Pulses","DAP, Compost, NPK, Urea, Biofertilizer",maize,"Wheat, Mustard, Barley, Peas, Gram",Winter,28.07,44,haze,280.0,450.0,40.0,60.0,300.0,450.0,6.5,7.5
train,Alluvial soil,C:\Users\Pranjal Yallurkar\OneDrive\Desktop\PROJECT\Final\soil_photos-20251020T144319Z-1-001\soil_photos\train\Alluvial soil\Copy of photo_2022-06-01_07-08-07.jpg,Reddish,6.5–7.5,25–35,60–80,280–450,40–60,300–450,"Rice, Wheat, Maize, Sugarcane, Pulses","DAP, Compost, NPK, Urea, Biofertilizer",maize,"Wheat, Mustard, Barley, Peas, Gram",Winter,28.07,44,haze,280.0,450.0,40.0,60.0,300.0,450.0,6.5,7.5
train,Alluvial soil,C:\Users\Pranjal Yallurkar\OneDrive\Desktop\PROJECT\Final\soil_photos-20251020T144319Z-1-001\soil_photos\train\Alluvial soil\Copy of photo_2022-06-01_07-08-10.jpg,Reddish,6.5–7.5,25–35,60–80,280–450,40–60,300–450,"Rice, Wheat, Maize, Sugarcane, Pulses","DAP, Compost, NPK, Urea, Biofertilizer",maize,"Wheat, Mustard, Barley, Peas, Gram",Winter,28.07,44,haze,280.0,450.0,40.0,60.0,300.0,450.0,6.5,7.5
train,Alluvial soil,C:\Users\Pranjal Yallurkar\OneDrive\Desktop\PROJECT\Final\soil_photos-20251020T144319Z-1-001\soil_photos\train\Alluvial soil\Copy of photo_2022-06-01_07-08-14.jpg,Reddish,6.5–7.5,25–35,60–80,280–450,40–60,300–450,"Rice, Wheat, Maize, Sugarcane, Pulses","DAP, Compost, NPK, Urea, Biofertilizer",maize,"Wheat, Mustard, Barley, Peas, Gram",Winter,28.07,44,haze,280.0,450.0,40.0,60.0,300.0,450.0,6.5,7.5
train,Alluvial soil,C:\Users\Pranjal Yallurkar\OneDrive\Desktop\PROJECT\Final\soil_photos-20251020T144319Z-1-001\soil_photos\train\Alluvial soil\Copy of photo_2022-06-01_07-08-18.jpg,Reddish,6.5–7.5,25–35,60–80,280–450,40–60,300–450,"Rice, Wheat, Maize, Sugarcane, Pulses","DAP, Compost, NPK, Urea, Biofertilizer",maize,"Wheat, Mustard, Barley, Peas, Gram",Winter,28.07,44,haze,280.0,450.0,40.0,60.0,300.0,450.0,6.5,7.5
train,Alluvial soil,C:\Users\Pranjal Yallurkar\OneDrive\Desktop\PROJECT\Final\soil_photos-20251020T144319Z-1-001\soil_photos\train\Alluvial soil\Copy of photo_2022-06-01_07-08-22.jpg,Reddish,6.5–7.5,25–35,60–80,280–450,40–60,300–450,"Rice, Wheat, Maize, Sugarcane, Pulses","DAP, Compost, NPK, Urea, Biofertilizer",maize,"Wheat, Mustard, Barley, Peas, Gram",Winter,28.07,44,haze,280.0,450.0,40.0,60.0,300.0,450.0,6.5,7.5
train,Alluvial soil,C:\Users\Pranjal Yallurkar\OneDrive\Desktop\PROJECT\Final\soil_photos-20251020T144319Z-1-001\soil_photos\train\Alluvial soil\Copy of photo_2022-06-01_07-08-26.jpg,Reddish,6.5–7.5,25–35,60–80,280–450,40–60,300–450,"Rice, Wheat, Maize, Sugarcane, Pulses","DAP, Compost, NPK, Urea, Biofertilizer",maize,"Wheat, Mustard, Barley, Peas, Gram",Winter,28.07,44,haze,280.0,450.0,40.0,60.0,300.0,450.0,6.5,7.5
train,Alluvial soil,C:\Users\Pranjal Yallurkar\OneDrive\Desktop\PROJECT\Final\soil_photos-20251020T144319Z-1-001\soil_photos\train\Alluvial soil\Copy of photo_2022-06-01_07-08-29.jpg,Reddish,6.5–7.5,25–35,60–80,280–450,40–60,300–450,"Rice, Wheat, Maize, Sugarcane, Pulses","DAP, Compost, NPK, Urea, Biofertilizer",maize,"Wheat, Mustard, Barley, Peas, Gram",Winter,28.07,44,haze,280.0,450.0,40.0,60.0,300.0,450.0,6.5,7.5
train,Alluvial soil,C:\Users\Pranjal Yallurkar\OneDrive\Desktop\PROJECT\Final\soil_photos-20251020T144319Z-1-001\soil_photos\train\Alluvial soil\Copy of photo_2022-06-01_07-08-33.jpg,Reddish,6.5–7.5,25–35,60–80,280–450,40–60,300–450,"Rice, Wheat, Maize, Sugarcane, Pulses","DAP, Compost, NPK, Urea, Biofertilizer",maize,"Wheat, Mustard, Barley, Peas, Gram",Winter,28.07,44,haze,280.0,450.0,40.0,60.0,300.0,450.0,6.5,7.5
train,Alluvial soil,C:\Users\Pranjal Yallurkar\OneDrive\Desktop\PROJECT\Final\soil_photos-20251020T144319Z-1-001\soil_photos\train\Alluvial soil\Copy of photo_2022-06-01_07-08-36.jpg,Reddish,6.5–7.5,25–35,60–80,280–450,40–60,300–450,"Rice, Wheat, Maize, Sugarcane, Pulses","DAP, Compost, NPK, Urea, Biofertilizer",maize,"Wheat, Mustard, Barley, Peas, Gram",Winter,28.07,44,haze,280.0,450.0,40.0,60.0,300.0,450.0,6.5,7.5
train,Alluvial soil,C:\Users\Pranjal Yallurkar\OneDrive\Desktop\PROJECT\Final\soil_photos-20251020T144319Z-1-001\soil_photos\train\Alluvial soil\Copy of photo_2022-06-01_07-08-40.jpg,Reddish,6.5–7.5,25–35,60–80,280–450,40–60,300–450,"Rice, Wheat, Maize, Sugarcane, Pulses","DAP, Compost, NPK, Urea, Biofertilizer",maize,"Wheat, Mustard, Barley, Peas, Gram",Winter,28.07,44,haze,280.0,450.0,40.0,60.0,300.0,450.0,6.5,7.5
train,Alluvial soil,C:\Users\Pranjal Yallurkar\OneDrive\Desktop\PROJECT\Final\soil_photos-20251020T144319Z-1-001\soil_photos\train\Alluvial soil\Copy of photo_2022-06-01_07-08-43.jpg,Reddish,6.5–7.5,25–35,60–80,280–450,40–60,300–450,"Rice, Wheat, Maize, Sugarcane, Pulses","DAP, Compost, NPK, Urea, Biofertilizer",maize,"Wheat, Mustard, Barley, Peas, Gram",Winter,28.07,44,haze,280.0,450.0,40.0,60.0,300.0,450.0,6.5,7.5
train,Alluvial soil,C:\Users\Pranjal Yallurkar\OneDrive\Desktop\PROJECT\Final\soil_photos-20251020T144319Z-1-001\soil_photos\train\Alluvial soil\Copy of photo_2022-06-01_07-08-46.jpg,Reddish,6.5–7.5,25–35,60–80,280–450,40–60,300–450,"Rice, Wheat, Maize, Sugarcane, Pulses","DAP, Compost, NPK, Urea, Biofertilizer",maize,"Wheat, Mustard, Barley, Peas, Gram",Winter,28.07,44,haze,280.0,450.0,40.0,60.0,300.0,450.0,6.5,7.5
train,Alluvial soil,C:\Users\Pranjal Yallurkar\OneDrive\Desktop\PROJECT\Final\soil_photos-20251020T144319Z-1-001\soil_photos\train\Alluvial soil\Copy of photo_2022-06-01_07-08-50.jpg,Reddish,6.5–7.5,25–35,60–80,280–450,40–60,300–450,"Rice, Wheat, Maize, Sugarcane, Pulses","DAP, Compost, NPK, Urea, Biofertilizer",maize,"Wheat, Mustard, Barley, Peas, Gram",Winter,28.07,44,haze,280.0,450.0,40.0,60.0,300.0,450.0,6.5,7.5
train,Alluvial soil,C:\Users\Pranjal Yallurkar\OneDrive\Desktop\PROJECT\Final\soil_photos-20251020T144319Z-1-001\soil_photos\train\Alluvial soil\Copy of photo_2022-06-01_07-08-54.jpg,Reddish,6.5–7.5,25–35,60–80,280–450,40–60,300–450,"Rice, Wheat, Maize, Sugarcane, Pulses","DAP, Compost, NPK, Urea, Biofertilizer",maize,"Wheat, Mustard, Barley, Peas, Gram",Winter,28.07,44,haze,280.0,450.0,40.0,60.0,300.0,450.0,6.5,7.5
train,Alluvial soil,C:\Users\Pranjal Yallurkar\OneDrive\Desktop\PROJECT\Final\soil_photos-20251020T144319Z-1-001\soil_photos\train\Alluvial soil\Copy of photo_2022-06-01_07-08-57.jpg,Reddish,6.5–7.5,25–35,60–80,280–450,40–60,300–450,"Rice, Wheat, Maize, Sugarcane, Pulses","DAP, Compost, NPK, Urea, Biofertilizer",maize,"Wheat, Mustard, Barley, Peas, Gram",Winter,28.07,44,haze,280.0,450.0,40.0,60.0,300.0,450.0,6.5,7.5
train,Alluvial soil,C:\Users\Pranjal Yallurkar\OneDrive\Desktop\PROJECT\Final\soil_photos-20251020T144319Z-1-001\soil_photos\train\Alluvial soil\Copy of photo_2022-06-01_07-09-01.jpg,Reddish,6.5–7.5,25–35,60–80,280–450,40–60,300–450,"Rice, Wheat, Maize, Sugarcane, Pulses","DAP, Compost, NPK, Urea, Biofertilizer",maize,"Wheat, Mustard, Barley, Peas, Gram",Winter,28.07,44,haze,280.0,450.0,40.0,60.0,300.0,450.0,6.5,7.5
train,Alluvial soil,C:\Users\Pranjal Yallurkar\OneDrive\Desktop\PROJECT\Final\soil_photos-20251020T144319Z-1-001\soil_photos\train\Alluvial soil\Copy of photo_2022-06-01_07-09-04.jpg,Reddish,6.5–7.5,25–35,60–80,280–450,40–60,300–450,"Rice, Wheat, Maize, Sugarcane, Pulses","DAP, Compost, NPK, Urea, Biofertilizer",maize,"Wheat, Mustard, Barley, Peas, Gram",Winter,28.07,44,haze,280.0,450.0,40.0,60.0,300.0,450.0,6.5,7.5
train,Alluvial soil,C:\Users\Pranjal Yallurkar\OneDrive\Desktop\PROJECT\Final\soil_photos-20251020T144319Z-1-001\soil_photos\train\Alluvial soil\Copy of photo_2022-06-01_07-09-07.jpg,Reddish,6.5–7.5,25–35,60–80,280–450,40–60,300–450,"Rice, Wheat, Maize, Sugarcane, Pulses","DAP, Compost, NPK, Urea, Biofertilizer",maize,"Wheat, Mustard, Barley, Peas, Gram",Winter,28.07,44,haze,280.0,450.0,40.0,60.0,300.0,450.0,6.5,7.5
train,Alluvial soil,C:\Users\Pranjal Yallurkar\OneDrive\Desktop\PROJECT\Final\soil_photos-20251020T144319Z-1-001\soil_photos\train\Alluvial soil\Copy of photo_2022-06-01_07-09-11.jpg,Reddish,6.5–7.5,25–35,60–80,280–450,40–60,300–450,"Rice, Wheat, Maize, Sugarcane, Pulses","DAP, Compost, NPK, Urea, Biofertilizer",maize,"Wheat, Mustard, Barley, Peas, Gram",Winter,28.07,44,haze,280.0,450.0,40.0,60.0,300.0,450.0,6.5,7.5
train,Alluvial soil,C:\Users\Pranjal Yallurkar\OneDrive\Desktop\PROJECT\Final\soil_photos-20251020T144319Z-1-001\soil_photos\train\Alluvial soil\Copy of photo_2022-06-01_07-09-14.jpg,Reddish,6.5–7.5,25–35,60–80,280–450,40–60,300–450,"Rice, Wheat, Maize, Sugarcane, Pulses","DAP, Compost, NPK, Urea, Biofertilizer",maize,"Wheat, Mustard, Barley, Peas, Gram",Winter,28.07,44,haze,280.0,450.0,40.0,60.0,300.0,450.0,6.5,7.5
train,Alluvial soil,C:\Users\Pranjal Yallurkar\OneDrive\Desktop\PROJECT\Final\soil_photos-20251020T144319Z-1-001\soil_photos\train\Alluvial soil\Copy of photo_2022-06-01_07-09-17.jpg,Reddish,6.5–7.5,25–35,60–80,280–450,40–60,300–450,"Rice, Wheat, Maize, Sugarcane, Pulses","DAP, Compost, NPK, Urea, Biofertilizer",maize,"Wheat, Mustard, Barley, Peas, Gram",Winter,28.07,44,haze,280.0,450.0,40.0,60.0,300.0,450.0,6.5,7.5
train,Alluvial soil,C:\Users\Pranjal Yallurkar\OneDrive\Desktop\PROJECT\Final\soil_photos-20251020T144319Z-1-001\soil_photos\train\Alluvial soil\Copy of photo_2022-06-01_07-09-20.jpg,Reddish,6.5–7.5,25–35,60–80,280–450,40–60,300–450,"Rice, Wheat, Maize, Sugarcane, Pulses","DAP, Compost, NPK, Urea, Biofertilizer",maize,"Wheat, Mustard, Barley, Peas, Gram",Winter,28.07,44,haze,280.0,450.0,40.0,60.0,300.0,450.0,6.5,7.5
train,Alluvial soil,C:\Users\Pranjal Yallurkar\OneDrive\Desktop\PROJECT\Final\soil_photos-20251020T144319Z-1-001\soil_photos\train\Alluvial soil\Copy of photo_2022-06-01_07-09-23.jpg,Reddish,6.5–7.5,25–35,60–80,280–450,40–60,300–450,"Rice, Wheat, Maize, Sugarcane, Pulses","DAP, Compost, NPK, Urea, Biofertilizer",maize,"Wheat, Mustard, Barley, Peas, Gram",Winter,28.07,44,haze,280.0,450.0,40.0,60.0,300.0,450.0,6.5,7.5
train,Alluvial soil,C:\Users\Pranjal Yallurkar\OneDrive\Desktop\PROJECT\Final\soil_photos-20251020T144319Z-1-001\soil_photos\train\Alluvial soil\Copy of photo_2022-06-01_07-09-27.jpg,Reddish,6.5–7.5,25–35,60–80,280–450,40–60,300–450,"Rice, Wheat, Maize, Sugarcane, Pulses","DAP, Compost, NPK, Urea, Biofertilizer",maize,"Wheat, Mustard, Barley, Peas, Gram",Winter,28.07,44,haze,280.0,450.0,40.0,60.0,300.0,450.0,6.5,7.5
train,Alluvial soil,C:\Users\Pranjal Yallurkar\OneDrive\Desktop\PROJECT\Final\soil_photos-20251020T144319Z-1-001\soil_photos\train\Alluvial soil\Copy of photo_2022-06-01_07-09-31.jpg,Reddish,6.5–7.5,25–35,60–80,280–450,40–60,300–450,"Rice, Wheat, Maize, Sugarcane, Pulses","DAP, Compost, NPK, Urea, Biofertilizer",maize,"Wheat, Mustard, Barley, Peas, Gram",Winter,28.07,44,haze,280.0,450.0,40.0,60.0,300.0,450.0,6.5,7.5
train,Alluvial soil,C:\Users\Pranjal Yallurkar\OneDrive\Desktop\PROJECT\Final\soil_photos-20251020T144319Z-1-001\soil_photos\train\Alluvial soil\Copy of photo_2022-06-01_07-09-35.jpg,Reddish,6.5–7.5,25–35,60–80,280–450,40–60,300–450,"Rice, Wheat, Maize, Sugarcane, Pulses","DAP, Compost, NPK, Urea, Biofertilizer",maize,"Wheat, Mustard, Barley, Peas, Gram",Winter,28.07,44,haze,280.0,450.0,40.0,60.0,300.0,450.0,6.5,7.5
train,Alluvial soil,C:\Users\Pranjal Yallurkar\OneDrive\Desktop\PROJECT\Final\soil_photos-20251020T144319Z-1-001\soil_photos\train\Alluvial soil\Copy of photo_2022-06-01_07-09-39.jpg,Reddish,6.5–7.5,25–35,60–80,280–450,40–60,300–450,"Rice, Wheat, Maize, Sugarcane, Pulses","DAP, Compost, NPK, Urea, Biofertilizer",maize,"Wheat, Mustard, Barley, Peas, Gram",Winter,28.07,44,haze,280.0,450.0,40.0,60.0,300.0,450.0,6.5,7.5
train,Alluvial soil,C:\Users\Pranjal Yallurkar\OneDrive\Desktop\PROJECT\Final\soil_photos-20251020T144319Z-1-001\soil_photos\train\Alluvial soil\Copy of photo_2022-06-01_07-09-42.jpg,Reddish,6.5–7.5,25–35,60–80,280–450,40–60,300–450,"Rice, Wheat, Maize, Sugarcane, Pulses","DAP, Compost, NPK, Urea, Biofertilizer",maize,"Wheat, Mustard, Barley, Peas, Gram",Winter,28.07,44,haze,280.0,450.0,40.0,60.0,300.0,450.0,6.5,7.5
train,Alluvial soil,C:\Users\Pranjal Yallurkar\OneDrive\Desktop\PROJECT\Final\soil_photos-20251020T144319Z-1-001\soil_photos\train\Alluvial soil\Copy of photo_2022-06-01_07-09-46.jpg,Reddish,6.5–7.5,25–35,60–80,280–450,40–60,300–450,"Rice, Wheat, Maize, Sugarcane, Pulses","DAP, Compost, NPK, Urea, Biofertilizer",maize,"Wheat, Mustard, Barley, Peas, Gram",Winter,28.07,44,haze,280.0,450.0,40.0,60.0,300.0,450.0,6.5,7.5
train,Alluvial soil,C:\Users\Pranjal Yallurkar\OneDrive\Desktop\PROJECT\Final\soil_photos-20251020T144319Z-1-001\soil_photos\train\Alluvial soil\Copy of photo_2022-06-01_07-09-49.jpg,Reddish,6.5–7.5,25–35,60–80,280–450,40–60,300–450,"Rice, Wheat, Maize, Sugarcane, Pulses","DAP, Compost, NPK, Urea, Biofertilizer",maize,"Wheat, Mustard, Barley, Peas, Gram",Winter,28.07,44,haze,280.0,450.0,40.0,60.0,300.0,450.0,6.5,7.5
train,Alluvial soil,C:\Users\Pranjal Yallurkar\OneDrive\Desktop\PROJECT\Final\soil_photos-20251020T144319Z-1-001\soil_photos\train\Alluvial soil\Copy of photo_2022-06-01_07-09-53.jpg,Reddish,6.5–7.5,25–35,60–80,280–450,40–60,300–450,"Rice, Wheat, Maize, Sugarcane, Pulses","DAP, Compost, NPK, Urea, Biofertilizer",maize,"Wheat, Mustard, Barley, Peas, Gram",Winter,28.07,44,haze,280.0,450.0,40.0,60.0,300.0,450.0,6.5,7.5
train,Alluvial soil,C:\Users\Pranjal Yallurkar\OneDrive\Desktop\PROJECT\Final\soil_photos-20251020T144319Z-1-001\soil_photos\train\Alluvial soil\Copy of photo_2022-06-01_07-09-58.jpg,Reddish,6.5–7.5,25–35,60–80,280–450,40–60,300–450,"Rice, Wheat, Maize, Sugarcane, Pulses","DAP, Compost, NPK, Urea, Biofertilizer",maize,"Wheat, Mustard, Barley, Peas, Gram",Winter,28.07,44,haze,280.0,450.0,40.0,60.0,300.0,450.0,6.5,7.5
train,Alluvial soil,C:\Users\Pranjal Yallurkar\OneDrive\Desktop\PROJECT\Final\soil_photos-20251020T144319Z-1-001\soil_photos\train\Alluvial soil\Copy of photo_2022-06-01_07-10-02.jpg,Reddish,6.5–7.5,25–35,60–80,280–450,40–60,300–450,"Rice, Wheat, Maize, Sugarcane, Pulses","DAP, Compost, NPK, Urea, Biofertilizer",maize,"Wheat, Mustard, Barley, Peas, Gram",Winter,28.07,44,haze,280.0,450.0,40.0,60.0,300.0,450.0,6.5,7.5
train,Alluvial soil,C:\Users\Pranjal Yallurkar\OneDrive\Desktop\PROJECT\Final\soil_photos-20251020T144319Z-1-001\soil_photos\train\Alluvial soil\Copy of photo_2022-06-01_07-10-05.jpg,Reddish,6.5–7.5,25–35,60–80,280–450,40–60,300–450,"Rice, Wheat, Maize, Sugarcane, Pulses","DAP, Compost, NPK, Urea, Biofertilizer",maize,"Wheat, Mustard, Barley, Peas, Gram",Winter,28.07,44,haze,280.0,450.0,40.0,60.0,300.0,450.0,6.5,7.5
train,Alluvial soil,C:\Users\Pranjal Yallurkar\OneDrive\Desktop\PROJECT\Final\soil_photos-20251020T144319Z-1-001\soil_photos\train\Alluvial soil\Copy of photo_2022-06-01_07-10-09.jpg,Reddish,6.5–7.5,25–35,60–80,280–450,40–60,300–450,"Rice, Wheat, Maize, Sugarcane, Pulses","DAP, Compost, NPK, Urea, Biofertilizer",maize,"Wheat, Mustard, Barley, Peas, Gram",Winter,28.07,44,haze,280.0,450.0,40.0,60.0,300.0,450.0,6.5,7.5
train,Alluvial soil,C:\Users\Pranjal Yallurkar\OneDrive\Desktop\PROJECT\Final\soil_photos-20251020T144319Z-1-001\soil_photos\train\Alluvial soil\Copy of photo_2022-06-01_07-10-12.jpg,Reddish,6.5–7.5,25–35,60–80,280–450,40–60,300–450,"Rice, Wheat, Maize, Sugarcane, Pulses","DAP, Compost, NPK, Urea, Biofertilizer",maize,"Wheat, Mustard, Barley, Peas, Gram",Winter,28.07,44,haze,280.0,450.0,40.0,60.0,300.0,450.0,6.5,7.5
train,Alluvial soil,C:\Users\Pranjal Yallurkar\OneDrive\Desktop\PROJECT\Final\soil_photos-20251020T144319Z-1-001\soil_photos\train\Alluvial soil\Copy of photo_2022-06-01_07-10-15.jpg,Reddish,6.5–7.5,25–35,60–80,280–450,40–60,300–450,"Rice, Wheat, Maize, Sugarcane, Pulses","DAP, Compost, NPK, Urea, Biofertilizer",maize,"Wheat, Mustard, Barley, Peas, Gram",Winter,28.07,44,haze,280.0,450.0,40.0,60.0,300.0,450.0,6.5,7.5
train,Alluvial soil,C:\Users\Pranjal Yallurkar\OneDrive\Desktop\PROJECT\Final\soil_photos-20251020T144319Z-1-001\soil_photos\train\Alluvial soil\Copy of photo_2022-06-01_07-10-17.jpg,Reddish,6.5–7.5,25–35,60–80,280–450,40–60,300–450,"Rice, Wheat, Maize, Sugarcane, Pulses","DAP, Compost, NPK, Urea, Biofertilizer",maize,"Wheat, Mustard, Barley, Peas, Gram",Winter,28.07,44,haze,280.0,450.0,40.0,60.0,300.0,450.0,6.5,7.5
train,Alluvial soil,C:\Users\Pranjal Yallurkar\OneDrive\Desktop\PROJECT\Final\soil_photos-20251020T144319Z-1-001\soil_photos\train\Alluvial soil\Copy of photo_2022-06-01_07-10-21.jpg,Reddish,6.5–7.5,25–35,60–80,280–450,40–60,300–450,"Rice, Wheat, Maize, Sugarcane, Pulses","DAP, Compost, NPK, Urea, Biofertilizer",maize,"Wheat, Mustard, Barley, Peas, Gram",Winter,28.07,44,haze,280.0,450.0,40.0,60.0,300.0,450.0,6.5,7.5
train,Alluvial soil,C:\Users\Pranjal Yallurkar\OneDrive\Desktop\PROJECT\Final\soil_photos-20251020T144319Z-1-001\soil_photos\train\Alluvial soil\Copy of photo_2022-06-01_07-10-24.jpg,Reddish,6.5–7.5,25–35,60–80,280–450,40–60,300–450,"Rice, Wheat, Maize, Sugarcane, Pulses","DAP, Compost, NPK, Urea, Biofertilizer",maize,"Wheat, Mustard, Barley, Peas, Gram",Winter,28.07,44,haze,280.0,450.0,40.0,60.0,300.0,450.0,6.5,7.5
train,Alluvial soil,C:\Users\Pranjal Yallurkar\OneDrive\Desktop\PROJECT\Final\soil_photos-20251020T144319Z-1-001\soil_photos\train\Alluvial soil\Copy of photo_2022-06-01_07-10-28.jpg,Reddish,6.5–7.5,25–35,60–80,280–450,40–60,300–450,"Rice, Wheat, Maize, Sugarcane, Pulses","DAP, Compost, NPK, Urea, Biofertilizer",maize,"Wheat, Mustard, Barley, Peas, Gram",Winter,28.07,44,haze,280.0,450.0,40.0,60.0,300.0,450.0,6.5,7.5
train,Alluvial soil,C:\Users\Pranjal Yallurkar\OneDrive\Desktop\PROJECT\Final\soil_photos-20251020T144319Z-1-001\soil_photos\train\Alluvial soil\Copy of Sample10.0.jpg,Reddish,6.5–7.5,25–35,60–80,280–450,40–60,300–450,"Rice, Wheat, Maize, Sugarcane, Pulses","DAP, Compost, NPK, Urea, Biofertilizer",maize,"Wheat, Mustard, Barley, Peas, Gram",Winter,28.07,44,haze,280.0,450.0,40.0,60.0,300.0,450.0,6.5,7.5
train,Alluvial soil,C:\Users\Pranjal Yallurkar\OneDrive\Desktop\PROJECT\Final\soil_photos-20251020T144319Z-1-001\soil_photos\train\Alluvial soil\Copy of Sample10.120.jpg,Reddish,6.5–7.5,25–35,60–80,280–450,40–60,300–450,"Rice, Wheat, Maize, Sugarcane, Pulses","DAP, Compost, NPK, Urea, Biofertilizer",maize,"Wheat, Mustard, Barley, Peas, Gram",Winter,28.07,44,haze,280.0,450.0,40.0,60.0,300.0,450.0,6.5,7.5
train,Alluvial soil,C:\Users\Pranjal Yallurkar\OneDrive\Desktop\PROJECT\Final\soil_photos-20251020T144319Z-1-001\soil_photos\train\Alluvial soil\Copy of Sample10.150.jpg,Reddish,6.5–7.5,25–35,60–80,280–450,40–60,300–450,"Rice, Wheat, Maize, Sugarcane, Pulses","DAP, Compost, NPK, Urea, Biofertilizer",maize,"Wheat, Mustard, Barley, Peas, Gram",Winter,28.07,44,haze,280.0,450.0,40.0,60.0,300.0,450.0,6.5,7.5
train,Alluvial soil,C:\Users\Pranjal Yallurkar\OneDrive\Desktop\PROJECT\Final\soil_photos-20251020T144319Z-1-001\soil_photos\train\Alluvial soil\Copy of Sample10.180.jpg,Reddish,6.5–7.5,25–35,60–80,280–450,40–60,300–450,"Rice, Wheat, Maize, Sugarcane, Pulses","DAP, Compost, NPK, Urea, Biofertilizer",maize,"Wheat, Mustard, Barley, Peas, Gram",Winter,28.07,44,haze,280.0,450.0,40.0,60.0,300.0,450.0,6.5,7.5
train,Alluvial soil,C:\Users\Pranjal Yallurkar\OneDrive\Desktop\PROJECT\Final\soil_photos-20251020T144319Z-1-001\soil_photos\train\Alluvial soil\Copy of Sample10.30.jpg,Reddish,6.5–7.5,25–35,60–80,280–450,40–60,300–450,"Rice, Wheat, Maize, Sugarcane, Pulses","DAP, Compost, NPK, Urea, Biofertilizer",maize,"Wheat, Mustard, Barley, Peas, Gram",Winter,28.07,44,haze,280.0,450.0,40.0,60.0,300.0,450.0,6.5,7.5
train,Alluvial soil,C:\Users\Pranjal Yallurkar\OneDrive\Desktop\PROJECT\Final\soil_photos-20251020T144319Z-1-001\soil_photos\train\Alluvial soil\Copy of Sample10.60.jpg,Reddish,6.5–7.5,25–35,60–80,280–450,40–60,300–450,"Rice, Wheat, Maize, Sugarcane, Pulses","DAP, Compost, NPK, Urea, Biofertilizer",maize,"Wheat, Mustard, Barley, Peas, Gram",Winter,28.07,44,haze,280.0,450.0,40.0,60.0,300.0,450.0,6.5,7.5
train,Alluvial soil,C:\Users\Pranjal Yallurkar\OneDrive\Desktop\PROJECT\Final\soil_photos-20251020T144319Z-1-001\soil_photos\train\Alluvial soil\Copy of Sample10.90.jpg,Reddish,6.5–7.5,25–35,60–80,280–450,40–60,300–450,"Rice, Wheat, Maize, Sugarcane, Pulses","DAP, Compost, NPK, Urea, Biofertilizer",maize,"Wheat, Mustard, Barley, Peas, Gram",Winter,28.07,44,haze,280.0,450.0,40.0,60.0,300.0,450.0,6.5,7.5
train,Alluvial soil,C:\Users\Pranjal Yallurkar\OneDrive\Desktop\PROJECT\Final\soil_photos-20251020T144319Z-1-001\soil_photos\train\Alluvial soil\Copy of Sample11.0.jpg,Reddish,6.5–7.5,25–35,60–80,280–450,40–60,300–450,"Rice, Wheat, Maize, Sugarcane, Pulses","DAP, Compost, NPK, Urea, Biofertilizer",maize,"Wheat, Mustard, Barley, Peas, Gram",Winter,28.07,44,haze,280.0,450.0,40.0,60.0,300.0,450.0,6.5,7.5
train,Alluvial soil,C:\Users\Pranjal Yallurkar\OneDrive\Desktop\PROJECT\Final\soil_photos-20251020T144319Z-1-001\soil_photos\train\Alluvial soil\Copy of Sample11.120.jpg,Reddish,6.5–7.5,25–35,60–80,280–450,40–60,300–450,"Rice, Wheat, Maize, Sugarcane, Pulses","DAP, Compost, NPK, Urea, Biofertilizer",maize,"Wheat, Mustard, Barley, Peas, Gram",Winter,28.07,44,haze,280.0,450.0,40.0,60.0,300.0,450.0,6.5,7.5
train,Alluvial soil,C:\Users\Pranjal Yallurkar\OneDrive\Desktop\PROJECT\Final\soil_photos-20251020T144319Z-1-001\soil_photos\train\Alluvial soil\Copy of Sample11.150.jpg,Reddish,6.5–7.5,25–35,60–80,280–450,40–60,300–450,"Rice, Wheat, Maize, Sugarcane, Pulses","DAP, Compost, NPK, Urea, Biofertilizer",maize,"Wheat, Mustard, Barley, Peas, Gram",Winter,28.07,44,haze,280.0,450.0,40.0,60.0,300.0,450.0,6.5,7.5
train,Alluvial soil,C:\Users\Pranjal Yallurkar\OneDrive\Desktop\PROJECT\Final\soil_photos-20251020T144319Z-1-001\soil_photos\train\Alluvial soil\Copy of Sample11.180.jpg,Reddish,6.5–7.5,25–35,60–80,280–450,40–60,300–450,"Rice, Wheat, Maize, Sugarcane, Pulses","DAP, Compost, NPK, Urea, Biofertilizer",maize,"Wheat, Mustard, Barley, Peas, Gram",Winter,28.07,44,haze,280.0,450.0,40.0,60.0,300.0,450.0,6.5,7.5
train,Alluvial soil,C:\Users\Pranjal Yallurkar\OneDrive\Desktop\PROJECT\Final\soil_photos-20251020T144319Z-1-001\soil_photos\train\Alluvial soil\Copy of Sample11.30.jpg,Reddish,6.5–7.5,25–35,60–80,280–450,40–60,300–450,"Rice, Wheat, Maize, Sugarcane, Pulses","DAP, Compost, NPK, Urea, Biofertilizer",maize,"Wheat, Mustard, Barley, Peas, Gram",Winter,28.07,44,haze,280.0,450.0,40.0,60.0,300.0,450.0,6.5,7.5
train,Alluvial soil,C:\Users\Pranjal Yallurkar\OneDrive\Desktop\PROJECT\Final\soil_photos-20251020T144319Z-1-001\soil_photos\train\Alluvial soil\Copy of Sample11.60.jpg,Reddish,6.5–7.5,25–35,60–80,280–450,40–60,300–450,"Rice, Wheat, Maize, Sugarcane, Pulses","DAP, Compost, NPK, Urea, Biofertilizer",maize,"Wheat, Mustard, Barley, Peas, Gram",Winter,28.07,44,haze,280.0,450.0,40.0,60.0,300.0,450.0,6.5,7.5
train,Alluvial soil,C:\Users\Pranjal Yallurkar\OneDrive\Desktop\PROJECT\Final\soil_photos-20251020T144319Z-1-001\soil_photos\train\Alluvial soil\Copy of Sample11.90.jpg,Reddish,6.5–7.5,25–35,60–80,280–450,40–60,300–450,"Rice, Wheat, Maize, Sugarcane, Pulses","DAP, Compost, NPK, Urea, Biofertilizer",maize,"Wheat, Mustard, Barley, Peas, Gram",Winter,28.07,44,haze,280.0,450.0,40.0,60.0,300.0,450.0,6.5,7.5
train,Alluvial soil,C:\Users\Pranjal Yallurkar\OneDrive\Desktop\PROJECT\Final\soil_photos-20251020T144319Z-1-001\soil_photos\train\Alluvial soil\Copy of Sample13.0.jpg,Reddish,6.5–7.5,25–35,60–80,280–450,40–60,300–450,"Rice, Wheat, Maize, Sugarcane, Pulses","DAP, Compost, NPK, Urea, Biofertilizer",maize,"Wheat, Mustard, Barley, Peas, Gram",Winter,28.07,44,haze,280.0,450.0,40.0,60.0,300.0,450.0,6.5,7.5
train,Alluvial soil,C:\Users\Pranjal Yallurkar\OneDrive\Desktop\PROJECT\Final\soil_photos-20251020T144319Z-1-001\soil_photos\train\Alluvial soil\Copy of Sample13.120.jpg,Reddish,6.5–7.5,25–35,60–80,280–450,40–60,300–450,"Rice, Wheat, Maize, Sugarcane, Pulses","DAP, Compost, NPK, Urea, Biofertilizer",maize,"Wheat, Mustard, Barley, Peas, Gram",Winter,28.07,44,haze,280.0,450.0,40.0,60.0,300.0,450.0,6.5,7.5
train,Alluvial soil,C:\Users\Pranjal Yallurkar\OneDrive\Desktop\PROJECT\Final\soil_photos-20251020T144319Z-1-001\soil_photos\train\Alluvial soil\Copy of Sample13.150.jpg,Reddish,6.5–7.5,25–35,60–80,280–450,40–60,300–450,"Rice, Wheat, Maize, Sugarcane, Pulses","DAP, Compost, NPK, Urea, Biofertilizer",maize,"Wheat, Mustard, Barley, Peas, Gram",Winter,28.07,44,haze,280.0,450.0,40.0,60.0,300.0,450.0,6.5,7.5
train,Alluvial soil,C:\Users\Pranjal Yallurkar\OneDrive\Desktop\PROJECT\Final\soil_photos-20251020T144319Z-1-001\soil_photos\train\Alluvial soil\Copy of Sample13.180.jpg,Reddish,6.5–7.5,25–35,60–80,280–450,40–60,300–450,"Rice, Wheat, Maize, Sugarcane, Pulses","DAP, Compost, NPK, Urea, Biofertilizer",maize,"Wheat, Mustard, Barley, Peas, Gram",Winter,28.07,44,haze,280.0,450.0,40.0,60.0,300.0,450.0,6.5,7.5
train,Alluvial soil,C:\Users\Pranjal Yallurkar\OneDrive\Desktop\PROJECT\Final\soil_photos-20251020T144319Z-1-001\soil_photos\train\Alluvial soil\Copy of Sample13.30.jpg,Reddish,6.5–7.5,25–35,60–80,280–450,40–60,300–450,"Rice, Wheat, Maize, Sugarcane, Pulses","DAP, Compost, NPK, Urea, Biofertilizer",maize,"Wheat, Mustard, Barley, Peas, Gram",Winter,28.07,44,haze,280.0,450.0,40.0,60.0,300.0,450.0,6.5,7.5
train,Alluvial soil,C:\Users\Pranjal Yallurkar\OneDrive\Desktop\PROJECT\Final\soil_photos-20251020T144319Z-1-001\soil_photos\train\Alluvial soil\Copy of Sample13.60.jpg,Reddish,6.5–7.5,25–35,60–80,280–450,40–60,300–450,"Rice, Wheat, Maize, Sugarcane, Pulses","DAP, Compost, NPK, Urea, Biofertilizer",maize,"Wheat, Mustard, Barley, Peas, Gram",Winter,28.07,44,haze,280.0,450.0,40.0,60.0,300.0,450.0,6.5,7.5
train,Alluvial soil,C:\Users\Pranjal Yallurkar\OneDrive\Desktop\PROJECT\Final\soil_photos-20251020T144319Z-1-001\soil_photos\train\Alluvial soil\Copy of Sample13.90.jpg,Reddish,6.5–7.5,25–35,60–80,280–450,40–60,300–450,"Rice, Wheat, Maize, Sugarcane, Pulses","DAP, Compost, NPK, Urea, Biofertilizer",maize,"Wheat, Mustard, Barley, Peas, Gram",Winter,28.07,44,haze,280.0,450.0,40.0,60.0,300.0,450.0,6.5,7.5
train,Alluvial soil,C:\Users\Pranjal Yallurkar\OneDrive\Desktop\PROJECT\Final\soil_photos-20251020T144319Z-1-001\soil_photos\train\Alluvial soil\Copy of Sample9.0.jpg,Reddish,6.5–7.5,25–35,60–80,280–450,40–60,300–450,"Rice, Wheat, Maize, Sugarcane, Pulses","DAP, Compost, NPK, Urea, Biofertilizer",maize,"Wheat, Mustard, Barley, Peas, Gram",Winter,28.07,44,haze,280.0,450.0,40.0,60.0,300.0,450.0,6.5,7.5
train,Alluvial soil,C:\Users\Pranjal Yallurkar\OneDrive\Desktop\PROJECT\Final\soil_photos-20251020T144319Z-1-001\soil_photos\train\Alluvial soil\Copy of Sample9.120.jpg,Reddish,6.5–7.5,25–35,60–80,280–450,40–60,300–450,"Rice, Wheat, Maize, Sugarcane, Pulses","DAP, Compost, NPK, Urea, Biofertilizer",maize,"Wheat, Mustard, Barley, Peas, Gram",Winter,28.07,44,haze,280.0,450.0,40.0,60.0,300.0,450.0,6.5,7.5
train,Alluvial soil,C:\Users\Pranjal Yallurkar\OneDrive\Desktop\PROJECT\Final\soil_photos-20251020T144319Z-1-001\soil_photos\train\Alluvial soil\Copy of Sample9.150.jpg,Reddish,6.5–7.5,25–35,60–80,280–450,40–60,300–450,"Rice, Wheat, Maize, Sugarcane, Pulses","DAP, Compost, NPK, Urea, Biofertilizer",maize,"Wheat, Mustard, Barley, Peas, Gram",Winter,28.07,44,haze,280.0,450.0,40.0,60.0,300.0,450.0,6.5,7.5
train,Alluvial soil,C:\Users\Pranjal Yallurkar\OneDrive\Desktop\PROJECT\Final\soil_photos-20251020T144319Z-1-001\soil_photos\train\Alluvial soil\Copy of Sample9.180.jpg,Reddish,6.5–7.5,25–35,60–80,280–450,40–60,300–450,"Rice, Wheat, Maize, Sugarcane, Pulses","DAP, Compost, NPK, Urea, Biofertilizer",maize,"Wheat, Mustard, Barley, Peas, Gram",Winter,28.07,44,haze,280.0,450.0,40.0,60.0,300.0,450.0,6.5,7.5
train,Alluvial soil,C:\Users\Pranjal Yallurkar\OneDrive\Desktop\PROJECT\Final\soil_photos-20251020T144319Z-1-001\soil_photos\train\Alluvial soil\Copy of Sample9.30.jpg,Reddish,6.5–7.5,25–35,60–80,280–450,40–60,300–450,"Rice, Wheat, Maize, Sugarcane, Pulses","DAP, Compost, NPK, Urea, Biofertilizer",maize,"Wheat, Mustard, Barley, Peas, Gram",Winter,28.07,44,haze,280.0,450.0,40.0,60.0,300.0,450.0,6.5,7.5
train,Alluvial soil,C:\Users\Pranjal Yallurkar\OneDrive\Desktop\PROJECT\Final\soil_photos-20251020T144319Z-1-001\soil_photos\train\Alluvial soil\Copy of Sample9.60.jpg,Reddish,6.5–7.5,25–35,60–80,280–450,40–60,300–450,"Rice, Wheat, Maize, Sugarcane, Pulses","DAP, Compost, NPK, Urea, Biofertilizer",maize,"Wheat, Mustard, Barley, Peas, Gram",Winter,28.07,44,haze,280.0,450.0,40.0,60.0,300.0,450.0,6.5,7.5
train,Alluvial soil,C:\Users\Pranjal Yallurkar\OneDrive\Desktop\PROJECT\Final\soil_photos-20251020T144319Z-1-001\soil_photos\train\Alluvial soil\Copy of Sample9.90.jpg,Reddish,6.5–7.5,25–35,60–80,280–450,40–60,300–450,"Rice, Wheat, Maize, Sugarcane, Pulses","DAP, Compost, NPK, Urea, Biofertilizer",maize,"Wheat, Mustard, Barley, Peas, Gram",Winter,28.07,44,haze,280.0,450.0,40.0,60.0,300.0,450.0,6.5,7.5
train,Alluvial soil,C:\Users\Pranjal Yallurkar\OneDrive\Desktop\PROJECT\Final\soil_photos-20251020T144319Z-1-001\soil_photos\train\Alluvial soil\Copy of seamless-texture-dry-cracked-sand-clay-soil_97070-1703.jpg,Reddish,6.5–7.5,25–35,60–80,280–450,40–60,300–450,"Rice, Wheat, Maize, Sugarcane, Pulses","DAP, Compost, NPK, Urea, Biofertilizer",maize,"Wheat, Mustard, Barley, Peas, Gram",Winter,28.07,44,haze,280.0,450.0,40.0,60.0,300.0,450.0,6.5,7.5
train,Alluvial soil,C:\Users\Pranjal Yallurkar\OneDrive\Desktop\PROJECT\Final\soil_photos-20251020T144319Z-1-001\soil_photos\train\Alluvial soil\Copy of Soils-of-India.jpg,Reddish,6.5–7.5,25–35,60–80,280–450,40–60,300–450,"Rice, Wheat, Maize, Sugarcane, Pulses","DAP, Compost, NPK, Urea, Biofertilizer",maize,"Wheat, Mustard, Barley, Peas, Gram",Winter,28.07,44,haze,280.0,450.0,40.0,60.0,300.0,450.0,6.5,7.5
train,Alluvial soil,C:\Users\Pranjal Yallurkar\OneDrive\Desktop\PROJECT\Final\soil_photos-20251020T144319Z-1-001\soil_photos\train\Alluvial soil\Copy of unnamed-1-2.jpg,Reddish,6.5–7.5,25–35,60–80,280–450,40–60,300–450,"Rice, Wheat, Maize, Sugarcane, Pulses","DAP, Compost, NPK, Urea, Biofertilizer",maize,"Wheat, Mustard, Barley, Peas, Gram",Winter,28.07,44,haze,280.0,450.0,40.0,60.0,300.0,450.0,6.5,7.5
train,Alluvial soil,C:\Users\Pranjal Yallurkar\OneDrive\Desktop\PROJECT\Final\soil_photos-20251020T144319Z-1-001\soil_photos\train\Alluvial soil\Copy of v4-460px-Make-Clay-from-Indigenous-Soil-Step-1-Version-2.jpg,Reddish,6.5–7.5,25–35,60–80,280–450,40–60,300–450,"Rice, Wheat, Maize, Sugarcane, Pulses","DAP, Compost, NPK, Urea, Biofertilizer",maize,"Wheat, Mustard, Barley, Peas, Gram",Winter,28.07,44,haze,280.0,450.0,40.0,60.0,300.0,450.0,6.5,7.5
train,Alluvial soil,C:\Users\Pranjal Yallurkar\OneDrive\Desktop\PROJECT\Final\soil_photos-20251020T144319Z-1-001\soil_photos\train\Alluvial soil\desktop_137249cc-6732-40b3-94e1-1381ad82c07f.jpg,Reddish,6.5–7.5,25–35,60–80,280–450,40–60,300–450,"Rice, Wheat, Maize, Sugarcane, Pulses","DAP, Compost, NPK, Urea, Biofertilizer",maize,"Wheat, Mustard, Barley, Peas, Gram",Winter,28.07,44,haze,280.0,450.0,40.0,60.0,300.0,450.0,6.5,7.5
train,Alluvial soil,C:\Users\Pranjal Yallurkar\OneDrive\Desktop\PROJECT\Final\soil_photos-20251020T144319Z-1-001\soil_photos\train\Alluvial soil\image (2).jpeg,Reddish,6.5–7.5,25–35,60–80,280–450,40–60,300–450,"Rice, Wheat, Maize, Sugarcane, Pulses","DAP, Compost, NPK, Urea, Biofertilizer",maize,"Wheat, Mustard, Barley, Peas, Gram",Winter,28.07,44,haze,280.0,450.0,40.0,60.0,300.0,450.0,6.5,7.5
train,Alluvial soil,C:\Users\Pranjal Yallurkar\OneDrive\Desktop\PROJECT\Final\soil_photos-20251020T144319Z-1-001\soil_photos\train\Alluvial soil\image14 (2).jpeg,Reddish,6.5–7.5,25–35,60–80,280–450,40–60,300–450,"Rice, Wheat, Maize, Sugarcane, Pulses","DAP, Compost, NPK, Urea, Biofertilizer",maize,"Wheat, Mustard, Barley, Peas, Gram",Winter,28.07,44,haze,280.0,450.0,40.0,60.0,300.0,450.0,6.5,7.5
train,Alluvial soil,C:\Users\Pranjal Yallurkar\OneDrive\Desktop\PROJECT\Final\soil_photos-20251020T144319Z-1-001\soil_photos\train\Alluvial soil\image14 (3).jpeg,Reddish,6.5–7.5,25–35,60–80,280–450,40–60,300–450,"Rice, Wheat, Maize, Sugarcane, Pulses","DAP, Compost, NPK, Urea, Biofertilizer",maize,"Wheat, Mustard, Barley, Peas, Gram",Winter,28.07,44,haze,280.0,450.0,40.0,60.0,300.0,450.0,6.5,7.5
train,Alluvial soil,C:\Users\Pranjal Yallurkar\OneDrive\Desktop\PROJECT\Final\soil_photos-20251020T144319Z-1-001\soil_photos\train\Alluvial soil\image15 (2).jpeg,Reddish,6.5–7.5,25–35,60–80,280–450,40–60,300–450,"Rice, Wheat, Maize, Sugarcane, Pulses","DAP, Compost, NPK, Urea, Biofertilizer",maize,"Wheat, Mustard, Barley, Peas, Gram",Winter,28.07,44,haze,280.0,450.0,40.0,60.0,300.0,450.0,6.5,7.5
train,Alluvial soil,C:\Users\Pranjal Yallurkar\OneDrive\Desktop\PROJECT\Final\soil_photos-20251020T144319Z-1-001\soil_photos\train\Alluvial soil\image16 (2).jpeg,Reddish,6.5–7.5,25–35,60–80,280–450,40–60,300–450,"Rice, Wheat, Maize, Sugarcane, Pulses","DAP, Compost, NPK, Urea, Biofertilizer",maize,"Wheat, Mustard, Barley, Peas, Gram",Winter,28.07,44,haze,280.0,450.0,40.0,60.0,300.0,450.0,6.5,7.5
train,Alluvial soil,C:\Users\Pranjal Yallurkar\OneDrive\Desktop\PROJECT\Final\soil_photos-20251020T144319Z-1-001\soil_photos\train\Alluvial soil\image16 (3).jpeg,Reddish,6.5–7.5,25–35,60–80,280–450,40–60,300–450,"Rice, Wheat, Maize, Sugarcane, Pulses","DAP, Compost, NPK, Urea, Biofertilizer",maize,"Wheat, Mustard, Barley, Peas, Gram",Winter,28.07,44,haze,280.0,450.0,40.0,60.0,300.0,450.0,6.5,7.5
train,Alluvial soil,C:\Users\Pranjal Yallurkar\OneDrive\Desktop\PROJECT\Final\soil_photos-20251020T144319Z-1-001\soil_photos\train\Alluvial soil\image17 (2).jpeg,Reddish,6.5–7.5,25–35,60–80,280–450,40–60,300–450,"Rice, Wheat, Maize, Sugarcane, Pulses","DAP, Compost, NPK, Urea, Biofertilizer",maize,"Wheat, Mustard, Barley, Peas, Gram",Winter,28.07,44,haze,280.0,450.0,40.0,60.0,300.0,450.0,6.5,7.5
train,Alluvial soil,C:\Users\Pranjal Yallurkar\OneDrive\Desktop\PROJECT\Final\soil_photos-20251020T144319Z-1-001\soil_photos\train\Alluvial soil\image18.jpeg,Reddish,6.5–7.5,25–35,60–80,280–450,40–60,300–450,"Rice, Wheat, Maize, Sugarcane, Pulses","DAP, Compost, NPK, Urea, Biofertilizer",maize,"Wheat, Mustard, Barley, Peas, Gram",Winter,28.07,44,haze,280.0,450.0,40.0,60.0,300.0,450.0,6.5,7.5
train,Alluvial soil,C:\Users\Pranjal Yallurkar\OneDrive\Desktop\PROJECT\Final\soil_photos-20251020T144319Z-1-001\soil_photos\train\Alluvial soil\image19 (2).jpeg,Reddish,6.5–7.5,25–35,60–80,280–450,40–60,300–450,"Rice, Wheat, Maize, Sugarcane, Pulses","DAP, Compost, NPK, Urea, Biofertilizer",maize,"Wheat, Mustard, Barley, Peas, Gram",Winter,28.07,44,haze,280.0,450.0,40.0,60.0,300.0,450.0,6.5,7.5
train,Alluvial soil,C:\Users\Pranjal Yallurkar\OneDrive\Desktop\PROJECT\Final\soil_photos-20251020T144319Z-1-001\soil_photos\train\Alluvial soil\image2 (2).jpeg,Reddish,6.5–7.5,25–35,60–80,280–450,40–60,300–450,"Rice, Wheat, Maize, Sugarcane, Pulses","DAP, Compost, NPK, Urea, Biofertilizer",maize,"Wheat, Mustard, Barley, Peas, Gram",Winter,28.07,44,haze,280.0,450.0,40.0,60.0,300.0,450.0,6.5,7.5
train,Alluvial soil,C:\Users\Pranjal Yallurkar\OneDrive\Desktop\PROJECT\Final\soil_photos-20251020T144319Z-1-001\soil_photos\train\Alluvial soil\image24 (2).jpeg,Reddish,6.5–7.5,25–35,60–80,280–450,40–60,300–450,"Rice, Wheat, Maize, Sugarcane, Pulses","DAP, Compost, NPK, Urea, Biofertilizer",maize,"Wheat, Mustard, Barley, Peas, Gram",Winter,28.07,44,haze,280.0,450.0,40.0,60.0,300.0,450.0,6.5,7.5
train,Alluvial soil,C:\Users\Pranjal Yallurkar\OneDrive\Desktop\PROJECT\Final\soil_photos-20251020T144319Z-1-001\soil_photos\train\Alluvial soil\image24 (3).jpeg,Reddish,6.5–7.5,25–35,60–80,280–450,40–60,300–450,"Rice, Wheat, Maize, Sugarcane, Pulses","DAP, Compost, NPK, Urea, Biofertilizer",maize,"Wheat, Mustard, Barley, Peas, Gram",Winter,28.07,44,haze,280.0,450.0,40.0,60.0,300.0,450.0,6.5,7.5
train,Alluvial soil,C:\Users\Pranjal Yallurkar\OneDrive\Desktop\PROJECT\Final\soil_photos-20251020T144319Z-1-001\soil_photos\train\Alluvial soil\image3 (2).jpeg,Reddish,6.5–7.5,25–35,60–80,280–450,40–60,300–450,"Rice, Wheat, Maize, Sugarcane, Pulses","DAP, Compost, NPK, Urea, Biofertilizer",maize,"Wheat, Mustard, Barley, Peas, Gram",Winter,28.07,44,haze,280.0,450.0,40.0,60.0,300.0,450.0,6.5,7.5
train,Alluvial soil,C:\Users\Pranjal Yallurkar\OneDrive\Desktop\PROJECT\Final\soil_photos-20251020T144319Z-1-001\soil_photos\train\Alluvial soil\image30 (2).jpeg,Reddish,6.5–7.5,25–35,60–80,280–450,40–60,300–450,"Rice, Wheat, Maize, Sugarcane, Pulses","DAP, Compost, NPK, Urea, Biofertilizer",maize,"Wheat, Mustard, Barley, Peas, Gram",Winter,28.07,44,haze,280.0,450.0,40.0,60.0,300.0,450.0,6.5,7.5
train,Alluvial soil,C:\Users\Pranjal Yallurkar\OneDrive\Desktop\PROJECT\Final\soil_photos-20251020T144319Z-1-001\soil_photos\train\Alluvial soil\image6 (2).jpeg,Reddish,6.5–7.5,25–35,60–80,280–450,40–60,300–450,"Rice, Wheat, Maize, Sugarcane, Pulses","DAP, Compost, NPK, Urea, Biofertilizer",maize,"Wheat, Mustard, Barley, Peas, Gram",Winter,28.07,44,haze,280.0,450.0,40.0,60.0,300.0,450.0,6.5,7.5
train,Alluvial soil,C:\Users\Pranjal Yallurkar\OneDrive\Desktop\PROJECT\Final\soil_photos-20251020T144319Z-1-001\soil_photos\train\Alluvial soil\image7 (2).jpeg,Reddish,6.5–7.5,25–35,60–80,280–450,40–60,300–450,"Rice, Wheat, Maize, Sugarcane, Pulses","DAP, Compost, NPK, Urea, Biofertilizer",maize,"Wheat, Mustard, Barley, Peas, Gram",Winter,28.07,44,haze,280.0,450.0,40.0,60.0,300.0,450.0,6.5,7.5
train,Alluvial soil,C:\Users\Pranjal Yallurkar\OneDrive\Desktop\PROJECT\Final\soil_photos-20251020T144319Z-1-001\soil_photos\train\Alluvial soil\image7.jpeg,Reddish,6.5–7.5,25–35,60–80,280–450,40–60,300–450,"Rice, Wheat, Maize, Sugarcane, Pulses","DAP, Compost, NPK, Urea, Biofertilizer",maize,"Wheat, Mustard, Barley, Peas, Gram",Winter,28.07,44,haze,280.0,450.0,40.0,60.0,300.0,450.0,6.5,7.5
train,Alluvial soil,C:\Users\Pranjal Yallurkar\OneDrive\Desktop\PROJECT\Final\soil_photos-20251020T144319Z-1-001\soil_photos\train\Alluvial soil\images105.jpg,Reddish,6.5–7.5,25–35,60–80,280–450,40–60,300–450,"Rice, Wheat, Maize, Sugarcane, Pulses","DAP, Compost, NPK, Urea, Biofertilizer",maize,"Wheat, Mustard, Barley, Peas, Gram",Winter,28.07,44,haze,280.0,450.0,40.0,60.0,300.0,450.0,6.5,7.5
train,Alluvial soil,C:\Users\Pranjal Yallurkar\OneDrive\Desktop\PROJECT\Final\soil_photos-20251020T144319Z-1-001\soil_photos\train\Alluvial soil\images19 (2).jpg,Reddish,6.5–7.5,25–35,60–80,280–450,40–60,300–450,"Rice, Wheat, Maize, Sugarcane, Pulses","DAP, Compost, NPK, Urea, Biofertilizer",maize,"Wheat, Mustard, Barley, Peas, Gram",Winter,28.07,44,haze,280.0,450.0,40.0,60.0,300.0,450.0,6.5,7.5
train,Alluvial soil,C:\Users\Pranjal Yallurkar\OneDrive\Desktop\PROJECT\Final\soil_photos-20251020T144319Z-1-001\soil_photos\train\Alluvial soil\images21.jpg,Reddish,6.5–7.5,25–35,60–80,280–450,40–60,300–450,"Rice, Wheat, Maize, Sugarcane, Pulses","DAP, Compost, NPK, Urea, Biofertilizer",maize,"Wheat, Mustard, Barley, Peas, Gram",Winter,28.07,44,haze,280.0,450.0,40.0,60.0,300.0,450.0,6.5,7.5
train,Alluvial soil,C:\Users\Pranjal Yallurkar\OneDrive\Desktop\PROJECT\Final\soil_photos-20251020T144319Z-1-001\soil_photos\train\Alluvial soil\images42.jpg,Reddish,6.5–7.5,25–35,60–80,280–450,40–60,300–450,"Rice, Wheat, Maize, Sugarcane, Pulses","DAP, Compost, NPK, Urea, Biofertilizer",maize,"Wheat, Mustard, Barley, Peas, Gram",Winter,28.07,44,haze,280.0,450.0,40.0,60.0,300.0,450.0,6.5,7.5
train,Alluvial soil,C:\Users\Pranjal Yallurkar\OneDrive\Desktop\PROJECT\Final\soil_photos-20251020T144319Z-1-001\soil_photos\train\Alluvial soil\images58.jpg,Reddish,6.5–7.5,25–35,60–80,280–450,40–60,300–450,"Rice, Wheat, Maize, Sugarcane, Pulses","DAP, Compost, NPK, Urea, Biofertilizer",maize,"Wheat, Mustard, Barley, Peas, Gram",Winter,28.07,44,haze,280.0,450.0,40.0,60.0,300.0,450.0,6.5,7.5
train,Alluvial soil,C:\Users\Pranjal Yallurkar\OneDrive\Desktop\PROJECT\Final\soil_photos-20251020T144319Z-1-001\soil_photos\train\Alluvial soil\images60.jpg,Reddish,6.5–7.5,25–35,60–80,280–450,40–60,300–450,"Rice, Wheat, Maize, Sugarcane, Pulses","DAP, Compost, NPK, Urea, Biofertilizer",maize,"Wheat, Mustard, Barley, Peas, Gram",Winter,28.07,44,haze,280.0,450.0,40.0,60.0,300.0,450.0,6.5,7.5
train,Alluvial soil,C:\Users\Pranjal Yallurkar\OneDrive\Desktop\PROJECT\Final\soil_photos-20251020T144319Z-1-001\soil_photos\train\Alluvial soil\images64.jpg,Reddish,6.5–7.5,25–35,60–80,280–450,40–60,300–450,"Rice, Wheat, Maize, Sugarcane, Pulses","DAP, Compost, NPK, Urea, Biofertilizer",maize,"Wheat, Mustard, Barley, Peas, Gram",Winter,28.07,44,haze,280.0,450.0,40.0,60.0,300.0,450.0,6.5,7.5
train,Alluvial soil,C:\Users\Pranjal Yallurkar\OneDrive\Desktop\PROJECT\Final\soil_photos-20251020T144319Z-1-001\soil_photos\train\Alluvial soil\images76 (2).jpg,Reddish,6.5–7.5,25–35,60–80,280–450,40–60,300–450,"Rice, Wheat, Maize, Sugarcane, Pulses","DAP, Compost, NPK, Urea, Biofertilizer",maize,"Wheat, Mustard, Barley, Peas, Gram",Winter,28.07,44,haze,280.0,450.0,40.0,60.0,300.0,450.0,6.5,7.5
train,Alluvial soil,C:\Users\Pranjal Yallurkar\OneDrive\Desktop\PROJECT\Final\soil_photos-20251020T144319Z-1-001\soil_photos\train\Alluvial soil\images77 (2).jpg,Reddish,6.5–7.5,25–35,60–80,280–450,40–60,300–450,"Rice, Wheat, Maize, Sugarcane, Pulses","DAP, Compost, NPK, Urea, Biofertilizer",maize,"Wheat, Mustard, Barley, Peas, Gram",Winter,28.07,44,haze,280.0,450.0,40.0,60.0,300.0,450.0,6.5,7.5
train,Alluvial soil,C:\Users\Pranjal Yallurkar\OneDrive\Desktop\PROJECT\Final\soil_photos-20251020T144319Z-1-001\soil_photos\train\Alluvial soil\images78 (2).jpg,Reddish,6.5–7.5,25–35,60–80,280–450,40–60,300–450,"Rice, Wheat, Maize, Sugarcane, Pulses","DAP, Compost, NPK, Urea, Biofertilizer",maize,"Wheat, Mustard, Barley, Peas, Gram",Winter,28.07,44,haze,280.0,450.0,40.0,60.0,300.0,450.0,6.5,7.5
train,Alluvial soil,C:\Users\Pranjal Yallurkar\OneDrive\Desktop\PROJECT\Final\soil_photos-20251020T144319Z-1-001\soil_photos\train\Alluvial soil\images81.jpg,Reddish,6.5–7.5,25–35,60–80,280–450,40–60,300–450,"Rice, Wheat, Maize, Sugarcane, Pulses","DAP, Compost, NPK, Urea, Biofertilizer",maize,"Wheat, Mustard, Barley, Peas, Gram",Winter,28.07,44,haze,280.0,450.0,40.0,60.0,300.0,450.0,6.5,7.5
train,Alluvial soil,C:\Users\Pranjal Yallurkar\OneDrive\Desktop\PROJECT\Final\soil_photos-20251020T144319Z-1-001\soil_photos\train\Alluvial soil\images84.jpg,Reddish,6.5–7.5,25–35,60–80,280–450,40–60,300–450,"Rice, Wheat, Maize, Sugarcane, Pulses","DAP, Compost, NPK, Urea, Biofertilizer",maize,"Wheat, Mustard, Barley, Peas, Gram",Winter,28.07,44,haze,280.0,450.0,40.0,60.0,300.0,450.0,6.5,7.5
train,Alluvial soil,C:\Users\Pranjal Yallurkar\OneDrive\Desktop\PROJECT\Final\soil_photos-20251020T144319Z-1-001\soil_photos\train\Alluvial soil\images86.jpg,Reddish,6.5–7.5,25–35,60–80,280–450,40–60,300–450,"Rice, Wheat, Maize, Sugarcane, Pulses","DAP, Compost, NPK, Urea, Biofertilizer",maize,"Wheat, Mustard, Barley, Peas, Gram",Winter,28.07,44,haze,280.0,450.0,40.0,60.0,300.0,450.0,6.5,7.5
train,Alluvial soil,C:\Users\Pranjal Yallurkar\OneDrive\Desktop\PROJECT\Final\soil_photos-20251020T144319Z-1-001\soil_photos\train\Alluvial soil\images93.jpg,Reddish,6.5–7.5,25–35,60–80,280–450,40–60,300–450,"Rice, Wheat, Maize, Sugarcane, Pulses","DAP, Compost, NPK, Urea, Biofertilizer",maize,"Wheat, Mustard, Barley, Peas, Gram",Winter,28.07,44,haze,280.0,450.0,40.0,60.0,300.0,450.0,6.5,7.5
train,Alluvial soil,C:\Users\Pranjal Yallurkar\OneDrive\Desktop\PROJECT\Final\soil_photos-20251020T144319Z-1-001\soil_photos\train\Alluvial soil\images96.jpg,Reddish,6.5–7.5,25–35,60–80,280–450,40–60,300–450,"Rice, Wheat, Maize, Sugarcane, Pulses","DAP, Compost, NPK, Urea, Biofertilizer",maize,"Wheat, Mustard, Barley, Peas, Gram",Winter,28.07,44,haze,280.0,450.0,40.0,60.0,300.0,450.0,6.5,7.5
train,Alluvial soil,C:\Users\Pranjal Yallurkar\OneDrive\Desktop\PROJECT\Final\soil_photos-20251020T144319Z-1-001\soil_photos\train\Alluvial soil\images97.jpg,Reddish,6.5–7.5,25–35,60–80,280–450,40–60,300–450,"Rice, Wheat, Maize, Sugarcane, Pulses","DAP, Compost, NPK, Urea, Biofertilizer",maize,"Wheat, Mustard, Barley, Peas, Gram",Winter,28.07,44,haze,280.0,450.0,40.0,60.0,300.0,450.0,6.5,7.5
train,Alluvial soil,C:\Users\Pranjal Yallurkar\OneDrive\Desktop\PROJECT\Final\soil_photos-20251020T144319Z-1-001\soil_photos\train\Alluvial soil\IMG-20220531-WA0017.jpg,Reddish,6.5–7.5,25–35,60–80,280–450,40–60,300–450,"Rice, Wheat, Maize, Sugarcane, Pulses","DAP, Compost, NPK, Urea, Biofertilizer",maize,"Wheat, Mustard, Barley, Peas, Gram",Winter,28.07,44,haze,280.0,450.0,40.0,60.0,300.0,450.0,6.5,7.5
train,Alluvial soil,C:\Users\Pranjal Yallurkar\OneDrive\Desktop\PROJECT\Final\soil_photos-20251020T144319Z-1-001\soil_photos\train\Alluvial soil\IMG-20220531-WA0018.jpg,Reddish,6.5–7.5,25–35,60–80,280–450,40–60,300–450,"Rice, Wheat, Maize, Sugarcane, Pulses","DAP, Compost, NPK, Urea, Biofertilizer",maize,"Wheat, Mustard, Barley, Peas, Gram",Winter,28.07,44,haze,280.0,450.0,40.0,60.0,300.0,450.0,6.5,7.5
train,Alluvial soil,C:\Users\Pranjal Yallurkar\OneDrive\Desktop\PROJECT\Final\soil_photos-20251020T144319Z-1-001\soil_photos\train\Alluvial soil\IMG-20220531-WA0019.jpg,Reddish,6.5–7.5,25–35,60–80,280–450,40–60,300–450,"Rice, Wheat, Maize, Sugarcane, Pulses","DAP, Compost, NPK, Urea, Biofertilizer",maize,"Wheat, Mustard, Barley, Peas, Gram",Winter,28.07,44,haze,280.0,450.0,40.0,60.0,300.0,450.0,6.5,7.5
train,Alluvial soil,C:\Users\Pranjal Yallurkar\OneDrive\Desktop\PROJECT\Final\soil_photos-20251020T144319Z-1-001\soil_photos\train\Alluvial soil\IMG-20220531-WA0020.jpg,Reddish,6.5–7.5,25–35,60–80,280–450,40–60,300–450,"Rice, Wheat, Maize, Sugarcane, Pulses","DAP, Compost, NPK, Urea, Biofertilizer",maize,"Wheat, Mustard, Barley, Peas, Gram",Winter,28.07,44,haze,280.0,450.0,40.0,60.0,300.0,450.0,6.5,7.5
train,Alluvial soil,C:\Users\Pranjal Yallurkar\OneDrive\Desktop\PROJECT\Final\soil_photos-20251020T144319Z-1-001\soil_photos\train\Alluvial soil\IMG-20220531-WA0021.jpg,Reddish,6.5–7.5,25–35,60–80,280–450,40–60,300–450,"Rice, Wheat, Maize, Sugarcane, Pulses","DAP, Compost, NPK, Urea, Biofertilizer",maize,"Wheat, Mustard, Barley, Peas, Gram",Winter,28.07,44,haze,280.0,450.0,40.0,60.0,300.0,450.0,6.5,7.5
train,Alluvial soil,C:\Users\Pranjal Yallurkar\OneDrive\Desktop\PROJECT\Final\soil_photos-20251020T144319Z-1-001\soil_photos\train\Alluvial soil\IMG-20220531-WA0022.jpg,Reddish,6.5–7.5,25–35,60–80,280–450,40–60,300–450,"Rice, Wheat, Maize, Sugarcane, Pulses","DAP, Compost, NPK, Urea, Biofertilizer",maize,"Wheat, Mustard, Barley, Peas, Gram",Winter,28.07,44,haze,280.0,450.0,40.0,60.0,300.0,450.0,6.5,7.5
train,Alluvial soil,C:\Users\Pranjal Yallurkar\OneDrive\Desktop\PROJECT\Final\soil_photos-20251020T144319Z-1-001\soil_photos\train\Alluvial soil\IMG-20220531-WA0023.jpg,Reddish,6.5–7.5,25–35,60–80,280–450,40–60,300–450,"Rice, Wheat, Maize, Sugarcane, Pulses","DAP, Compost, NPK, Urea, Biofertilizer",maize,"Wheat, Mustard, Barley, Peas, Gram",Winter,28.07,44,haze,280.0,450.0,40.0,60.0,300.0,450.0,6.5,7.5
train,Alluvial soil,C:\Users\Pranjal Yallurkar\OneDrive\Desktop\PROJECT\Final\soil_photos-20251020T144319Z-1-001\soil_photos\train\Alluvial soil\IMG-20220531-WA0024.jpg,Reddish,6.5–7.5,25–35,60–80,280–450,40–60,300–450,"Rice, Wheat, Maize, Sugarcane, Pulses","DAP, Compost, NPK, Urea, Biofertilizer",maize,"Wheat, Mustard, Barley, Peas, Gram",Winter,28.07,44,haze,280.0,450.0,40.0,60.0,300.0,450.0,6.5,7.5
train,Alluvial soil,C:\Users\Pranjal Yallurkar\OneDrive\Desktop\PROJECT\Final\soil_photos-20251020T144319Z-1-001\soil_photos\train\Alluvial soil\IMG-20220531-WA0025.jpg,Reddish,6.5–7.5,25–35,60–80,280–450,40–60,300–450,"Rice, Wheat, Maize, Sugarcane, Pulses","DAP, Compost, NPK, Urea, Biofertilizer",maize,"Wheat, Mustard, Barley, Peas, Gram",Winter,28.07,44,haze,280.0,450.0,40.0,60.0,300.0,450.0,6.5,7.5
train,Alluvial soil,C:\Users\Pranjal Yallurkar\OneDrive\Desktop\PROJECT\Final\soil_photos-20251020T144319Z-1-001\soil_photos\train\Alluvial soil\IMG-20220531-WA0026.jpg,Reddish,6.5–7.5,25–35,60–80,280–450,40–60,300–450,"Rice, Wheat, Maize, Sugarcane, Pulses","DAP, Compost, NPK, Urea, Biofertilizer",maize,"Wheat, Mustard, Barley, Peas, Gram",Winter,28.07,44,haze,280.0,450.0,40.0,60.0,300.0,450.0,6.5,7.5
train,Alluvial soil,C:\Users\Pranjal Yallurkar\OneDrive\Desktop\PROJECT\Final\soil_photos-20251020T144319Z-1-001\soil_photos\train\Alluvial soil\IMG-20220531-WA0027.jpg,Reddish,6.5–7.5,25–35,60–80,280–450,40–60,300–450,"Rice, Wheat, Maize, Sugarcane, Pulses","DAP, Compost, NPK, Urea, Biofertilizer",maize,"Wheat, Mustard, Barley, Peas, Gram",Winter,28.07,44,haze,280.0,450.0,40.0,60.0,300.0,450.0,6.5,7.5
train,Alluvial soil,C:\Users\Pranjal Yallurkar\OneDrive\Desktop\PROJECT\Final\soil_photos-20251020T144319Z-1-001\soil_photos\train\Alluvial soil\IMG-20220531-WA0028.jpg,Reddish,6.5–7.5,25–35,60–80,280–450,40–60,300–450,"Rice, Wheat, Maize, Sugarcane, Pulses","DAP, Compost, NPK, Urea, Biofertilizer",maize,"Wheat, Mustard, Barley, Peas, Gram",Winter,28.07,44,haze,280.0,450.0,40.0,60.0,300.0,450.0,6.5,7.5
train,Alluvial soil,C:\Users\Pranjal Yallurkar\OneDrive\Desktop\PROJECT\Final\soil_photos-20251020T144319Z-1-001\soil_photos\train\Alluvial soil\IMG-20220531-WA0029.jpg,Reddish,6.5–7.5,25–35,60–80,280–450,40–60,300–450,"Rice, Wheat, Maize, Sugarcane, Pulses","DAP, Compost, NPK, Urea, Biofertilizer",maize,"Wheat, Mustard, Barley, Peas, Gram",Winter,28.07,44,haze,280.0,450.0,40.0,60.0,300.0,450.0,6.5,7.5
train,Alluvial soil,C:\Users\Pranjal Yallurkar\OneDrive\Desktop\PROJECT\Final\soil_photos-20251020T144319Z-1-001\soil_photos\train\Alluvial soil\IMG-20220531-WA0030.jpg,Reddish,6.5–7.5,25–35,60–80,280–450,40–60,300–450,"Rice, Wheat, Maize, Sugarcane, Pulses","DAP, Compost, NPK, Urea, Biofertilizer",maize,"Wheat, Mustard, Barley, Peas, Gram",Winter,28.07,44,haze,280.0,450.0,40.0,60.0,300.0,450.0,6.5,7.5
train,Alluvial soil,C:\Users\Pranjal Yallurkar\OneDrive\Desktop\PROJECT\Final\soil_photos-20251020T144319Z-1-001\soil_photos\train\Alluvial soil\IMG-20220531-WA0031.jpg,Reddish,6.5–7.5,25–35,60–80,280–450,40–60,300–450,"Rice, Wheat, Maize, Sugarcane, Pulses","DAP, Compost, NPK, Urea, Biofertilizer",maize,"Wheat, Mustard, Barley, Peas, Gram",Winter,28.07,44,haze,280.0,450.0,40.0,60.0,300.0,450.0,6.5,7.5
train,Alluvial soil,C:\Users\Pranjal Yallurkar\OneDrive\Desktop\PROJECT\Final\soil_photos-20251020T144319Z-1-001\soil_photos\train\Alluvial soil\IMG-20220531-WA0032.jpg,Reddish,6.5–7.5,25–35,60–80,280–450,40–60,300–450,"Rice, Wheat, Maize, Sugarcane, Pulses","DAP, Compost, NPK, Urea, Biofertilizer",maize,"Wheat, Mustard, Barley, Peas, Gram",Winter,28.07,44,haze,280.0,450.0,40.0,60.0,300.0,450.0,6.5,7.5
train,Alluvial soil,C:\Users\Pranjal Yallurkar\OneDrive\Desktop\PROJECT\Final\soil_photos-20251020T144319Z-1-001\soil_photos\train\Alluvial soil\IMG-20220531-WA0033.jpg,Reddish,6.5–7.5,25–35,60–80,280–450,40–60,300–450,"Rice, Wheat, Maize, Sugarcane, Pulses","DAP, Compost, NPK, Urea, Biofertilizer",maize,"Wheat, Mustard, Barley, Peas, Gram",Winter,28.07,44,haze,280.0,450.0,40.0,60.0,300.0,450.0,6.5,7.5
train,Alluvial soil,C:\Users\Pranjal Yallurkar\OneDrive\Desktop\PROJECT\Final\soil_photos-20251020T144319Z-1-001\soil_photos\train\Alluvial soil\IMG-20220531-WA0034.jpg,Reddish,6.5–7.5,25–35,60–80,280–450,40–60,300–450,"Rice, Wheat, Maize, Sugarcane, Pulses","DAP, Compost, NPK, Urea, Biofertilizer",maize,"Wheat, Mustard, Barley, Peas, Gram",Winter,28.07,44,haze,280.0,450.0,40.0,60.0,300.0,450.0,6.5,7.5
train,Alluvial soil,C:\Users\Pranjal Yallurkar\OneDrive\Desktop\PROJECT\Final\soil_photos-20251020T144319Z-1-001\soil_photos\train\Alluvial soil\IMG-20220531-WA0035.jpg,Reddish,6.5–7.5,25–35,60–80,280–450,40–60,300–450,"Rice, Wheat, Maize, Sugarcane, Pulses","DAP, Compost, NPK, Urea, Biofertilizer",maize,"Wheat, Mustard, Barley, Peas, Gram",Winter,28.07,44,haze,280.0,450.0,40.0,60.0,300.0,450.0,6.5,7.5
train,Alluvial soil,C:\Users\Pranjal Yallurkar\OneDrive\Desktop\PROJECT\Final\soil_photos-20251020T144319Z-1-001\soil_photos\train\Alluvial soil\IMG-20220531-WA0036.jpg,Reddish,6.5–7.5,25–35,60–80,280–450,40–60,300–450,"Rice, Wheat, Maize, Sugarcane, Pulses","DAP, Compost, NPK, Urea, Biofertilizer",maize,"Wheat, Mustard, Barley, Peas, Gram",Winter,28.07,44,haze,280.0,450.0,40.0,60.0,300.0,450.0,6.5,7.5
train,Alluvial soil,C:\Users\Pranjal Yallurkar\OneDrive\Desktop\PROJECT\Final\soil_photos-20251020T144319Z-1-001\soil_photos\train\Alluvial soil\IMG-20220531-WA0037.jpg,Reddish,6.5–7.5,25–35,60–80,280–450,40–60,300–450,"Rice, Wheat, Maize, Sugarcane, Pulses","DAP, Compost, NPK, Urea, Biofertilizer",maize,"Wheat, Mustard, Barley, Peas, Gram",Winter,28.07,44,haze,280.0,450.0,40.0,60.0,300.0,450.0,6.5,7.5
train,Alluvial soil,C:\Users\Pranjal Yallurkar\OneDrive\Desktop\PROJECT\Final\soil_photos-20251020T144319Z-1-001\soil_photos\train\Alluvial soil\IMG-20220531-WA0038.jpg,Reddish,6.5–7.5,25–35,60–80,280–450,40–60,300–450,"Rice, Wheat, Maize, Sugarcane, Pulses","DAP, Compost, NPK, Urea, Biofertilizer",maize,"Wheat, Mustard, Barley, Peas, Gram",Winter,28.07,44,haze,280.0,450.0,40.0,60.0,300.0,450.0,6.5,7.5
train,Alluvial soil,C:\Users\Pranjal Yallurkar\OneDrive\Desktop\PROJECT\Final\soil_photos-20251020T144319Z-1-001\soil_photos\train\Alluvial soil\IMG-20220531-WA0039.jpg,Reddish,6.5–7.5,25–35,60–80,280–450,40–60,300–450,"Rice, Wheat, Maize, Sugarcane, Pulses","DAP, Compost, NPK, Urea, Biofertilizer",maize,"Wheat, Mustard, Barley, Peas, Gram",Winter,28.07,44,haze,280.0,450.0,40.0,60.0,300.0,450.0,6.5,7.5
train,Alluvial soil,C:\Users\Pranjal Yallurkar\OneDrive\Desktop\PROJECT\Final\soil_photos-20251020T144319Z-1-001\soil_photos\train\Alluvial soil\IMG-20220531-WA0040.jpg,Reddish,6.5–7.5,25–35,60–80,280–450,40–60,300–450,"Rice, Wheat, Maize, Sugarcane, Pulses","DAP, Compost, NPK, Urea, Biofertilizer",maize,"Wheat, Mustard, Barley, Peas, Gram",Winter,28.07,44,haze,280.0,450.0,40.0,60.0,300.0,450.0,6.5,7.5
train,Alluvial soil,C:\Users\Pranjal Yallurkar\OneDrive\Desktop\PROJECT\Final\soil_photos-20251020T144319Z-1-001\soil_photos\train\Alluvial soil\IMG-20220531-WA0041.jpg,Reddish,6.5–7.5,25–35,60–80,280–450,40–60,300–450,"Rice, Wheat, Maize, Sugarcane, Pulses","DAP, Compost, NPK, Urea, Biofertilizer",maize,"Wheat, Mustard, Barley, Peas, Gram",Winter,28.07,44,haze,280.0,450.0,40.0,60.0,300.0,450.0,6.5,7.5
train,Alluvial soil,C:\Users\Pranjal Yallurkar\OneDrive\Desktop\PROJECT\Final\soil_photos-20251020T144319Z-1-001\soil_photos\train\Alluvial soil\IMG-20220531-WA0043.jpg,Reddish,6.5–7.5,25–35,60–80,280–450,40–60,300–450,"Rice, Wheat, Maize, Sugarcane, Pulses","DAP, Compost, NPK, Urea, Biofertilizer",maize,"Wheat, Mustard, Barley, Peas, Gram",Winter,28.07,44,haze,280.0,450.0,40.0,60.0,300.0,450.0,6.5,7.5
train,Alluvial soil,C:\Users\Pranjal Yallurkar\OneDrive\Desktop\PROJECT\Final\soil_photos-20251020T144319Z-1-001\soil_photos\train\Alluvial soil\IMG-20220531-WA0044.jpg,Reddish,6.5–7.5,25–35,60–80,280–450,40–60,300–450,"Rice, Wheat, Maize, Sugarcane, Pulses","DAP, Compost, NPK, Urea, Biofertilizer",maize,"Wheat, Mustard, Barley, Peas, Gram",Winter,28.07,44,haze,280.0,450.0,40.0,60.0,300.0,450.0,6.5,7.5
train,Alluvial soil,C:\Users\Pranjal Yallurkar\OneDrive\Desktop\PROJECT\Final\soil_photos-20251020T144319Z-1-001\soil_photos\train\Alluvial soil\IMG-20220531-WA0045.jpg,Reddish,6.5–7.5,25–35,60–80,280–450,40–60,300–450,"Rice, Wheat, Maize, Sugarcane, Pulses","DAP, Compost, NPK, Urea, Biofertilizer",maize,"Wheat, Mustard, Barley, Peas, Gram",Winter,28.07,44,haze,280.0,450.0,40.0,60.0,300.0,450.0,6.5,7.5
train,Alluvial soil,C:\Users\Pranjal Yallurkar\OneDrive\Desktop\PROJECT\Final\soil_photos-20251020T144319Z-1-001\soil_photos\train\Alluvial soil\IMG-20220531-WA0046.jpg,Reddish,6.5–7.5,25–35,60–80,280–450,40–60,300–450,"Rice, Wheat, Maize, Sugarcane, Pulses","DAP, Compost, NPK, Urea, Biofertilizer",maize,"Wheat, Mustard, Barley, Peas, Gram",Winter,28.07,44,haze,280.0,450.0,40.0,60.0,300.0,450.0,6.5,7.5
train,Alluvial soil,C:\Users\Pranjal Yallurkar\OneDrive\Desktop\PROJECT\Final\soil_photos-20251020T144319Z-1-001\soil_photos\train\Alluvial soil\IMG-20220531-WA0047.jpg,Reddish,6.5–7.5,25–35,60–80,280–450,40–60,300–450,"Rice, Wheat, Maize, Sugarcane, Pulses","DAP, Compost, NPK, Urea, Biofertilizer",maize,"Wheat, Mustard, Barley, Peas, Gram",Winter,28.07,44,haze,280.0,450.0,40.0,60.0,300.0,450.0,6.5,7.5
train,Alluvial soil,C:\Users\Pranjal Yallurkar\OneDrive\Desktop\PROJECT\Final\soil_photos-20251020T144319Z-1-001\soil_photos\train\Alluvial soil\IMG-20220531-WA0048.jpg,Reddish,6.5–7.5,25–35,60–80,280–450,40–60,300–450,"Rice, Wheat, Maize, Sugarcane, Pulses","DAP, Compost, NPK, Urea, Biofertilizer",maize,"Wheat, Mustard, Barley, Peas, Gram",Winter,28.07,44,haze,280.0,450.0,40.0,60.0,300.0,450.0,6.5,7.5
train,Alluvial soil,C:\Users\Pranjal Yallurkar\OneDrive\Desktop\PROJECT\Final\soil_photos-20251020T144319Z-1-001\soil_photos\train\Alluvial soil\IMG-20220531-WA0049.jpg,Reddish,6.5–7.5,25–35,60–80,280–450,40–60,300–450,"Rice, Wheat, Maize, Sugarcane, Pulses","DAP, Compost, NPK, Urea, Biofertilizer",maize,"Wheat, Mustard, Barley, Peas, Gram",Winter,28.07,44,haze,280.0,450.0,40.0,60.0,300.0,450.0,6.5,7.5
train,Alluvial soil,C:\Users\Pranjal Yallurkar\OneDrive\Desktop\PROJECT\Final\soil_photos-20251020T144319Z-1-001\soil_photos\train\Alluvial soil\IMG-20220531-WA0050.jpg,Reddish,6.5–7.5,25–35,60–80,280–450,40–60,300–450,"Rice, Wheat, Maize, Sugarcane, Pulses","DAP, Compost, NPK, Urea, Biofertilizer",maize,"Wheat, Mustard, Barley, Peas, Gram",Winter,28.07,44,haze,280.0,450.0,40.0,60.0,300.0,450.0,6.5,7.5
train,Alluvial soil,C:\Users\Pranjal Yallurkar\OneDrive\Desktop\PROJECT\Final\soil_photos-20251020T144319Z-1-001\soil_photos\train\Alluvial soil\IMG-20220531-WA0051.jpg,Reddish,6.5–7.5,25–35,60–80,280–450,40–60,300–450,"Rice, Wheat, Maize, Sugarcane, Pulses","DAP, Compost, NPK, Urea, Biofertilizer",maize,"Wheat, Mustard, Barley, Peas, Gram",Winter,28.07,44,haze,280.0,450.0,40.0,60.0,300.0,450.0,6.5,7.5
train,Alluvial soil,C:\Users\Pranjal Yallurkar\OneDrive\Desktop\PROJECT\Final\soil_photos-20251020T144319Z-1-001\soil_photos\train\Alluvial soil\IMG-20220531-WA0052.jpg,Reddish,6.5–7.5,25–35,60–80,280–450,40–60,300–450,"Rice, Wheat, Maize, Sugarcane, Pulses","DAP, Compost, NPK, Urea, Biofertilizer",maize,"Wheat, Mustard, Barley, Peas, Gram",Winter,28.07,44,haze,280.0,450.0,40.0,60.0,300.0,450.0,6.5,7.5
train,Alluvial soil,C:\Users\Pranjal Yallurkar\OneDrive\Desktop\PROJECT\Final\soil_photos-20251020T144319Z-1-001\soil_photos\train\Alluvial soil\IMG-20220531-WA0053.jpg,Reddish,6.5–7.5,25–35,60–80,280–450,40–60,300–450,"Rice, Wheat, Maize, Sugarcane, Pulses","DAP, Compost, NPK, Urea, Biofertilizer",maize,"Wheat, Mustard, Barley, Peas, Gram",Winter,28.07,44,haze,280.0,450.0,40.0,60.0,300.0,450.0,6.5,7.5
train,Alluvial soil,C:\Users\Pranjal Yallurkar\OneDrive\Desktop\PROJECT\Final\soil_photos-20251020T144319Z-1-001\soil_photos\train\Alluvial soil\IMG-20220531-WA0054.jpg,Reddish,6.5–7.5,25–35,60–80,280–450,40–60,300–450,"Rice, Wheat, Maize, Sugarcane, Pulses","DAP, Compost, NPK, Urea, Biofertilizer",maize,"Wheat, Mustard, Barley, Peas, Gram",Winter,28.07,44,haze,280.0,450.0,40.0,60.0,300.0,450.0,6.5,7.5
train,Alluvial soil,C:\Users\Pranjal Yallurkar\OneDrive\Desktop\PROJECT\Final\soil_photos-20251020T144319Z-1-001\soil_photos\train\Alluvial soil\IMG-20220531-WA0055.jpg,Reddish,6.5–7.5,25–35,60–80,280–450,40–60,300–450,"Rice, Wheat, Maize, Sugarcane, Pulses","DAP, Compost, NPK, Urea, Biofertilizer",maize,"Wheat, Mustard, Barley, Peas, Gram",Winter,28.07,44,haze,280.0,450.0,40.0,60.0,300.0,450.0,6.5,7.5
train,Alluvial soil,C:\Users\Pranjal Yallurkar\OneDrive\Desktop\PROJECT\Final\soil_photos-20251020T144319Z-1-001\soil_photos\train\Alluvial soil\IMG-20220531-WA0056.jpg,Reddish,6.5–7.5,25–35,60–80,280–450,40–60,300–450,"Rice, Wheat, Maize, Sugarcane, Pulses","DAP, Compost, NPK, Urea, Biofertilizer",maize,"Wheat, Mustard, Barley, Peas, Gram",Winter,28.07,44,haze,280.0,450.0,40.0,60.0,300.0,450.0,6.5,7.5
train,Alluvial soil,C:\Users\Pranjal Yallurkar\OneDrive\Desktop\PROJECT\Final\soil_photos-20251020T144319Z-1-001\soil_photos\train\Alluvial soil\IMG-20220531-WA0057.jpg,Reddish,6.5–7.5,25–35,60–80,280–450,40–60,300–450,"Rice, Wheat, Maize, Sugarcane, Pulses","DAP, Compost, NPK, Urea, Biofertilizer",maize,"Wheat, Mustard, Barley, Peas, Gram",Winter,28.07,44,haze,280.0,450.0,40.0,60.0,300.0,450.0,6.5,7.5
train,Alluvial soil,C:\Users\Pranjal Yallurkar\OneDrive\Desktop\PROJECT\Final\soil_photos-20251020T144319Z-1-001\soil_photos\train\Alluvial soil\IMG-20220531-WA0058.jpg,Reddish,6.5–7.5,25–35,60–80,280–450,40–60,300–450,"Rice, Wheat, Maize, Sugarcane, Pulses","DAP, Compost, NPK, Urea, Biofertilizer",maize,"Wheat, Mustard, Barley, Peas, Gram",Winter,28.07,44,haze,280.0,450.0,40.0,60.0,300.0,450.0,6.5,7.5
train,Alluvial soil,C:\Users\Pranjal Yallurkar\OneDrive\Desktop\PROJECT\Final\soil_photos-20251020T144319Z-1-001\soil_photos\train\Alluvial soil\IMG-20220531-WA0059.jpg,Reddish,6.5–7.5,25–35,60–80,280–450,40–60,300–450,"Rice, Wheat, Maize, Sugarcane, Pulses","DAP, Compost, NPK, Urea, Biofertilizer",maize,"Wheat, Mustard, Barley, Peas, Gram",Winter,28.07,44,haze,280.0,450.0,40.0,60.0,300.0,450.0,6.5,7.5
train,Alluvial soil,C:\Users\Pranjal Yallurkar\OneDrive\Desktop\PROJECT\Final\soil_photos-20251020T144319Z-1-001\soil_photos\train\Alluvial soil\IMG-20220531-WA0060.jpg,Reddish,6.5–7.5,25–35,60–80,280–450,40–60,300–450,"Rice, Wheat, Maize, Sugarcane, Pulses","DAP, Compost, NPK, Urea, Biofertilizer",maize,"Wheat, Mustard, Barley, Peas, Gram",Winter,28.07,44,haze,280.0,450.0,40.0,60.0,300.0,450.0,6.5,7.5
train,Alluvial soil,C:\Users\Pranjal Yallurkar\OneDrive\Desktop\PROJECT\Final\soil_photos-20251020T144319Z-1-001\soil_photos\train\Alluvial soil\IMG-20220531-WA0061.jpg,Reddish,6.5–7.5,25–35,60–80,280–450,40–60,300–450,"Rice, Wheat, Maize, Sugarcane, Pulses","DAP, Compost, NPK, Urea, Biofertilizer",maize,"Wheat, Mustard, Barley, Peas, Gram",Winter,28.07,44,haze,280.0,450.0,40.0,60.0,300.0,450.0,6.5,7.5
train,Alluvial soil,C:\Users\Pranjal Yallurkar\OneDrive\Desktop\PROJECT\Final\soil_photos-20251020T144319Z-1-001\soil_photos\train\Alluvial soil\IMG-20220531-WA0062.jpg,Reddish,6.5–7.5,25–35,60–80,280–450,40–60,300–450,"Rice, Wheat, Maize, Sugarcane, Pulses","DAP, Compost, NPK, Urea, Biofertilizer",maize,"Wheat, Mustard, Barley, Peas, Gram",Winter,28.07,44,haze,280.0,450.0,40.0,60.0,300.0,450.0,6.5,7.5
train,Alluvial soil,C:\Users\Pranjal Yallurkar\OneDrive\Desktop\PROJECT\Final\soil_photos-20251020T144319Z-1-001\soil_photos\train\Alluvial soil\IMG-20220531-WA0063.jpg,Reddish,6.5–7.5,25–35,60–80,280–450,40–60,300–450,"Rice, Wheat, Maize, Sugarcane, Pulses","DAP, Compost, NPK, Urea, Biofertilizer",maize,"Wheat, Mustard, Barley, Peas, Gram",Winter,28.07,44,haze,280.0,450.0,40.0,60.0,300.0,450.0,6.5,7.5
train,Alluvial soil,C:\Users\Pranjal Yallurkar\OneDrive\Desktop\PROJECT\Final\soil_photos-20251020T144319Z-1-001\soil_photos\train\Alluvial soil\IMG-20220531-WA0064.jpg,Reddish,6.5–7.5,25–35,60–80,280–450,40–60,300–450,"Rice, Wheat, Maize, Sugarcane, Pulses","DAP, Compost, NPK, Urea, Biofertilizer",maize,"Wheat, Mustard, Barley, Peas, Gram",Winter,28.07,44,haze,280.0,450.0,40.0,60.0,300.0,450.0,6.5,7.5
train,Alluvial soil,C:\Users\Pranjal Yallurkar\OneDrive\Desktop\PROJECT\Final\soil_photos-20251020T144319Z-1-001\soil_photos\train\Alluvial soil\IMG-20220531-WA0065.jpg,Reddish,6.5–7.5,25–35,60–80,280–450,40–60,300–450,"Rice, Wheat, Maize, Sugarcane, Pulses","DAP, Compost, NPK, Urea, Biofertilizer",maize,"Wheat, Mustard, Barley, Peas, Gram",Winter,28.07,44,haze,280.0,450.0,40.0,60.0,300.0,450.0,6.5,7.5
train,Alluvial soil,C:\Users\Pranjal Yallurkar\OneDrive\Desktop\PROJECT\Final\soil_photos-20251020T144319Z-1-001\soil_photos\train\Alluvial soil\IMG-20220531-WA0066.jpg,Reddish,6.5–7.5,25–35,60–80,280–450,40–60,300–450,"Rice, Wheat, Maize, Sugarcane, Pulses","DAP, Compost, NPK, Urea, Biofertilizer",maize,"Wheat, Mustard, Barley, Peas, Gram",Winter,28.07,44,haze,280.0,450.0,40.0,60.0,300.0,450.0,6.5,7.5
train,Alluvial soil,C:\Users\Pranjal Yallurkar\OneDrive\Desktop\PROJECT\Final\soil_photos-20251020T144319Z-1-001\soil_photos\train\Alluvial soil\IMG-20220531-WA0067.jpg,Reddish,6.5–7.5,25–35,60–80,280–450,40–60,300–450,"Rice, Wheat, Maize, Sugarcane, Pulses","DAP, Compost, NPK, Urea, Biofertilizer",maize,"Wheat, Mustard, Barley, Peas, Gram",Winter,28.07,44,haze,280.0,450.0,40.0,60.0,300.0,450.0,6.5,7.5
train,Alluvial soil,C:\Users\Pranjal Yallurkar\OneDrive\Desktop\PROJECT\Final\soil_photos-20251020T144319Z-1-001\soil_photos\train\Alluvial soil\IMG-20220531-WA0068.jpg,Reddish,6.5–7.5,25–35,60–80,280–450,40–60,300–450,"Rice, Wheat, Maize, Sugarcane, Pulses","DAP, Compost, NPK, Urea, Biofertilizer",maize,"Wheat, Mustard, Barley, Peas, Gram",Winter,28.07,44,haze,280.0,450.0,40.0,60.0,300.0,450.0,6.5,7.5
train,Alluvial soil,C:\Users\Pranjal Yallurkar\OneDrive\Desktop\PROJECT\Final\soil_photos-20251020T144319Z-1-001\soil_photos\train\Alluvial soil\IMG-20220531-WA0069.jpg,Reddish,6.5–7.5,25–35,60–80,280–450,40–60,300–450,"Rice, Wheat, Maize, Sugarcane, Pulses","DAP, Compost, NPK, Urea, Biofertilizer",maize,"Wheat, Mustard, Barley, Peas, Gram",Winter,28.07,44,haze,280.0,450.0,40.0,60.0,300.0,450.0,6.5,7.5
train,Alluvial soil,C:\Users\Pranjal Yallurkar\OneDrive\Desktop\PROJECT\Final\soil_photos-20251020T144319Z-1-001\soil_photos\train\Alluvial soil\IMG-20220531-WA0070.jpg,Reddish,6.5–7.5,25–35,60–80,280–450,40–60,300–450,"Rice, Wheat, Maize, Sugarcane, Pulses","DAP, Compost, NPK, Urea, Biofertilizer",maize,"Wheat, Mustard, Barley, Peas, Gram",Winter,28.07,44,haze,280.0,450.0,40.0,60.0,300.0,450.0,6.5,7.5
train,Alluvial soil,C:\Users\Pranjal Yallurkar\OneDrive\Desktop\PROJECT\Final\soil_photos-20251020T144319Z-1-001\soil_photos\train\Alluvial soil\IMG-20220531-WA0071.jpg,Reddish,6.5–7.5,25–35,60–80,280–450,40–60,300–450,"Rice, Wheat, Maize, Sugarcane, Pulses","DAP, Compost, NPK, Urea, Biofertilizer",maize,"Wheat, Mustard, Barley, Peas, Gram",Winter,28.07,44,haze,280.0,450.0,40.0,60.0,300.0,450.0,6.5,7.5
train,Alluvial soil,C:\Users\Pranjal Yallurkar\OneDrive\Desktop\PROJECT\Final\soil_photos-20251020T144319Z-1-001\soil_photos\train\Alluvial soil\IMG-20220531-WA0072.jpg,Reddish,6.5–7.5,25–35,60–80,280–450,40–60,300–450,"Rice, Wheat, Maize, Sugarcane, Pulses","DAP, Compost, NPK, Urea, Biofertilizer",maize,"Wheat, Mustard, Barley, Peas, Gram",Winter,28.07,44,haze,280.0,450.0,40.0,60.0,300.0,450.0,6.5,7.5
train,Alluvial soil,C:\Users\Pranjal Yallurkar\OneDrive\Desktop\PROJECT\Final\soil_photos-20251020T144319Z-1-001\soil_photos\train\Alluvial soil\IMG-20220531-WA0073.jpg,Reddish,6.5–7.5,25–35,60–80,280–450,40–60,300–450,"Rice, Wheat, Maize, Sugarcane, Pulses","DAP, Compost, NPK, Urea, Biofertilizer",maize,"Wheat, Mustard, Barley, Peas, Gram",Winter,28.07,44,haze,280.0,450.0,40.0,60.0,300.0,450.0,6.5,7.5
train,Alluvial soil,C:\Users\Pranjal Yallurkar\OneDrive\Desktop\PROJECT\Final\soil_photos-20251020T144319Z-1-001\soil_photos\train\Alluvial soil\IMG-20220531-WA0074.jpg,Reddish,6.5–7.5,25–35,60–80,280–450,40–60,300–450,"Rice, Wheat, Maize, Sugarcane, Pulses","DAP, Compost, NPK, Urea, Biofertilizer",maize,"Wheat, Mustard, Barley, Peas, Gram",Winter,28.07,44,haze,280.0,450.0,40.0,60.0,300.0,450.0,6.5,7.5
train,Alluvial soil,C:\Users\Pranjal Yallurkar\OneDrive\Desktop\PROJECT\Final\soil_photos-20251020T144319Z-1-001\soil_photos\train\Alluvial soil\IMG-20220531-WA0075.jpg,Reddish,6.5–7.5,25–35,60–80,280–450,40–60,300–450,"Rice, Wheat, Maize, Sugarcane, Pulses","DAP, Compost, NPK, Urea, Biofertilizer",maize,"Wheat, Mustard, Barley, Peas, Gram",Winter,28.07,44,haze,280.0,450.0,40.0,60.0,300.0,450.0,6.5,7.5
train,Alluvial soil,C:\Users\Pranjal Yallurkar\OneDrive\Desktop\PROJECT\Final\soil_photos-20251020T144319Z-1-001\soil_photos\train\Alluvial soil\IMG-20220531-WA0076.jpg,Reddish,6.5–7.5,25–35,60–80,280–450,40–60,300–450,"Rice, Wheat, Maize, Sugarcane, Pulses","DAP, Compost, NPK, Urea, Biofertilizer",maize,"Wheat, Mustard, Barley, Peas, Gram",Winter,28.07,44,haze,280.0,450.0,40.0,60.0,300.0,450.0,6.5,7.5
train,Alluvial soil,C:\Users\Pranjal Yallurkar\OneDrive\Desktop\PROJECT\Final\soil_photos-20251020T144319Z-1-001\soil_photos\train\Alluvial soil\IMG-20220531-WA0077.jpg,Reddish,6.5–7.5,25–35,60–80,280–450,40–60,300–450,"Rice, Wheat, Maize, Sugarcane, Pulses","DAP, Compost, NPK, Urea, Biofertilizer",maize,"Wheat, Mustard, Barley, Peas, Gram",Winter,28.07,44,haze,280.0,450.0,40.0,60.0,300.0,450.0,6.5,7.5
train,Alluvial soil,C:\Users\Pranjal Yallurkar\OneDrive\Desktop\PROJECT\Final\soil_photos-20251020T144319Z-1-001\soil_photos\train\Alluvial soil\IMG-20220531-WA0078.jpg,Reddish,6.5–7.5,25–35,60–80,280–450,40–60,300–450,"Rice, Wheat, Maize, Sugarcane, Pulses","DAP, Compost, NPK, Urea, Biofertilizer",maize,"Wheat, Mustard, Barley, Peas, Gram",Winter,28.07,44,haze,280.0,450.0,40.0,60.0,300.0,450.0,6.5,7.5
train,Alluvial soil,C:\Users\Pranjal Yallurkar\OneDrive\Desktop\PROJECT\Final\soil_photos-20251020T144319Z-1-001\soil_photos\train\Alluvial soil\IMG-20220531-WA0079.jpg,Reddish,6.5–7.5,25–35,60–80,280–450,40–60,300–450,"Rice, Wheat, Maize, Sugarcane, Pulses","DAP, Compost, NPK, Urea, Biofertilizer",maize,"Wheat, Mustard, Barley, Peas, Gram",Winter,28.07,44,haze,280.0,450.0,40.0,60.0,300.0,450.0,6.5,7.5
train,Alluvial soil,C:\Users\Pranjal Yallurkar\OneDrive\Desktop\PROJECT\Final\soil_photos-20251020T144319Z-1-001\soil_photos\train\Alluvial soil\IMG-20220531-WA0080.jpg,Reddish,6.5–7.5,25–35,60–80,280–450,40–60,300–450,"Rice, Wheat, Maize, Sugarcane, Pulses","DAP, Compost, NPK, Urea, Biofertilizer",maize,"Wheat, Mustard, Barley, Peas, Gram",Winter,28.07,44,haze,280.0,450.0,40.0,60.0,300.0,450.0,6.5,7.5
train,Alluvial soil,C:\Users\Pranjal Yallurkar\OneDrive\Desktop\PROJECT\Final\soil_photos-20251020T144319Z-1-001\soil_photos\train\Alluvial soil\IMG-20220531-WA0081.jpg,Reddish,6.5–7.5,25–35,60–80,280–450,40–60,300–450,"Rice, Wheat, Maize, Sugarcane, Pulses","DAP, Compost, NPK, Urea, Biofertilizer",maize,"Wheat, Mustard, Barley, Peas, Gram",Winter,28.07,44,haze,280.0,450.0,40.0,60.0,300.0,450.0,6.5,7.5
train,Alluvial soil,C:\Users\Pranjal Yallurkar\OneDrive\Desktop\PROJECT\Final\soil_photos-20251020T144319Z-1-001\soil_photos\train\Alluvial soil\IMG-20220531-WA0082.jpg,Reddish,6.5–7.5,25–35,60–80,280–450,40–60,300–450,"Rice, Wheat, Maize, Sugarcane, Pulses","DAP, Compost, NPK, Urea, Biofertilizer",maize,"Wheat, Mustard, Barley, Peas, Gram",Winter,28.07,44,haze,280.0,450.0,40.0,60.0,300.0,450.0,6.5,7.5
train,Alluvial soil,C:\Users\Pranjal Yallurkar\OneDrive\Desktop\PROJECT\Final\soil_photos-20251020T144319Z-1-001\soil_photos\train\Alluvial soil\IMG-20220531-WA0086.jpg,Reddish,6.5–7.5,25–35,60–80,280–450,40–60,300–450,"Rice, Wheat, Maize, Sugarcane, Pulses","DAP, Compost, NPK, Urea, Biofertilizer",maize,"Wheat, Mustard, Barley, Peas, Gram",Winter,28.07,44,haze,280.0,450.0,40.0,60.0,300.0,450.0,6.5,7.5
train,Alluvial soil,C:\Users\Pranjal Yallurkar\OneDrive\Desktop\PROJECT\Final\soil_photos-20251020T144319Z-1-001\soil_photos\train\Alluvial soil\IMG-20220531-WA0087.jpg,Reddish,6.5–7.5,25–35,60–80,280–450,40–60,300–450,"Rice, Wheat, Maize, Sugarcane, Pulses","DAP, Compost, NPK, Urea, Biofertilizer",maize,"Wheat, Mustard, Barley, Peas, Gram",Winter,28.07,44,haze,280.0,450.0,40.0,60.0,300.0,450.0,6.5,7.5
train,Alluvial soil,C:\Users\Pranjal Yallurkar\OneDrive\Desktop\PROJECT\Final\soil_photos-20251020T144319Z-1-001\soil_photos\train\Alluvial soil\IMG-20220531-WA0088.jpg,Reddish,6.5–7.5,25–35,60–80,280–450,40–60,300–450,"Rice, Wheat, Maize, Sugarcane, Pulses","DAP, Compost, NPK, Urea, Biofertilizer",maize,"Wheat, Mustard, Barley, Peas, Gram",Winter,28.07,44,haze,280.0,450.0,40.0,60.0,300.0,450.0,6.5,7.5
train,Alluvial soil,C:\Users\Pranjal Yallurkar\OneDrive\Desktop\PROJECT\Final\soil_photos-20251020T144319Z-1-001\soil_photos\train\Alluvial soil\IMG-20220531-WA0089.jpg,Reddish,6.5–7.5,25–35,60–80,280–450,40–60,300–450,"Rice, Wheat, Maize, Sugarcane, Pulses","DAP, Compost, NPK, Urea, Biofertilizer",maize,"Wheat, Mustard, Barley, Peas, Gram",Winter,28.07,44,haze,280.0,450.0,40.0,60.0,300.0,450.0,6.5,7.5
train,Alluvial soil,C:\Users\Pranjal Yallurkar\OneDrive\Desktop\PROJECT\Final\soil_photos-20251020T144319Z-1-001\soil_photos\train\Alluvial soil\IMG-20220531-WA0090.jpg,Reddish,6.5–7.5,25–35,60–80,280–450,40–60,300–450,"Rice, Wheat, Maize, Sugarcane, Pulses","DAP, Compost, NPK, Urea, Biofertilizer",maize,"Wheat, Mustard, Barley, Peas, Gram",Winter,28.07,44,haze,280.0,450.0,40.0,60.0,300.0,450.0,6.5,7.5
train,Alluvial soil,C:\Users\Pranjal Yallurkar\OneDrive\Desktop\PROJECT\Final\soil_photos-20251020T144319Z-1-001\soil_photos\train\Alluvial soil\IMG-20220531-WA0091.jpg,Reddish,6.5–7.5,25–35,60–80,280–450,40–60,300–450,"Rice, Wheat, Maize, Sugarcane, Pulses","DAP, Compost, NPK, Urea, Biofertilizer",maize,"Wheat, Mustard, Barley, Peas, Gram",Winter,28.07,44,haze,280.0,450.0,40.0,60.0,300.0,450.0,6.5,7.5
train,Alluvial soil,C:\Users\Pranjal Yallurkar\OneDrive\Desktop\PROJECT\Final\soil_photos-20251020T144319Z-1-001\soil_photos\train\Alluvial soil\IMG-20220531-WA0092.jpg,Reddish,6.5–7.5,25–35,60–80,280–450,40–60,300–450,"Rice, Wheat, Maize, Sugarcane, Pulses","DAP, Compost, NPK, Urea, Biofertilizer",maize,"Wheat, Mustard, Barley, Peas, Gram",Winter,28.07,44,haze,280.0,450.0,40.0,60.0,300.0,450.0,6.5,7.5
train,Alluvial soil,C:\Users\Pranjal Yallurkar\OneDrive\Desktop\PROJECT\Final\soil_photos-20251020T144319Z-1-001\soil_photos\train\Alluvial soil\IMG-20220531-WA0093.jpg,Reddish,6.5–7.5,25–35,60–80,280–450,40–60,300–450,"Rice, Wheat, Maize, Sugarcane, Pulses","DAP, Compost, NPK, Urea, Biofertilizer",maize,"Wheat, Mustard, Barley, Peas, Gram",Winter,28.07,44,haze,280.0,450.0,40.0,60.0,300.0,450.0,6.5,7.5
train,Alluvial soil,C:\Users\Pranjal Yallurkar\OneDrive\Desktop\PROJECT\Final\soil_photos-20251020T144319Z-1-001\soil_photos\train\Alluvial soil\IMG-20220531-WA0094.jpg,Reddish,6.5–7.5,25–35,60–80,280–450,40–60,300–450,"Rice, Wheat, Maize, Sugarcane, Pulses","DAP, Compost, NPK, Urea, Biofertilizer",maize,"Wheat, Mustard, Barley, Peas, Gram",Winter,28.07,44,haze,280.0,450.0,40.0,60.0,300.0,450.0,6.5,7.5
train,Alluvial soil,C:\Users\Pranjal Yallurkar\OneDrive\Desktop\PROJECT\Final\soil_photos-20251020T144319Z-1-001\soil_photos\train\Alluvial soil\oil-a-real-close-up-of-a-part-of-the-earth-s-crust-ordinary-plain-1922365577.jpg,Reddish,6.5–7.5,25–35,60–80,280–450,40–60,300–450,"Rice, Wheat, Maize, Sugarcane, Pulses","DAP, Compost, NPK, Urea, Biofertilizer",maize,"Wheat, Mustard, Barley, Peas, Gram",Winter,28.07,44,haze,280.0,450.0,40.0,60.0,300.0,450.0,6.5,7.5
train,Alluvial soil,C:\Users\Pranjal Yallurkar\OneDrive\Desktop\PROJECT\Final\soil_photos-20251020T144319Z-1-001\soil_photos\train\Alluvial soil\Photograph-showing-the-presence-of-alluvial-soil-along-stream-course-dry-near-Patlodha_Q640.jpg,Reddish,6.5–7.5,25–35,60–80,280–450,40–60,300–450,"Rice, Wheat, Maize, Sugarcane, Pulses","DAP, Compost, NPK, Urea, Biofertilizer",maize,"Wheat, Mustard, Barley, Peas, Gram",Winter,28.07,44,haze,280.0,450.0,40.0,60.0,300.0,450.0,6.5,7.5
train,Alluvial soil,C:\Users\Pranjal Yallurkar\OneDrive\Desktop\PROJECT\Final\soil_photos-20251020T144319Z-1-001\soil_photos\train\Alluvial soil\photo_2022-06-01_07-04-38.jpg,Reddish,6.5–7.5,25–35,60–80,280–450,40–60,300–450,"Rice, Wheat, Maize, Sugarcane, Pulses","DAP, Compost, NPK, Urea, Biofertilizer",maize,"Wheat, Mustard, Barley, Peas, Gram",Winter,28.07,44,haze,280.0,450.0,40.0,60.0,300.0,450.0,6.5,7.5
train,Alluvial soil,C:\Users\Pranjal Yallurkar\OneDrive\Desktop\PROJECT\Final\soil_photos-20251020T144319Z-1-001\soil_photos\train\Alluvial soil\photo_2022-06-01_07-04-46.jpg,Reddish,6.5–7.5,25–35,60–80,280–450,40–60,300–450,"Rice, Wheat, Maize, Sugarcane, Pulses","DAP, Compost, NPK, Urea, Biofertilizer",maize,"Wheat, Mustard, Barley, Peas, Gram",Winter,28.07,44,haze,280.0,450.0,40.0,60.0,300.0,450.0,6.5,7.5
train,Alluvial soil,C:\Users\Pranjal Yallurkar\OneDrive\Desktop\PROJECT\Final\soil_photos-20251020T144319Z-1-001\soil_photos\train\Alluvial soil\photo_2022-06-01_07-05-32.jpg,Reddish,6.5–7.5,25–35,60–80,280–450,40–60,300–450,"Rice, Wheat, Maize, Sugarcane, Pulses","DAP, Compost, NPK, Urea, Biofertilizer",maize,"Wheat, Mustard, Barley, Peas, Gram",Winter,28.07,44,haze,280.0,450.0,40.0,60.0,300.0,450.0,6.5,7.5
train,Alluvial soil,C:\Users\Pranjal Yallurkar\OneDrive\Desktop\PROJECT\Final\soil_photos-20251020T144319Z-1-001\soil_photos\train\Alluvial soil\photo_2022-06-01_07-05-40.jpg,Reddish,6.5–7.5,25–35,60–80,280–450,40–60,300–450,"Rice, Wheat, Maize, Sugarcane, Pulses","DAP, Compost, NPK, Urea, Biofertilizer",maize,"Wheat, Mustard, Barley, Peas, Gram",Winter,28.07,44,haze,280.0,450.0,40.0,60.0,300.0,450.0,6.5,7.5
train,Alluvial soil,C:\Users\Pranjal Yallurkar\OneDrive\Desktop\PROJECT\Final\soil_photos-20251020T144319Z-1-001\soil_photos\train\Alluvial soil\photo_2022-06-01_07-05-44.jpg,Reddish,6.5–7.5,25–35,60–80,280–450,40–60,300–450,"Rice, Wheat, Maize, Sugarcane, Pulses","DAP, Compost, NPK, Urea, Biofertilizer",maize,"Wheat, Mustard, Barley, Peas, Gram",Winter,28.07,44,haze,280.0,450.0,40.0,60.0,300.0,450.0,6.5,7.5
train,Alluvial soil,C:\Users\Pranjal Yallurkar\OneDrive\Desktop\PROJECT\Final\soil_photos-20251020T144319Z-1-001\soil_photos\train\Alluvial soil\photo_2022-06-01_07-05-48.jpg,Reddish,6.5–7.5,25–35,60–80,280–450,40–60,300–450,"Rice, Wheat, Maize, Sugarcane, Pulses","DAP, Compost, NPK, Urea, Biofertilizer",maize,"Wheat, Mustard, Barley, Peas, Gram",Winter,28.07,44,haze,280.0,450.0,40.0,60.0,300.0,450.0,6.5,7.5
train,Alluvial soil,C:\Users\Pranjal Yallurkar\OneDrive\Desktop\PROJECT\Final\soil_photos-20251020T144319Z-1-001\soil_photos\train\Alluvial soil\photo_2022-06-01_07-05-52.jpg,Reddish,6.5–7.5,25–35,60–80,280–450,40–60,300–450,"Rice, Wheat, Maize, Sugarcane, Pulses","DAP, Compost, NPK, Urea, Biofertilizer",maize,"Wheat, Mustard, Barley, Peas, Gram",Winter,28.07,44,haze,280.0,450.0,40.0,60.0,300.0,450.0,6.5,7.5
train,Alluvial soil,C:\Users\Pranjal Yallurkar\OneDrive\Desktop\PROJECT\Final\soil_photos-20251020T144319Z-1-001\soil_photos\train\Alluvial soil\photo_2022-06-01_07-05-56.jpg,Reddish,6.5–7.5,25–35,60–80,280–450,40–60,300–450,"Rice, Wheat, Maize, Sugarcane, Pulses","DAP, Compost, NPK, Urea, Biofertilizer",maize,"Wheat, Mustard, Barley, Peas, Gram",Winter,28.07,44,haze,280.0,450.0,40.0,60.0,300.0,450.0,6.5,7.5
train,Alluvial soil,C:\Users\Pranjal Yallurkar\OneDrive\Desktop\PROJECT\Final\soil_photos-20251020T144319Z-1-001\soil_photos\train\Alluvial soil\photo_2022-06-01_07-06-00.jpg,Reddish,6.5–7.5,25–35,60–80,280–450,40–60,300–450,"Rice, Wheat, Maize, Sugarcane, Pulses","DAP, Compost, NPK, Urea, Biofertilizer",maize,"Wheat, Mustard, Barley, Peas, Gram",Winter,28.07,44,haze,280.0,450.0,40.0,60.0,300.0,450.0,6.5,7.5
train,Alluvial soil,C:\Users\Pranjal Yallurkar\OneDrive\Desktop\PROJECT\Final\soil_photos-20251020T144319Z-1-001\soil_photos\train\Alluvial soil\photo_2022-06-01_07-06-04.jpg,Reddish,6.5–7.5,25–35,60–80,280–450,40–60,300–450,"Rice, Wheat, Maize, Sugarcane, Pulses","DAP, Compost, NPK, Urea, Biofertilizer",maize,"Wheat, Mustard, Barley, Peas, Gram",Winter,28.07,44,haze,280.0,450.0,40.0,60.0,300.0,450.0,6.5,7.5
train,Alluvial soil,C:\Users\Pranjal Yallurkar\OneDrive\Desktop\PROJECT\Final\soil_photos-20251020T144319Z-1-001\soil_photos\train\Alluvial soil\photo_2022-06-01_07-06-07.jpg,Reddish,6.5–7.5,25–35,60–80,280–450,40–60,300–450,"Rice, Wheat, Maize, Sugarcane, Pulses","DAP, Compost, NPK, Urea, Biofertilizer",maize,"Wheat, Mustard, Barley, Peas, Gram",Winter,28.07,44,haze,280.0,450.0,40.0,60.0,300.0,450.0,6.5,7.5
train,Alluvial soil,C:\Users\Pranjal Yallurkar\OneDrive\Desktop\PROJECT\Final\soil_photos-20251020T144319Z-1-001\soil_photos\train\Alluvial soil\photo_2022-06-01_07-06-11.jpg,Reddish,6.5–7.5,25–35,60–80,280–450,40–60,300–450,"Rice, Wheat, Maize, Sugarcane, Pulses","DAP, Compost, NPK, Urea, Biofertilizer",maize,"Wheat, Mustard, Barley, Peas, Gram",Winter,28.07,44,haze,280.0,450.0,40.0,60.0,300.0,450.0,6.5,7.5
train,Alluvial soil,C:\Users\Pranjal Yallurkar\OneDrive\Desktop\PROJECT\Final\soil_photos-20251020T144319Z-1-001\soil_photos\train\Alluvial soil\photo_2022-06-01_07-06-15.jpg,Reddish,6.5–7.5,25–35,60–80,280–450,40–60,300–450,"Rice, Wheat, Maize, Sugarcane, Pulses","DAP, Compost, NPK, Urea, Biofertilizer",maize,"Wheat, Mustard, Barley, Peas, Gram",Winter,28.07,44,haze,280.0,450.0,40.0,60.0,300.0,450.0,6.5,7.5
train,Alluvial soil,C:\Users\Pranjal Yallurkar\OneDrive\Desktop\PROJECT\Final\soil_photos-20251020T144319Z-1-001\soil_photos\train\Alluvial soil\photo_2022-06-01_07-06-18.jpg,Reddish,6.5–7.5,25–35,60–80,280–450,40–60,300–450,"Rice, Wheat, Maize, Sugarcane, Pulses","DAP, Compost, NPK, Urea, Biofertilizer",maize,"Wheat, Mustard, Barley, Peas, Gram",Winter,28.07,44,haze,280.0,450.0,40.0,60.0,300.0,450.0,6.5,7.5
train,Alluvial soil,C:\Users\Pranjal Yallurkar\OneDrive\Desktop\PROJECT\Final\soil_photos-20251020T144319Z-1-001\soil_photos\train\Alluvial soil\photo_2022-06-01_07-06-23.jpg,Reddish,6.5–7.5,25–35,60–80,280–450,40–60,300–450,"Rice, Wheat, Maize, Sugarcane, Pulses","DAP, Compost, NPK, Urea, Biofertilizer",maize,"Wheat, Mustard, Barley, Peas, Gram",Winter,28.07,44,haze,280.0,450.0,40.0,60.0,300.0,450.0,6.5,7.5
train,Alluvial soil,C:\Users\Pranjal Yallurkar\OneDrive\Desktop\PROJECT\Final\soil_photos-20251020T144319Z-1-001\soil_photos\train\Alluvial soil\photo_2022-06-01_07-06-27.jpg,Reddish,6.5–7.5,25–35,60–80,280–450,40–60,300–450,"Rice, Wheat, Maize, Sugarcane, Pulses","DAP, Compost, NPK, Urea, Biofertilizer",maize,"Wheat, Mustard, Barley, Peas, Gram",Winter,28.07,44,haze,280.0,450.0,40.0,60.0,300.0,450.0,6.5,7.5
train,Alluvial soil,C:\Users\Pranjal Yallurkar\OneDrive\Desktop\PROJECT\Final\soil_photos-20251020T144319Z-1-001\soil_photos\train\Alluvial soil\photo_2022-06-01_07-06-30.jpg,Reddish,6.5–7.5,25–35,60–80,280–450,40–60,300–450,"Rice, Wheat, Maize, Sugarcane, Pulses","DAP, Compost, NPK, Urea, Biofertilizer",maize,"Wheat, Mustard, Barley, Peas, Gram",Winter,28.07,44,haze,280.0,450.0,40.0,60.0,300.0,450.0,6.5,7.5
train,Alluvial soil,C:\Users\Pranjal Yallurkar\OneDrive\Desktop\PROJECT\Final\soil_photos-20251020T144319Z-1-001\soil_photos\train\Alluvial soil\photo_2022-06-01_07-06-33.jpg,Reddish,6.5–7.5,25–35,60–80,280–450,40–60,300–450,"Rice, Wheat, Maize, Sugarcane, Pulses","DAP, Compost, NPK, Urea, Biofertilizer",maize,"Wheat, Mustard, Barley, Peas, Gram",Winter,28.07,44,haze,280.0,450.0,40.0,60.0,300.0,450.0,6.5,7.5
train,Alluvial soil,C:\Users\Pranjal Yallurkar\OneDrive\Desktop\PROJECT\Final\soil_photos-20251020T144319Z-1-001\soil_photos\train\Alluvial soil\photo_2022-06-01_07-06-37.jpg,Reddish,6.5–7.5,25–35,60–80,280–450,40–60,300–450,"Rice, Wheat, Maize, Sugarcane, Pulses","DAP, Compost, NPK, Urea, Biofertilizer",maize,"Wheat, Mustard, Barley, Peas, Gram",Winter,28.07,44,haze,280.0,450.0,40.0,60.0,300.0,450.0,6.5,7.5
train,Alluvial soil,C:\Users\Pranjal Yallurkar\OneDrive\Desktop\PROJECT\Final\soil_photos-20251020T144319Z-1-001\soil_photos\train\Alluvial soil\photo_2022-06-01_07-06-41.jpg,Reddish,6.5–7.5,25–35,60–80,280–450,40–60,300–450,"Rice, Wheat, Maize, Sugarcane, Pulses","DAP, Compost, NPK, Urea, Biofertilizer",maize,"Wheat, Mustard, Barley, Peas, Gram",Winter,28.07,44,haze,280.0,450.0,40.0,60.0,300.0,450.0,6.5,7.5
train,Alluvial soil,C:\Users\Pranjal Yallurkar\OneDrive\Desktop\PROJECT\Final\soil_photos-20251020T144319Z-1-001\soil_photos\train\Alluvial soil\photo_2022-06-01_07-06-45.jpg,Reddish,6.5–7.5,25–35,60–80,280–450,40–60,300–450,"Rice, Wheat, Maize, Sugarcane, Pulses","DAP, Compost, NPK, Urea, Biofertilizer",maize,"Wheat, Mustard, Barley, Peas, Gram",Winter,28.07,44,haze,280.0,450.0,40.0,60.0,300.0,450.0,6.5,7.5
train,Alluvial soil,C:\Users\Pranjal Yallurkar\OneDrive\Desktop\PROJECT\Final\soil_photos-20251020T144319Z-1-001\soil_photos\train\Alluvial soil\photo_2022-06-01_07-06-48.jpg,Reddish,6.5–7.5,25–35,60–80,280–450,40–60,300–450,"Rice, Wheat, Maize, Sugarcane, Pulses","DAP, Compost, NPK, Urea, Biofertilizer",maize,"Wheat, Mustard, Barley, Peas, Gram",Winter,28.07,44,haze,280.0,450.0,40.0,60.0,300.0,450.0,6.5,7.5
train,Alluvial soil,C:\Users\Pranjal Yallurkar\OneDrive\Desktop\PROJECT\Final\soil_photos-20251020T144319Z-1-001\soil_photos\train\Alluvial soil\photo_2022-06-01_07-06-52.jpg,Reddish,6.5–7.5,25–35,60–80,280–450,40–60,300–450,"Rice, Wheat, Maize, Sugarcane, Pulses","DAP, Compost, NPK, Urea, Biofertilizer",maize,"Wheat, Mustard, Barley, Peas, Gram",Winter,28.07,44,haze,280.0,450.0,40.0,60.0,300.0,450.0,6.5,7.5
train,Alluvial soil,C:\Users\Pranjal Yallurkar\OneDrive\Desktop\PROJECT\Final\soil_photos-20251020T144319Z-1-001\soil_photos\train\Alluvial soil\photo_2022-06-01_07-06-57.jpg,Reddish,6.5–7.5,25–35,60–80,280–450,40–60,300–450,"Rice, Wheat, Maize, Sugarcane, Pulses","DAP, Compost, NPK, Urea, Biofertilizer",maize,"Wheat, Mustard, Barley, Peas, Gram",Winter,28.07,44,haze,280.0,450.0,40.0,60.0,300.0,450.0,6.5,7.5
train,Alluvial soil,C:\Users\Pranjal Yallurkar\OneDrive\Desktop\PROJECT\Final\soil_photos-20251020T144319Z-1-001\soil_photos\train\Alluvial soil\photo_2022-06-01_07-07-00.jpg,Reddish,6.5–7.5,25–35,60–80,280–450,40–60,300–450,"Rice, Wheat, Maize, Sugarcane, Pulses","DAP, Compost, NPK, Urea, Biofertilizer",maize,"Wheat, Mustard, Barley, Peas, Gram",Winter,28.07,44,haze,280.0,450.0,40.0,60.0,300.0,450.0,6.5,7.5
train,Alluvial soil,C:\Users\Pranjal Yallurkar\OneDrive\Desktop\PROJECT\Final\soil_photos-20251020T144319Z-1-001\soil_photos\train\Alluvial soil\photo_2022-06-01_07-07-04.jpg,Reddish,6.5–7.5,25–35,60–80,280–450,40–60,300–450,"Rice, Wheat, Maize, Sugarcane, Pulses","DAP, Compost, NPK, Urea, Biofertilizer",maize,"Wheat, Mustard, Barley, Peas, Gram",Winter,28.07,44,haze,280.0,450.0,40.0,60.0,300.0,450.0,6.5,7.5
train,Alluvial soil,C:\Users\Pranjal Yallurkar\OneDrive\Desktop\PROJECT\Final\soil_photos-20251020T144319Z-1-001\soil_photos\train\Alluvial soil\photo_2022-06-01_07-07-08.jpg,Reddish,6.5–7.5,25–35,60–80,280–450,40–60,300–450,"Rice, Wheat, Maize, Sugarcane, Pulses","DAP, Compost, NPK, Urea, Biofertilizer",maize,"Wheat, Mustard, Barley, Peas, Gram",Winter,28.07,44,haze,280.0,450.0,40.0,60.0,300.0,450.0,6.5,7.5
train,Alluvial soil,C:\Users\Pranjal Yallurkar\OneDrive\Desktop\PROJECT\Final\soil_photos-20251020T144319Z-1-001\soil_photos\train\Alluvial soil\photo_2022-06-01_07-07-11.jpg,Reddish,6.5–7.5,25–35,60–80,280–450,40–60,300–450,"Rice, Wheat, Maize, Sugarcane, Pulses","DAP, Compost, NPK, Urea, Biofertilizer",maize,"Wheat, Mustard, Barley, Peas, Gram",Winter,28.07,44,haze,280.0,450.0,40.0,60.0,300.0,450.0,6.5,7.5
train,Alluvial soil,C:\Users\Pranjal Yallurkar\OneDrive\Desktop\PROJECT\Final\soil_photos-20251020T144319Z-1-001\soil_photos\train\Alluvial soil\photo_2022-06-01_07-07-15.jpg,Reddish,6.5–7.5,25–35,60–80,280–450,40–60,300–450,"Rice, Wheat, Maize, Sugarcane, Pulses","DAP, Compost, NPK, Urea, Biofertilizer",maize,"Wheat, Mustard, Barley, Peas, Gram",Winter,28.07,44,haze,280.0,450.0,40.0,60.0,300.0,450.0,6.5,7.5
train,Alluvial soil,C:\Users\Pranjal Yallurkar\OneDrive\Desktop\PROJECT\Final\soil_photos-20251020T144319Z-1-001\soil_photos\train\Alluvial soil\photo_2022-06-01_07-07-20.jpg,Reddish,6.5–7.5,25–35,60–80,280–450,40–60,300–450,"Rice, Wheat, Maize, Sugarcane, Pulses","DAP, Compost, NPK, Urea, Biofertilizer",maize,"Wheat, Mustard, Barley, Peas, Gram",Winter,28.07,44,haze,280.0,450.0,40.0,60.0,300.0,450.0,6.5,7.5
train,Alluvial soil,C:\Users\Pranjal Yallurkar\OneDrive\Desktop\PROJECT\Final\soil_photos-20251020T144319Z-1-001\soil_photos\train\Alluvial soil\photo_2022-06-01_07-07-37.jpg,Reddish,6.5–7.5,25–35,60–80,280–450,40–60,300–450,"Rice, Wheat, Maize, Sugarcane, Pulses","DAP, Compost, NPK, Urea, Biofertilizer",maize,"Wheat, Mustard, Barley, Peas, Gram",Winter,28.07,44,haze,280.0,450.0,40.0,60.0,300.0,450.0,6.5,7.5
train,Alluvial soil,C:\Users\Pranjal Yallurkar\OneDrive\Desktop\PROJECT\Final\soil_photos-20251020T144319Z-1-001\soil_photos\train\Alluvial soil\photo_2022-06-01_07-07-41.jpg,Reddish,6.5–7.5,25–35,60–80,280–450,40–60,300–450,"Rice, Wheat, Maize, Sugarcane, Pulses","DAP, Compost, NPK, Urea, Biofertilizer",maize,"Wheat, Mustard, Barley, Peas, Gram",Winter,28.07,44,haze,280.0,450.0,40.0,60.0,300.0,450.0,6.5,7.5
train,Alluvial soil,C:\Users\Pranjal Yallurkar\OneDrive\Desktop\PROJECT\Final\soil_photos-20251020T144319Z-1-001\soil_photos\train\Alluvial soil\photo_2022-06-01_07-07-45.jpg,Reddish,6.5–7.5,25–35,60–80,280–450,40–60,300–450,"Rice, Wheat, Maize, Sugarcane, Pulses","DAP, Compost, NPK, Urea, Biofertilizer",maize,"Wheat, Mustard, Barley, Peas, Gram",Winter,28.07,44,haze,280.0,450.0,40.0,60.0,300.0,450.0,6.5,7.5
train,Alluvial soil,C:\Users\Pranjal Yallurkar\OneDrive\Desktop\PROJECT\Final\soil_photos-20251020T144319Z-1-001\soil_photos\train\Alluvial soil\photo_2022-06-01_07-07-48.jpg,Reddish,6.5–7.5,25–35,60–80,280–450,40–60,300–450,"Rice, Wheat, Maize, Sugarcane, Pulses","DAP, Compost, NPK, Urea, Biofertilizer",maize,"Wheat, Mustard, Barley, Peas, Gram",Winter,28.07,44,haze,280.0,450.0,40.0,60.0,300.0,450.0,6.5,7.5
train,Alluvial soil,C:\Users\Pranjal Yallurkar\OneDrive\Desktop\PROJECT\Final\soil_photos-20251020T144319Z-1-001\soil_photos\train\Alluvial soil\photo_2022-06-01_07-07-52.jpg,Reddish,6.5–7.5,25–35,60–80,280–450,40–60,300–450,"Rice, Wheat, Maize, Sugarcane, Pulses","DAP, Compost, NPK, Urea, Biofertilizer",maize,"Wheat, Mustard, Barley, Peas, Gram",Winter,28.07,44,haze,280.0,450.0,40.0,60.0,300.0,450.0,6.5,7.5
train,Alluvial soil,C:\Users\Pranjal Yallurkar\OneDrive\Desktop\PROJECT\Final\soil_photos-20251020T144319Z-1-001\soil_photos\train\Alluvial soil\photo_2022-06-01_07-07-56.jpg,Reddish,6.5–7.5,25–35,60–80,280–450,40–60,300–450,"Rice, Wheat, Maize, Sugarcane, Pulses","DAP, Compost, NPK, Urea, Biofertilizer",maize,"Wheat, Mustard, Barley, Peas, Gram",Winter,28.07,44,haze,280.0,450.0,40.0,60.0,300.0,450.0,6.5,7.5
train,Alluvial soil,C:\Users\Pranjal Yallurkar\OneDrive\Desktop\PROJECT\Final\soil_photos-20251020T144319Z-1-001\soil_photos\train\Alluvial soil\photo_2022-06-01_07-08-00.jpg,Reddish,6.5–7.5,25–35,60–80,280–450,40–60,300–450,"Rice, Wheat, Maize, Sugarcane, Pulses","DAP, Compost, NPK, Urea, Biofertilizer",maize,"Wheat, Mustard, Barley, Peas, Gram",Winter,28.07,44,haze,280.0,450.0,40.0,60.0,300.0,450.0,6.5,7.5
train,Alluvial soil,C:\Users\Pranjal Yallurkar\OneDrive\Desktop\PROJECT\Final\soil_photos-20251020T144319Z-1-001\soil_photos\train\Alluvial soil\photo_2022-06-01_07-08-03.jpg,Reddish,6.5–7.5,25–35,60–80,280–450,40–60,300–450,"Rice, Wheat, Maize, Sugarcane, Pulses","DAP, Compost, NPK, Urea, Biofertilizer",maize,"Wheat, Mustard, Barley, Peas, Gram",Winter,28.07,44,haze,280.0,450.0,40.0,60.0,300.0,450.0,6.5,7.5
train,Alluvial soil,C:\Users\Pranjal Yallurkar\OneDrive\Desktop\PROJECT\Final\soil_photos-20251020T144319Z-1-001\soil_photos\train\Alluvial soil\photo_2022-06-01_07-08-07.jpg,Reddish,6.5–7.5,25–35,60–80,280–450,40–60,300–450,"Rice, Wheat, Maize, Sugarcane, Pulses","DAP, Compost, NPK, Urea, Biofertilizer",maize,"Wheat, Mustard, Barley, Peas, Gram",Winter,28.07,44,haze,280.0,450.0,40.0,60.0,300.0,450.0,6.5,7.5
train,Alluvial soil,C:\Users\Pranjal Yallurkar\OneDrive\Desktop\PROJECT\Final\soil_photos-20251020T144319Z-1-001\soil_photos\train\Alluvial soil\photo_2022-06-01_07-08-10.jpg,Reddish,6.5–7.5,25–35,60–80,280–450,40–60,300–450,"Rice, Wheat, Maize, Sugarcane, Pulses","DAP, Compost, NPK, Urea, Biofertilizer",maize,"Wheat, Mustard, Barley, Peas, Gram",Winter,28.07,44,haze,280.0,450.0,40.0,60.0,300.0,450.0,6.5,7.5
train,Alluvial soil,C:\Users\Pranjal Yallurkar\OneDrive\Desktop\PROJECT\Final\soil_photos-20251020T144319Z-1-001\soil_photos\train\Alluvial soil\photo_2022-06-01_07-08-14.jpg,Reddish,6.5–7.5,25–35,60–80,280–450,40–60,300–450,"Rice, Wheat, Maize, Sugarcane, Pulses","DAP, Compost, NPK, Urea, Biofertilizer",maize,"Wheat, Mustard, Barley, Peas, Gram",Winter,28.07,44,haze,280.0,450.0,40.0,60.0,300.0,450.0,6.5,7.5
train,Alluvial soil,C:\Users\Pranjal Yallurkar\OneDrive\Desktop\PROJECT\Final\soil_photos-20251020T144319Z-1-001\soil_photos\train\Alluvial soil\photo_2022-06-01_07-08-18.jpg,Reddish,6.5–7.5,25–35,60–80,280–450,40–60,300–450,"Rice, Wheat, Maize, Sugarcane, Pulses","DAP, Compost, NPK, Urea, Biofertilizer",maize,"Wheat, Mustard, Barley, Peas, Gram",Winter,28.07,44,haze,280.0,450.0,40.0,60.0,300.0,450.0,6.5,7.5
train,Alluvial soil,C:\Users\Pranjal Yallurkar\OneDrive\Desktop\PROJECT\Final\soil_photos-20251020T144319Z-1-001\soil_photos\train\Alluvial soil\photo_2022-06-01_07-08-22.jpg,Reddish,6.5–7.5,25–35,60–80,280–450,40–60,300–450,"Rice, Wheat, Maize, Sugarcane, Pulses","DAP, Compost, NPK, Urea, Biofertilizer",maize,"Wheat, Mustard, Barley, Peas, Gram",Winter,28.07,44,haze,280.0,450.0,40.0,60.0,300.0,450.0,6.5,7.5
train,Alluvial soil,C:\Users\Pranjal Yallurkar\OneDrive\Desktop\PROJECT\Final\soil_photos-20251020T144319Z-1-001\soil_photos\train\Alluvial soil\photo_2022-06-01_07-08-26.jpg,Reddish,6.5–7.5,25–35,60–80,280–450,40–60,300–450,"Rice, Wheat, Maize, Sugarcane, Pulses","DAP, Compost, NPK, Urea, Biofertilizer",maize,"Wheat, Mustard, Barley, Peas, Gram",Winter,28.07,44,haze,280.0,450.0,40.0,60.0,300.0,450.0,6.5,7.5
train,Alluvial soil,C:\Users\Pranjal Yallurkar\OneDrive\Desktop\PROJECT\Final\soil_photos-20251020T144319Z-1-001\soil_photos\train\Alluvial soil\photo_2022-06-01_07-08-29.jpg,Reddish,6.5–7.5,25–35,60–80,280–450,40–60,300–450,"Rice, Wheat, Maize, Sugarcane, Pulses","DAP, Compost, NPK, Urea, Biofertilizer",maize,"Wheat, Mustard, Barley, Peas, Gram",Winter,28.07,44,haze,280.0,450.0,40.0,60.0,300.0,450.0,6.5,7.5
train,Alluvial soil,C:\Users\Pranjal Yallurkar\OneDrive\Desktop\PROJECT\Final\soil_photos-20251020T144319Z-1-001\soil_photos\train\Alluvial soil\photo_2022-06-01_07-08-33.jpg,Reddish,6.5–7.5,25–35,60–80,280–450,40–60,300–450,"Rice, Wheat, Maize, Sugarcane, Pulses","DAP, Compost, NPK, Urea, Biofertilizer",maize,"Wheat, Mustard, Barley, Peas, Gram",Winter,28.07,44,haze,280.0,450.0,40.0,60.0,300.0,450.0,6.5,7.5
train,Alluvial soil,C:\Users\Pranjal Yallurkar\OneDrive\Desktop\PROJECT\Final\soil_photos-20251020T144319Z-1-001\soil_photos\train\Alluvial soil\photo_2022-06-01_07-08-36.jpg,Reddish,6.5–7.5,25–35,60–80,280–450,40–60,300–450,"Rice, Wheat, Maize, Sugarcane, Pulses","DAP, Compost, NPK, Urea, Biofertilizer",maize,"Wheat, Mustard, Barley, Peas, Gram",Winter,28.07,44,haze,280.0,450.0,40.0,60.0,300.0,450.0,6.5,7.5
train,Alluvial soil,C:\Users\Pranjal Yallurkar\OneDrive\Desktop\PROJECT\Final\soil_photos-20251020T144319Z-1-001\soil_photos\train\Alluvial soil\photo_2022-06-01_07-08-40.jpg,Reddish,6.5–7.5,25–35,60–80,280–450,40–60,300–450,"Rice, Wheat, Maize, Sugarcane, Pulses","DAP, Compost, NPK, Urea, Biofertilizer",maize,"Wheat, Mustard, Barley, Peas, Gram",Winter,28.07,44,haze,280.0,450.0,40.0,60.0,300.0,450.0,6.5,7.5
train,Alluvial soil,C:\Users\Pranjal Yallurkar\OneDrive\Desktop\PROJECT\Final\soil_photos-20251020T144319Z-1-001\soil_photos\train\Alluvial soil\photo_2022-06-01_07-08-43.jpg,Reddish,6.5–7.5,25–35,60–80,280–450,40–60,300–450,"Rice, Wheat, Maize, Sugarcane, Pulses","DAP, Compost, NPK, Urea, Biofertilizer",maize,"Wheat, Mustard, Barley, Peas, Gram",Winter,28.07,44,haze,280.0,450.0,40.0,60.0,300.0,450.0,6.5,7.5
train,Alluvial soil,C:\Users\Pranjal Yallurkar\OneDrive\Desktop\PROJECT\Final\soil_photos-20251020T144319Z-1-001\soil_photos\train\Alluvial soil\photo_2022-06-01_07-08-46.jpg,Reddish,6.5–7.5,25–35,60–80,280–450,40–60,300–450,"Rice, Wheat, Maize, Sugarcane, Pulses","DAP, Compost, NPK, Urea, Biofertilizer",maize,"Wheat, Mustard, Barley, Peas, Gram",Winter,28.07,44,haze,280.0,450.0,40.0,60.0,300.0,450.0,6.5,7.5
train,Alluvial soil,C:\Users\Pranjal Yallurkar\OneDrive\Desktop\PROJECT\Final\soil_photos-20251020T144319Z-1-001\soil_photos\train\Alluvial soil\photo_2022-06-01_07-08-50.jpg,Reddish,6.5–7.5,25–35,60–80,280–450,40–60,300–450,"Rice, Wheat, Maize, Sugarcane, Pulses","DAP, Compost, NPK, Urea, Biofertilizer",maize,"Wheat, Mustard, Barley, Peas, Gram",Winter,28.07,44,haze,280.0,450.0,40.0,60.0,300.0,450.0,6.5,7.5
train,Alluvial soil,C:\Users\Pranjal Yallurkar\OneDrive\Desktop\PROJECT\Final\soil_photos-20251020T144319Z-1-001\soil_photos\train\Alluvial soil\photo_2022-06-01_07-08-54.jpg,Reddish,6.5–7.5,25–35,60–80,280–450,40–60,300–450,"Rice, Wheat, Maize, Sugarcane, Pulses","DAP, Compost, NPK, Urea, Biofertilizer",maize,"Wheat, Mustard, Barley, Peas, Gram",Winter,28.07,44,haze,280.0,450.0,40.0,60.0,300.0,450.0,6.5,7.5
train,Alluvial soil,C:\Users\Pranjal Yallurkar\OneDrive\Desktop\PROJECT\Final\soil_photos-20251020T144319Z-1-001\soil_photos\train\Alluvial soil\photo_2022-06-01_07-08-57.jpg,Reddish,6.5–7.5,25–35,60–80,280–450,40–60,300–450,"Rice, Wheat, Maize, Sugarcane, Pulses","DAP, Compost, NPK, Urea, Biofertilizer",maize,"Wheat, Mustard, Barley, Peas, Gram",Winter,28.07,44,haze,280.0,450.0,40.0,60.0,300.0,450.0,6.5,7.5
train,Alluvial soil,C:\Users\Pranjal Yallurkar\OneDrive\Desktop\PROJECT\Final\soil_photos-20251020T144319Z-1-001\soil_photos\train\Alluvial soil\photo_2022-06-01_07-09-01.jpg,Reddish,6.5–7.5,25–35,60–80,280–450,40–60,300–450,"Rice, Wheat, Maize, Sugarcane, Pulses","DAP, Compost, NPK, Urea, Biofertilizer",maize,"Wheat, Mustard, Barley, Peas, Gram",Winter,28.07,44,haze,280.0,450.0,40.0,60.0,300.0,450.0,6.5,7.5
train,Alluvial soil,C:\Users\Pranjal Yallurkar\OneDrive\Desktop\PROJECT\Final\soil_photos-20251020T144319Z-1-001\soil_photos\train\Alluvial soil\photo_2022-06-01_07-09-04.jpg,Reddish,6.5–7.5,25–35,60–80,280–450,40–60,300–450,"Rice, Wheat, Maize, Sugarcane, Pulses","DAP, Compost, NPK, Urea, Biofertilizer",maize,"Wheat, Mustard, Barley, Peas, Gram",Winter,28.07,44,haze,280.0,450.0,40.0,60.0,300.0,450.0,6.5,7.5
train,Alluvial soil,C:\Users\Pranjal Yallurkar\OneDrive\Desktop\PROJECT\Final\soil_photos-20251020T144319Z-1-001\soil_photos\train\Alluvial soil\photo_2022-06-01_07-09-07.jpg,Reddish,6.5–7.5,25–35,60–80,280–450,40–60,300–450,"Rice, Wheat, Maize, Sugarcane, Pulses","DAP, Compost, NPK, Urea, Biofertilizer",maize,"Wheat, Mustard, Barley, Peas, Gram",Winter,28.07,44,haze,280.0,450.0,40.0,60.0,300.0,450.0,6.5,7.5
train,Alluvial soil,C:\Users\Pranjal Yallurkar\OneDrive\Desktop\PROJECT\Final\soil_photos-20251020T144319Z-1-001\soil_photos\train\Alluvial soil\photo_2022-06-01_07-09-11.jpg,Reddish,6.5–7.5,25–35,60–80,280–450,40–60,300–450,"Rice, Wheat, Maize, Sugarcane, Pulses","DAP, Compost, NPK, Urea, Biofertilizer",maize,"Wheat, Mustard, Barley, Peas, Gram",Winter,28.07,44,haze,280.0,450.0,40.0,60.0,300.0,450.0,6.5,7.5
train,Alluvial soil,C:\Users\Pranjal Yallurkar\OneDrive\Desktop\PROJECT\Final\soil_photos-20251020T144319Z-1-001\soil_photos\train\Alluvial soil\photo_2022-06-01_07-09-14.jpg,Reddish,6.5–7.5,25–35,60–80,280–450,40–60,300–450,"Rice, Wheat, Maize, Sugarcane, Pulses","DAP, Compost, NPK, Urea, Biofertilizer",maize,"Wheat, Mustard, Barley, Peas, Gram",Winter,28.07,44,haze,280.0,450.0,40.0,60.0,300.0,450.0,6.5,7.5
train,Alluvial soil,C:\Users\Pranjal Yallurkar\OneDrive\Desktop\PROJECT\Final\soil_photos-20251020T144319Z-1-001\soil_photos\train\Alluvial soil\photo_2022-06-01_07-09-17.jpg,Reddish,6.5–7.5,25–35,60–80,280–450,40–60,300–450,"Rice, Wheat, Maize, Sugarcane, Pulses","DAP, Compost, NPK, Urea, Biofertilizer",maize,"Wheat, Mustard, Barley, Peas, Gram",Winter,28.07,44,haze,280.0,450.0,40.0,60.0,300.0,450.0,6.5,7.5
train,Alluvial soil,C:\Users\Pranjal Yallurkar\OneDrive\Desktop\PROJECT\Final\soil_photos-20251020T144319Z-1-001\soil_photos\train\Alluvial soil\photo_2022-06-01_07-09-20.jpg,Reddish,6.5–7.5,25–35,60–80,280–450,40–60,300–450,"Rice, Wheat, Maize, Sugarcane, Pulses","DAP, Compost, NPK, Urea, Biofertilizer",maize,"Wheat, Mustard, Barley, Peas, Gram",Winter,28.07,44,haze,280.0,450.0,40.0,60.0,300.0,450.0,6.5,7.5
train,Alluvial soil,C:\Users\Pranjal Yallurkar\OneDrive\Desktop\PROJECT\Final\soil_photos-20251020T144319Z-1-001\soil_photos\train\Alluvial soil\photo_2022-06-01_07-09-23.jpg,Reddish,6.5–7.5,25–35,60–80,280–450,40–60,300–450,"Rice, Wheat, Maize, Sugarcane, Pulses","DAP, Compost, NPK, Urea, Biofertilizer",maize,"Wheat, Mustard, Barley, Peas, Gram",Winter,28.07,44,haze,280.0,450.0,40.0,60.0,300.0,450.0,6.5,7.5
train,Alluvial soil,C:\Users\Pranjal Yallurkar\OneDrive\Desktop\PROJECT\Final\soil_photos-20251020T144319Z-1-001\soil_photos\train\Alluvial soil\photo_2022-06-01_07-09-27.jpg,Reddish,6.5–7.5,25–35,60–80,280–450,40–60,300–450,"Rice, Wheat, Maize, Sugarcane, Pulses","DAP, Compost, NPK, Urea, Biofertilizer",maize,"Wheat, Mustard, Barley, Peas, Gram",Winter,28.07,44,haze,280.0,450.0,40.0,60.0,300.0,450.0,6.5,7.5
train,Alluvial soil,C:\Users\Pranjal Yallurkar\OneDrive\Desktop\PROJECT\Final\soil_photos-20251020T144319Z-1-001\soil_photos\train\Alluvial soil\photo_2022-06-01_07-09-31.jpg,Reddish,6.5–7.5,25–35,60–80,280–450,40–60,300–450,"Rice, Wheat, Maize, Sugarcane, Pulses","DAP, Compost, NPK, Urea, Biofertilizer",maize,"Wheat, Mustard, Barley, Peas, Gram",Winter,28.07,44,haze,280.0,450.0,40.0,60.0,300.0,450.0,6.5,7.5
train,Alluvial soil,C:\Users\Pranjal Yallurkar\OneDrive\Desktop\PROJECT\Final\soil_photos-20251020T144319Z-1-001\soil_photos\train\Alluvial soil\photo_2022-06-01_07-09-35.jpg,Reddish,6.5–7.5,25–35,60–80,280–450,40–60,300–450,"Rice, Wheat, Maize, Sugarcane, Pulses","DAP, Compost, NPK, Urea, Biofertilizer",maize,"Wheat, Mustard, Barley, Peas, Gram",Winter,28.07,44,haze,280.0,450.0,40.0,60.0,300.0,450.0,6.5,7.5
train,Alluvial soil,C:\Users\Pranjal Yallurkar\OneDrive\Desktop\PROJECT\Final\soil_photos-20251020T144319Z-1-001\soil_photos\train\Alluvial soil\photo_2022-06-01_07-09-39.jpg,Reddish,6.5–7.5,25–35,60–80,280–450,40–60,300–450,"Rice, Wheat, Maize, Sugarcane, Pulses","DAP, Compost, NPK, Urea, Biofertilizer",maize,"Wheat, Mustard, Barley, Peas, Gram",Winter,28.07,44,haze,280.0,450.0,40.0,60.0,300.0,450.0,6.5,7.5
train,Alluvial soil,C:\Users\Pranjal Yallurkar\OneDrive\Desktop\PROJECT\Final\soil_photos-20251020T144319Z-1-001\soil_photos\train\Alluvial soil\photo_2022-06-01_07-09-42.jpg,Reddish,6.5–7.5,25–35,60–80,280–450,40–60,300–450,"Rice, Wheat, Maize, Sugarcane, Pulses","DAP, Compost, NPK, Urea, Biofertilizer",maize,"Wheat, Mustard, Barley, Peas, Gram",Winter,28.07,44,haze,280.0,450.0,40.0,60.0,300.0,450.0,6.5,7.5
train,Alluvial soil,C:\Users\Pranjal Yallurkar\OneDrive\Desktop\PROJECT\Final\soil_photos-20251020T144319Z-1-001\soil_photos\train\Alluvial soil\photo_2022-06-01_07-09-46.jpg,Reddish,6.5–7.5,25–35,60–80,280–450,40–60,300–450,"Rice, Wheat, Maize, Sugarcane, Pulses","DAP, Compost, NPK, Urea, Biofertilizer",maize,"Wheat, Mustard, Barley, Peas, Gram",Winter,28.07,44,haze,280.0,450.0,40.0,60.0,300.0,450.0,6.5,7.5
train,Alluvial soil,C:\Users\Pranjal Yallurkar\OneDrive\Desktop\PROJECT\Final\soil_photos-20251020T144319Z-1-001\soil_photos\train\Alluvial soil\photo_2022-06-01_07-09-49.jpg,Reddish,6.5–7.5,25–35,60–80,280–450,40–60,300–450,"Rice, Wheat, Maize, Sugarcane, Pulses","DAP, Compost, NPK, Urea, Biofertilizer",maize,"Wheat, Mustard, Barley, Peas, Gram",Winter,28.07,44,haze,280.0,450.0,40.0,60.0,300.0,450.0,6.5,7.5
train,Alluvial soil,C:\Users\Pranjal Yallurkar\OneDrive\Desktop\PROJECT\Final\soil_photos-20251020T144319Z-1-001\soil_photos\train\Alluvial soil\photo_2022-06-01_07-09-53.jpg,Reddish,6.5–7.5,25–35,60–80,280–450,40–60,300–450,"Rice, Wheat, Maize, Sugarcane, Pulses","DAP, Compost, NPK, Urea, Biofertilizer",maize,"Wheat, Mustard, Barley, Peas, Gram",Winter,28.07,44,haze,280.0,450.0,40.0,60.0,300.0,450.0,6.5,7.5
train,Alluvial soil,C:\Users\Pranjal Yallurkar\OneDrive\Desktop\PROJECT\Final\soil_photos-20251020T144319Z-1-001\soil_photos\train\Alluvial soil\photo_2022-06-01_07-09-58.jpg,Reddish,6.5–7.5,25–35,60–80,280–450,40–60,300–450,"Rice, Wheat, Maize, Sugarcane, Pulses","DAP, Compost, NPK, Urea, Biofertilizer",maize,"Wheat, Mustard, Barley, Peas, Gram",Winter,28.07,44,haze,280.0,450.0,40.0,60.0,300.0,450.0,6.5,7.5
train,Alluvial soil,C:\Users\Pranjal Yallurkar\OneDrive\Desktop\PROJECT\Final\soil_photos-20251020T144319Z-1-001\soil_photos\train\Alluvial soil\photo_2022-06-01_07-10-02.jpg,Reddish,6.5–7.5,25–35,60–80,280–450,40–60,300–450,"Rice, Wheat, Maize, Sugarcane, Pulses","DAP, Compost, NPK, Urea, Biofertilizer",maize,"Wheat, Mustard, Barley, Peas, Gram",Winter,28.07,44,haze,280.0,450.0,40.0,60.0,300.0,450.0,6.5,7.5
train,Alluvial soil,C:\Users\Pranjal Yallurkar\OneDrive\Desktop\PROJECT\Final\soil_photos-20251020T144319Z-1-001\soil_photos\train\Alluvial soil\photo_2022-06-01_07-10-05.jpg,Reddish,6.5–7.5,25–35,60–80,280–450,40–60,300–450,"Rice, Wheat, Maize, Sugarcane, Pulses","DAP, Compost, NPK, Urea, Biofertilizer",maize,"Wheat, Mustard, Barley, Peas, Gram",Winter,28.07,44,haze,280.0,450.0,40.0,60.0,300.0,450.0,6.5,7.5
train,Alluvial soil,C:\Users\Pranjal Yallurkar\OneDrive\Desktop\PROJECT\Final\soil_photos-20251020T144319Z-1-001\soil_photos\train\Alluvial soil\photo_2022-06-01_07-10-09.jpg,Reddish,6.5–7.5,25–35,60–80,280–450,40–60,300–450,"Rice, Wheat, Maize, Sugarcane, Pulses","DAP, Compost, NPK, Urea, Biofertilizer",maize,"Wheat, Mustard, Barley, Peas, Gram",Winter,28.07,44,haze,280.0,450.0,40.0,60.0,300.0,450.0,6.5,7.5
train,Alluvial soil,C:\Users\Pranjal Yallurkar\OneDrive\Desktop\PROJECT\Final\soil_photos-20251020T144319Z-1-001\soil_photos\train\Alluvial soil\photo_2022-06-01_07-10-12.jpg,Reddish,6.5–7.5,25–35,60–80,280–450,40–60,300–450,"Rice, Wheat, Maize, Sugarcane, Pulses","DAP, Compost, NPK, Urea, Biofertilizer",maize,"Wheat, Mustard, Barley, Peas, Gram",Winter,28.07,44,haze,280.0,450.0,40.0,60.0,300.0,450.0,6.5,7.5
train,Alluvial soil,C:\Users\Pranjal Yallurkar\OneDrive\Desktop\PROJECT\Final\soil_photos-20251020T144319Z-1-001\soil_photos\train\Alluvial soil\photo_2022-06-01_07-10-15.jpg,Reddish,6.5–7.5,25–35,60–80,280–450,40–60,300–450,"Rice, Wheat, Maize, Sugarcane, Pulses","DAP, Compost, NPK, Urea, Biofertilizer",maize,"Wheat, Mustard, Barley, Peas, Gram",Winter,28.07,44,haze,280.0,450.0,40.0,60.0,300.0,450.0,6.5,7.5
train,Alluvial soil,C:\Users\Pranjal Yallurkar\OneDrive\Desktop\PROJECT\Final\soil_photos-20251020T144319Z-1-001\soil_photos\train\Alluvial soil\photo_2022-06-01_07-10-17.jpg,Reddish,6.5–7.5,25–35,60–80,280–450,40–60,300–450,"Rice, Wheat, Maize, Sugarcane, Pulses","DAP, Compost, NPK, Urea, Biofertilizer",maize,"Wheat, Mustard, Barley, Peas, Gram",Winter,28.07,44,haze,280.0,450.0,40.0,60.0,300.0,450.0,6.5,7.5
train,Alluvial soil,C:\Users\Pranjal Yallurkar\OneDrive\Desktop\PROJECT\Final\soil_photos-20251020T144319Z-1-001\soil_photos\train\Alluvial soil\photo_2022-06-01_07-10-21.jpg,Reddish,6.5–7.5,25–35,60–80,280–450,40–60,300–450,"Rice, Wheat, Maize, Sugarcane, Pulses","DAP, Compost, NPK, Urea, Biofertilizer",maize,"Wheat, Mustard, Barley, Peas, Gram",Winter,28.07,44,haze,280.0,450.0,40.0,60.0,300.0,450.0,6.5,7.5
train,Alluvial soil,C:\Users\Pranjal Yallurkar\OneDrive\Desktop\PROJECT\Final\soil_photos-20251020T144319Z-1-001\soil_photos\train\Alluvial soil\photo_2022-06-01_07-10-24.jpg,Reddish,6.5–7.5,25–35,60–80,280–450,40–60,300–450,"Rice, Wheat, Maize, Sugarcane, Pulses","DAP, Compost, NPK, Urea, Biofertilizer",maize,"Wheat, Mustard, Barley, Peas, Gram",Winter,28.07,44,haze,280.0,450.0,40.0,60.0,300.0,450.0,6.5,7.5
train,Alluvial soil,C:\Users\Pranjal Yallurkar\OneDrive\Desktop\PROJECT\Final\soil_photos-20251020T144319Z-1-001\soil_photos\train\Alluvial soil\photo_2022-06-01_07-10-28.jpg,Reddish,6.5–7.5,25–35,60–80,280–450,40–60,300–450,"Rice, Wheat, Maize, Sugarcane, Pulses","DAP, Compost, NPK, Urea, Biofertilizer",maize,"Wheat, Mustard, Barley, Peas, Gram",Winter,28.07,44,haze,280.0,450.0,40.0,60.0,300.0,450.0,6.5,7.5
train,Alluvial soil,C:\Users\Pranjal Yallurkar\OneDrive\Desktop\PROJECT\Final\soil_photos-20251020T144319Z-1-001\soil_photos\train\Alluvial soil\Sample10.0.jpg,Reddish,6.5–7.5,25–35,60–80,280–450,40–60,300–450,"Rice, Wheat, Maize, Sugarcane, Pulses","DAP, Compost, NPK, Urea, Biofertilizer",maize,"Wheat, Mustard, Barley, Peas, Gram",Winter,28.07,44,haze,280.0,450.0,40.0,60.0,300.0,450.0,6.5,7.5
train,Alluvial soil,C:\Users\Pranjal Yallurkar\OneDrive\Desktop\PROJECT\Final\soil_photos-20251020T144319Z-1-001\soil_photos\train\Alluvial soil\Sample10.120.jpg,Reddish,6.5–7.5,25–35,60–80,280–450,40–60,300–450,"Rice, Wheat, Maize, Sugarcane, Pulses","DAP, Compost, NPK, Urea, Biofertilizer",maize,"Wheat, Mustard, Barley, Peas, Gram",Winter,28.07,44,haze,280.0,450.0,40.0,60.0,300.0,450.0,6.5,7.5
train,Alluvial soil,C:\Users\Pranjal Yallurkar\OneDrive\Desktop\PROJECT\Final\soil_photos-20251020T144319Z-1-001\soil_photos\train\Alluvial soil\Sample10.150.jpg,Reddish,6.5–7.5,25–35,60–80,280–450,40–60,300–450,"Rice, Wheat, Maize, Sugarcane, Pulses","DAP, Compost, NPK, Urea, Biofertilizer",maize,"Wheat, Mustard, Barley, Peas, Gram",Winter,28.07,44,haze,280.0,450.0,40.0,60.0,300.0,450.0,6.5,7.5
train,Alluvial soil,C:\Users\Pranjal Yallurkar\OneDrive\Desktop\PROJECT\Final\soil_photos-20251020T144319Z-1-001\soil_photos\train\Alluvial soil\Sample10.180.jpg,Reddish,6.5–7.5,25–35,60–80,280–450,40–60,300–450,"Rice, Wheat, Maize, Sugarcane, Pulses","DAP, Compost, NPK, Urea, Biofertilizer",maize,"Wheat, Mustard, Barley, Peas, Gram",Winter,28.07,44,haze,280.0,450.0,40.0,60.0,300.0,450.0,6.5,7.5
train,Alluvial soil,C:\Users\Pranjal Yallurkar\OneDrive\Desktop\PROJECT\Final\soil_photos-20251020T144319Z-1-001\soil_photos\train\Alluvial soil\Sample10.30.jpg,Reddish,6.5–7.5,25–35,60–80,280–450,40–60,300–450,"Rice, Wheat, Maize, Sugarcane, Pulses","DAP, Compost, NPK, Urea, Biofertilizer",maize,"Wheat, Mustard, Barley, Peas, Gram",Winter,28.07,44,haze,280.0,450.0,40.0,60.0,300.0,450.0,6.5,7.5
train,Alluvial soil,C:\Users\Pranjal Yallurkar\OneDrive\Desktop\PROJECT\Final\soil_photos-20251020T144319Z-1-001\soil_photos\train\Alluvial soil\Sample10.60.jpg,Reddish,6.5–7.5,25–35,60–80,280–450,40–60,300–450,"Rice, Wheat, Maize, Sugarcane, Pulses","DAP, Compost, NPK, Urea, Biofertilizer",maize,"Wheat, Mustard, Barley, Peas, Gram",Winter,28.07,44,haze,280.0,450.0,40.0,60.0,300.0,450.0,6.5,7.5
train,Alluvial soil,C:\Users\Pranjal Yallurkar\OneDrive\Desktop\PROJECT\Final\soil_photos-20251020T144319Z-1-001\soil_photos\train\Alluvial soil\Sample10.90.jpg,Reddish,6.5–7.5,25–35,60–80,280–450,40–60,300–450,"Rice, Wheat, Maize, Sugarcane, Pulses","DAP, Compost, NPK, Urea, Biofertilizer",maize,"Wheat, Mustard, Barley, Peas, Gram",Winter,28.07,44,haze,280.0,450.0,40.0,60.0,300.0,450.0,6.5,7.5
train,Alluvial soil,C:\Users\Pranjal Yallurkar\OneDrive\Desktop\PROJECT\Final\soil_photos-20251020T144319Z-1-001\soil_photos\train\Alluvial soil\Sample11.0.jpg,Reddish,6.5–7.5,25–35,60–80,280–450,40–60,300–450,"Rice, Wheat, Maize, Sugarcane, Pulses","DAP, Compost, NPK, Urea, Biofertilizer",maize,"Wheat, Mustard, Barley, Peas, Gram",Winter,28.07,44,haze,280.0,450.0,40.0,60.0,300.0,450.0,6.5,7.5
train,Alluvial soil,C:\Users\Pranjal Yallurkar\OneDrive\Desktop\PROJECT\Final\soil_photos-20251020T144319Z-1-001\soil_photos\train\Alluvial soil\Sample11.120.jpg,Reddish,6.5–7.5,25–35,60–80,280–450,40–60,300–450,"Rice, Wheat, Maize, Sugarcane, Pulses","DAP, Compost, NPK, Urea, Biofertilizer",maize,"Wheat, Mustard, Barley, Peas, Gram",Winter,28.07,44,haze,280.0,450.0,40.0,60.0,300.0,450.0,6.5,7.5
train,Alluvial soil,C:\Users\Pranjal Yallurkar\OneDrive\Desktop\PROJECT\Final\soil_photos-20251020T144319Z-1-001\soil_photos\train\Alluvial soil\Sample11.150.jpg,Reddish,6.5–7.5,25–35,60–80,280–450,40–60,300–450,"Rice, Wheat, Maize, Sugarcane, Pulses","DAP, Compost, NPK, Urea, Biofertilizer",maize,"Wheat, Mustard, Barley, Peas, Gram",Winter,28.07,44,haze,280.0,450.0,40.0,60.0,300.0,450.0,6.5,7.5
train,Alluvial soil,C:\Users\Pranjal Yallurkar\OneDrive\Desktop\PROJECT\Final\soil_photos-20251020T144319Z-1-001\soil_photos\train\Alluvial soil\Sample11.180.jpg,Reddish,6.5–7.5,25–35,60–80,280–450,40–60,300–450,"Rice, Wheat, Maize, Sugarcane, Pulses","DAP, Compost, NPK, Urea, Biofertilizer",maize,"Wheat, Mustard, Barley, Peas, Gram",Winter,28.07,44,haze,280.0,450.0,40.0,60.0,300.0,450.0,6.5,7.5
train,Alluvial soil,C:\Users\Pranjal Yallurkar\OneDrive\Desktop\PROJECT\Final\soil_photos-20251020T144319Z-1-001\soil_photos\train\Alluvial soil\Sample11.30.jpg,Reddish,6.5–7.5,25–35,60–80,280–450,40–60,300–450,"Rice, Wheat, Maize, Sugarcane, Pulses","DAP, Compost, NPK, Urea, Biofertilizer",maize,"Wheat, Mustard, Barley, Peas, Gram",Winter,28.07,44,haze,280.0,450.0,40.0,60.0,300.0,450.0,6.5,7.5
train,Alluvial soil,C:\Users\Pranjal Yallurkar\OneDrive\Desktop\PROJECT\Final\soil_photos-20251020T144319Z-1-001\soil_photos\train\Alluvial soil\Sample11.60.jpg,Reddish,6.5–7.5,25–35,60–80,280–450,40–60,300–450,"Rice, Wheat, Maize, Sugarcane, Pulses","DAP, Compost, NPK, Urea, Biofertilizer",maize,"Wheat, Mustard, Barley, Peas, Gram",Winter,28.07,44,haze,280.0,450.0,40.0,60.0,300.0,450.0,6.5,7.5
train,Alluvial soil,C:\Users\Pranjal Yallurkar\OneDrive\Desktop\PROJECT\Final\soil_photos-20251020T144319Z-1-001\soil_photos\train\Alluvial soil\Sample11.90.jpg,Reddish,6.5–7.5,25–35,60–80,280–450,40–60,300–450,"Rice, Wheat, Maize, Sugarcane, Pulses","DAP, Compost, NPK, Urea, Biofertilizer",maize,"Wheat, Mustard, Barley, Peas, Gram",Winter,28.07,44,haze,280.0,450.0,40.0,60.0,300.0,450.0,6.5,7.5
train,Alluvial soil,C:\Users\Pranjal Yallurkar\OneDrive\Desktop\PROJECT\Final\soil_photos-20251020T144319Z-1-001\soil_photos\train\Alluvial soil\Sample13.0.jpg,Reddish,6.5–7.5,25–35,60–80,280–450,40–60,300–450,"Rice, Wheat, Maize, Sugarcane, Pulses","DAP, Compost, NPK, Urea, Biofertilizer",maize,"Wheat, Mustard, Barley, Peas, Gram",Winter,28.07,44,haze,280.0,450.0,40.0,60.0,300.0,450.0,6.5,7.5
train,Alluvial soil,C:\Users\Pranjal Yallurkar\OneDrive\Desktop\PROJECT\Final\soil_photos-20251020T144319Z-1-001\soil_photos\train\Alluvial soil\Sample13.120.jpg,Reddish,6.5–7.5,25–35,60–80,280–450,40–60,300–450,"Rice, Wheat, Maize, Sugarcane, Pulses","DAP, Compost, NPK, Urea, Biofertilizer",maize,"Wheat, Mustard, Barley, Peas, Gram",Winter,28.07,44,haze,280.0,450.0,40.0,60.0,300.0,450.0,6.5,7.5
train,Alluvial soil,C:\Users\Pranjal Yallurkar\OneDrive\Desktop\PROJECT\Final\soil_photos-20251020T144319Z-1-001\soil_photos\train\Alluvial soil\Sample13.150.jpg,Reddish,6.5–7.5,25–35,60–80,280–450,40–60,300–450,"Rice, Wheat, Maize, Sugarcane, Pulses","DAP, Compost, NPK, Urea, Biofertilizer",maize,"Wheat, Mustard, Barley, Peas, Gram",Winter,28.07,44,haze,280.0,450.0,40.0,60.0,300.0,450.0,6.5,7.5
train,Alluvial soil,C:\Users\Pranjal Yallurkar\OneDrive\Desktop\PROJECT\Final\soil_photos-20251020T144319Z-1-001\soil_photos\train\Alluvial soil\Sample13.180.jpg,Reddish,6.5–7.5,25–35,60–80,280–450,40–60,300–450,"Rice, Wheat, Maize, Sugarcane, Pulses","DAP, Compost, NPK, Urea, Biofertilizer",maize,"Wheat, Mustard, Barley, Peas, Gram",Winter,28.07,44,haze,280.0,450.0,40.0,60.0,300.0,450.0,6.5,7.5
train,Alluvial soil,C:\Users\Pranjal Yallurkar\OneDrive\Desktop\PROJECT\Final\soil_photos-20251020T144319Z-1-001\soil_photos\train\Alluvial soil\Sample13.30.jpg,Reddish,6.5–7.5,25–35,60–80,280–450,40–60,300–450,"Rice, Wheat, Maize, Sugarcane, Pulses","DAP, Compost, NPK, Urea, Biofertilizer",maize,"Wheat, Mustard, Barley, Peas, Gram",Winter,28.07,44,haze,280.0,450.0,40.0,60.0,300.0,450.0,6.5,7.5
train,Alluvial soil,C:\Users\Pranjal Yallurkar\OneDrive\Desktop\PROJECT\Final\soil_photos-20251020T144319Z-1-001\soil_photos\train\Alluvial soil\Sample13.60.jpg,Reddish,6.5–7.5,25–35,60–80,280–450,40–60,300–450,"Rice, Wheat, Maize, Sugarcane, Pulses","DAP, Compost, NPK, Urea, Biofertilizer",maize,"Wheat, Mustard, Barley, Peas, Gram",Winter,28.07,44,haze,280.0,450.0,40.0,60.0,300.0,450.0,6.5,7.5
train,Alluvial soil,C:\Users\Pranjal Yallurkar\OneDrive\Desktop\PROJECT\Final\soil_photos-20251020T144319Z-1-001\soil_photos\train\Alluvial soil\Sample13.90.jpg,Reddish,6.5–7.5,25–35,60–80,280–450,40–60,300–450,"Rice, Wheat, Maize, Sugarcane, Pulses","DAP, Compost, NPK, Urea, Biofertilizer",maize,"Wheat, Mustard, Barley, Peas, Gram",Winter,28.07,44,haze,280.0,450.0,40.0,60.0,300.0,450.0,6.5,7.5
train,Alluvial soil,C:\Users\Pranjal Yallurkar\OneDrive\Desktop\PROJECT\Final\soil_photos-20251020T144319Z-1-001\soil_photos\train\Alluvial soil\Sample9.0.jpg,Reddish,6.5–7.5,25–35,60–80,280–450,40–60,300–450,"Rice, Wheat, Maize, Sugarcane, Pulses","DAP, Compost, NPK, Urea, Biofertilizer",maize,"Wheat, Mustard, Barley, Peas, Gram",Winter,28.07,44,haze,280.0,450.0,40.0,60.0,300.0,450.0,6.5,7.5
train,Alluvial soil,C:\Users\Pranjal Yallurkar\OneDrive\Desktop\PROJECT\Final\soil_photos-20251020T144319Z-1-001\soil_photos\train\Alluvial soil\Sample9.120.jpg,Reddish,6.5–7.5,25–35,60–80,280–450,40–60,300–450,"Rice, Wheat, Maize, Sugarcane, Pulses","DAP, Compost, NPK, Urea, Biofertilizer",maize,"Wheat, Mustard, Barley, Peas, Gram",Winter,28.07,44,haze,280.0,450.0,40.0,60.0,300.0,450.0,6.5,7.5
train,Alluvial soil,C:\Users\Pranjal Yallurkar\OneDrive\Desktop\PROJECT\Final\soil_photos-20251020T144319Z-1-001\soil_photos\train\Alluvial soil\Sample9.150.jpg,Reddish,6.5–7.5,25–35,60–80,280–450,40–60,300–450,"Rice, Wheat, Maize, Sugarcane, Pulses","DAP, Compost, NPK, Urea, Biofertilizer",maize,"Wheat, Mustard, Barley, Peas, Gram",Winter,28.07,44,haze,280.0,450.0,40.0,60.0,300.0,450.0,6.5,7.5
train,Alluvial soil,C:\Users\Pranjal Yallurkar\OneDrive\Desktop\PROJECT\Final\soil_photos-20251020T144319Z-1-001\soil_photos\train\Alluvial soil\Sample9.180.jpg,Reddish,6.5–7.5,25–35,60–80,280–450,40–60,300–450,"Rice, Wheat, Maize, Sugarcane, Pulses","DAP, Compost, NPK, Urea, Biofertilizer",maize,"Wheat, Mustard, Barley, Peas, Gram",Winter,28.07,44,haze,280.0,450.0,40.0,60.0,300.0,450.0,6.5,7.5
train,Alluvial soil,C:\Users\Pranjal Yallurkar\OneDrive\Desktop\PROJECT\Final\soil_photos-20251020T144319Z-1-001\soil_photos\train\Alluvial soil\Sample9.30.jpg,Reddish,6.5–7.5,25–35,60–80,280–450,40–60,300–450,"Rice, Wheat, Maize, Sugarcane, Pulses","DAP, Compost, NPK, Urea, Biofertilizer",maize,"Wheat, Mustard, Barley, Peas, Gram",Winter,28.07,44,haze,280.0,450.0,40.0,60.0,300.0,450.0,6.5,7.5
train,Alluvial soil,C:\Users\Pranjal Yallurkar\OneDrive\Desktop\PROJECT\Final\soil_photos-20251020T144319Z-1-001\soil_photos\train\Alluvial soil\Sample9.60.jpg,Reddish,6.5–7.5,25–35,60–80,280–450,40–60,300–450,"Rice, Wheat, Maize, Sugarcane, Pulses","DAP, Compost, NPK, Urea, Biofertilizer",maize,"Wheat, Mustard, Barley, Peas, Gram",Winter,28.07,44,haze,280.0,450.0,40.0,60.0,300.0,450.0,6.5,7.5
train,Alluvial soil,C:\Users\Pranjal Yallurkar\OneDrive\Desktop\PROJECT\Final\soil_photos-20251020T144319Z-1-001\soil_photos\train\Alluvial soil\Sample9.90.jpg,Reddish,6.5–7.5,25–35,60–80,280–450,40–60,300–450,"Rice, Wheat, Maize, Sugarcane, Pulses","DAP, Compost, NPK, Urea, Biofertilizer",maize,"Wheat, Mustard, Barley, Peas, Gram",Winter,28.07,44,haze,280.0,450.0,40.0,60.0,300.0,450.0,6.5,7.5
train,Alluvial soil,C:\Users\Pranjal Yallurkar\OneDrive\Desktop\PROJECT\Final\soil_photos-20251020T144319Z-1-001\soil_photos\train\Alluvial soil\seamless-texture-dry-cracked-sand-clay-soil_97070-1703.jpg,Reddish,6.5–7.5,25–35,60–80,280–450,40–60,300–450,"Rice, Wheat, Maize, Sugarcane, Pulses","DAP, Compost, NPK, Urea, Biofertilizer",maize,"Wheat, Mustard, Barley, Peas, Gram",Winter,28.07,44,haze,280.0,450.0,40.0,60.0,300.0,450.0,6.5,7.5
train,Alluvial soil,C:\Users\Pranjal Yallurkar\OneDrive\Desktop\PROJECT\Final\soil_photos-20251020T144319Z-1-001\soil_photos\train\Alluvial soil\Soils-of-India.jpg,Reddish,6.5–7.5,25–35,60–80,280–450,40–60,300–450,"Rice, Wheat, Maize, Sugarcane, Pulses","DAP, Compost, NPK, Urea, Biofertilizer",maize,"Wheat, Mustard, Barley, Peas, Gram",Winter,28.07,44,haze,280.0,450.0,40.0,60.0,300.0,450.0,6.5,7.5
train,Alluvial soil,C:\Users\Pranjal Yallurkar\OneDrive\Desktop\PROJECT\Final\soil_photos-20251020T144319Z-1-001\soil_photos\train\Alluvial soil\unnamed-1-2.jpg,Reddish,6.5–7.5,25–35,60–80,280–450,40–60,300–450,"Rice, Wheat, Maize, Sugarcane, Pulses","DAP, Compost, NPK, Urea, Biofertilizer",maize,"Wheat, Mustard, Barley, Peas, Gram",Winter,28.07,44,haze,280.0,450.0,40.0,60.0,300.0,450.0,6.5,7.5
train,Alluvial soil,C:\Users\Pranjal Yallurkar\OneDrive\Desktop\PROJECT\Final\soil_photos-20251020T144319Z-1-001\soil_photos\train\Alluvial soil\v4-460px-Make-Clay-from-Indigenous-Soil-Step-1-Version-2.jpg,Reddish,6.5–7.5,25–35,60–80,280–450,40–60,300–450,"Rice, Wheat, Maize, Sugarcane, Pulses","DAP, Compost, NPK, Urea, Biofertilizer",maize,"Wheat, Mustard, Barley, Peas, Gram",Winter,28.07,44,haze,280.0,450.0,40.0,60.0,300.0,450.0,6.5,7.5
train,Black soil,C:\Users\Pranjal Yallurkar\OneDrive\Desktop\PROJECT\Final\soil_photos-20251020T144319Z-1-001\soil_photos\train\Black Soil\Black_1.jpg,Brownish,7.0–8.5,25–38,50–70,250–400,30–50,400–600,"Cotton, Soybean, Sunflower, Jowar, Wheat","Superphosphate, Organic Manure, Compost, NPK, Urea","cotton, soybean","Wheat, Gram, Jowar, Mustard, Barley",Winter,28.07,44,haze,250.0,400.0,30.0,50.0,400.0,600.0,7.0,8.5
train,Black soil,C:\Users\Pranjal Yallurkar\OneDrive\Desktop\PROJECT\Final\soil_photos-20251020T144319Z-1-001\soil_photos\train\Black Soil\Black_10.jpg,Reddish,7.0–8.5,25–38,50–70,250–400,30–50,400–600,"Cotton, Soybean, Sunflower, Jowar, Wheat","Superphosphate, Organic Manure, Compost, Urea, Biofertilizer","cotton, soybean","Wheat, Gram, Jowar, Mustard, Barley",Winter,28.07,44,haze,250.0,400.0,30.0,50.0,400.0,600.0,7.0,8.5
train,Black soil,C:\Users\Pranjal Yallurkar\OneDrive\Desktop\PROJECT\Final\soil_photos-20251020T144319Z-1-001\soil_photos\train\Black Soil\Black_11.jpg,Reddish,7.0–8.5,25–38,50–70,250–400,30–50,400–600,"Cotton, Soybean, Sunflower, Jowar, Wheat","Superphosphate, Organic Manure, Compost, Urea, Biofertilizer","cotton, soybean","Wheat, Gram, Jowar, Mustard, Barley",Winter,28.07,44,haze,250.0,400.0,30.0,50.0,400.0,600.0,7.0,8.5
train,Black soil,C:\Users\Pranjal Yallurkar\OneDrive\Desktop\PROJECT\Final\soil_photos-20251020T144319Z-1-001\soil_photos\train\Black Soil\Black_12.jpg,Reddish,7.0–8.5,25–38,50–70,250–400,30–50,400–600,"Cotton, Soybean, Sunflower, Jowar, Wheat","Superphosphate, Organic Manure, Compost, Urea, Biofertilizer","cotton, soybean","Wheat, Gram, Jowar, Mustard, Barley",Winter,28.07,44,haze,250.0,400.0,30.0,50.0,400.0,600.0,7.0,8.5
train,Black soil,C:\Users\Pranjal Yallurkar\OneDrive\Desktop\PROJECT\Final\soil_photos-20251020T144319Z-1-001\soil_photos\train\Black Soil\Black_13.jpg,Reddish,7.0–8.5,25–38,50–70,250–400,30–50,400–600,"Cotton, Soybean, Sunflower, Jowar, Wheat","Superphosphate, Organic Manure, Compost, Urea, Biofertilizer","cotton, soybean","Wheat, Gram, Jowar, Mustard, Barley",Winter,28.07,44,haze,250.0,400.0,30.0,50.0,400.0,600.0,7.0,8.5
train,Black soil,C:\Users\Pranjal Yallurkar\OneDrive\Desktop\PROJECT\Final\soil_photos-20251020T144319Z-1-001\soil_photos\train\Black Soil\Black_14.jpg,Reddish,7.0–8.5,25–38,50–70,250–400,30–50,400–600,"Cotton, Soybean, Sunflower, Jowar, Wheat","Superphosphate, Organic Manure, Compost, Urea, Biofertilizer","cotton, soybean","Wheat, Gram, Jowar, Mustard, Barley",Winter,28.07,44,haze,250.0,400.0,30.0,50.0,400.0,600.0,7.0,8.5
train,Black soil,C:\Users\Pranjal Yallurkar\OneDrive\Desktop\PROJECT\Final\soil_photos-20251020T144319Z-1-001\soil_photos\train\Black Soil\Black_15.jpg,Reddish,7.0–8.5,25–38,50–70,250–400,30–50,400–600,"Cotton, Soybean, Sunflower, Jowar, Wheat","Superphosphate, Organic Manure, Compost, Urea, Biofertilizer","cotton, soybean","Wheat, Gram, Jowar, Mustard, Barley",Winter,28.07,44,haze,250.0,400.0,30.0,50.0,400.0,600.0,7.0,8.5
train,Black soil,C:\Users\Pranjal Yallurkar\OneDrive\Desktop\PROJECT\Final\soil_photos-20251020T144319Z-1-001\soil_photos\train\Black Soil\Black_16.jpg,Reddish,7.0–8.5,25–38,50–70,250–400,30–50,400–600,"Cotton, Soybean, Sunflower, Jowar, Wheat","Superphosphate, Organic Manure, Compost, Urea, Biofertilizer","cotton, soybean","Wheat, Gram, Jowar, Mustard, Barley",Winter,28.07,44,haze,250.0,400.0,30.0,50.0,400.0,600.0,7.0,8.5
train,Black soil,C:\Users\Pranjal Yallurkar\OneDrive\Desktop\PROJECT\Final\soil_photos-20251020T144319Z-1-001\soil_photos\train\Black Soil\Black_17.jpg,Reddish,7.0–8.5,25–38,50–70,250–400,30–50,400–600,"Cotton, Soybean, Sunflower, Jowar, Wheat","Superphosphate, Organic Manure, Compost, Urea, Biofertilizer","cotton, soybean","Wheat, Gram, Jowar, Mustard, Barley",Winter,28.07,44,haze,250.0,400.0,30.0,50.0,400.0,600.0,7.0,8.5
train,Black soil,C:\Users\Pranjal Yallurkar\OneDrive\Desktop\PROJECT\Final\soil_photos-20251020T144319Z-1-001\soil_photos\train\Black Soil\Black_18.jpg,Reddish,7.0–8.5,25–38,50–70,250–400,30–50,400–600,"Cotton, Soybean, Sunflower, Jowar, Wheat","Superphosphate, Organic Manure, Compost, Urea, Biofertilizer","cotton, soybean","Wheat, Gram, Jowar, Mustard, Barley",Winter,28.07,44,haze,250.0,400.0,30.0,50.0,400.0,600.0,7.0,8.5
train,Black soil,C:\Users\Pranjal Yallurkar\OneDrive\Desktop\PROJECT\Final\soil_photos-20251020T144319Z-1-001\soil_photos\train\Black Soil\Black_19.jpg,Reddish,7.0–8.5,25–38,50–70,250–400,30–50,400–600,"Cotton, Soybean, Sunflower, Jowar, Wheat","Superphosphate, Organic Manure, Compost, Urea, Biofertilizer","cotton, soybean","Wheat, Gram, Jowar, Mustard, Barley",Winter,28.07,44,haze,250.0,400.0,30.0,50.0,400.0,600.0,7.0,8.5
train,Black soil,C:\Users\Pranjal Yallurkar\OneDrive\Desktop\PROJECT\Final\soil_photos-20251020T144319Z-1-001\soil_photos\train\Black Soil\Black_2.jpg,Reddish,7.0–8.5,25–38,50–70,250–400,30–50,400–600,"Cotton, Soybean, Sunflower, Jowar, Wheat","Superphosphate, Organic Manure, Compost, Urea, Biofertilizer","cotton, soybean","Wheat, Gram, Jowar, Mustard, Barley",Winter,28.07,44,haze,250.0,400.0,30.0,50.0,400.0,600.0,7.0,8.5
train,Black soil,C:\Users\Pranjal Yallurkar\OneDrive\Desktop\PROJECT\Final\soil_photos-20251020T144319Z-1-001\soil_photos\train\Black Soil\Black_20.jpg,Greenish,7.0–8.5,25–38,50–70,250–400,30–50,400–600,"Cotton, Soybean, Sunflower, Jowar, Wheat","DAP, Superphosphate, Organic Manure, Compost, Urea","cotton, soybean","Wheat, Gram, Jowar, Mustard, Barley",Winter,28.07,44,haze,250.0,400.0,30.0,50.0,400.0,600.0,7.0,8.5
train,Black soil,C:\Users\Pranjal Yallurkar\OneDrive\Desktop\PROJECT\Final\soil_photos-20251020T144319Z-1-001\soil_photos\train\Black Soil\Black_21.jpg,Bluish,7.0–8.5,25–38,50–70,250–400,30–50,400–600,"Cotton, Soybean, Sunflower, Jowar, Wheat","Superphosphate, Organic Manure, Compost, Urea, Ammonium Sulphate","cotton, soybean","Wheat, Gram, Jowar, Mustard, Barley",Winter,28.07,44,haze,250.0,400.0,30.0,50.0,400.0,600.0,7.0,8.5
train,Black soil,C:\Users\Pranjal Yallurkar\OneDrive\Desktop\PROJECT\Final\soil_photos-20251020T144319Z-1-001\soil_photos\train\Black Soil\Black_22.jpg,Reddish,7.0–8.5,25–38,50–70,250–400,30–50,400–600,"Cotton, Soybean, Sunflower, Jowar, Wheat","Superphosphate, Organic Manure, Compost, Urea, Biofertilizer","cotton, soybean","Wheat, Gram, Jowar, Mustard, Barley",Winter,28.07,44,haze,250.0,400.0,30.0,50.0,400.0,600.0,7.0,8.5
train,Black soil,C:\Users\Pranjal Yallurkar\OneDrive\Desktop\PROJECT\Final\soil_photos-20251020T144319Z-1-001\soil_photos\train\Black Soil\Black_23.jpg,Reddish,7.0–8.5,25–38,50–70,250–400,30–50,400–600,"Cotton, Soybean, Sunflower, Jowar, Wheat","Superphosphate, Organic Manure, Compost, Urea, Biofertilizer","cotton, soybean","Wheat, Gram, Jowar, Mustard, Barley",Winter,28.07,44,haze,250.0,400.0,30.0,50.0,400.0,600.0,7.0,8.5
train,Black soil,C:\Users\Pranjal Yallurkar\OneDrive\Desktop\PROJECT\Final\soil_photos-20251020T144319Z-1-001\soil_photos\train\Black Soil\Black_24.jpg,Reddish,7.0–8.5,25–38,50–70,250–400,30–50,400–600,"Cotton, Soybean, Sunflower, Jowar, Wheat","Superphosphate, Organic Manure, Compost, Urea, Biofertilizer","cotton, soybean","Wheat, Gram, Jowar, Mustard, Barley",Winter,28.07,44,haze,250.0,400.0,30.0,50.0,400.0,600.0,7.0,8.5
train,Black soil,C:\Users\Pranjal Yallurkar\OneDrive\Desktop\PROJECT\Final\soil_photos-20251020T144319Z-1-001\soil_photos\train\Black Soil\Black_25.jpg,Bluish,7.0–8.5,25–38,50–70,250–400,30–50,400–600,"Cotton, Soybean, Sunflower, Jowar, Wheat","Superphosphate, Organic Manure, Compost, Urea, Ammonium Sulphate","cotton, soybean","Wheat, Gram, Jowar, Mustard, Barley",Winter,28.07,44,haze,250.0,400.0,30.0,50.0,400.0,600.0,7.0,8.5
train,Black soil,C:\Users\Pranjal Yallurkar\OneDrive\Desktop\PROJECT\Final\soil_photos-20251020T144319Z-1-001\soil_photos\train\Black Soil\Black_26.jpg,Reddish,7.0–8.5,25–38,50–70,250–400,30–50,400–600,"Cotton, Soybean, Sunflower, Jowar, Wheat","Superphosphate, Organic Manure, Compost, Urea, Biofertilizer","cotton, soybean","Wheat, Gram, Jowar, Mustard, Barley",Winter,28.07,44,haze,250.0,400.0,30.0,50.0,400.0,600.0,7.0,8.5
train,Black soil,C:\Users\Pranjal Yallurkar\OneDrive\Desktop\PROJECT\Final\soil_photos-20251020T144319Z-1-001\soil_photos\train\Black Soil\Black_27.jpg,Bluish,7.0–8.5,25–38,50–70,250–400,30–50,400–600,"Cotton, Soybean, Sunflower, Jowar, Wheat","Superphosphate, Organic Manure, Compost, Urea, Ammonium Sulphate","cotton, soybean","Wheat, Gram, Jowar, Mustard, Barley",Winter,28.07,44,haze,250.0,400.0,30.0,50.0,400.0,600.0,7.0,8.5
train,Black soil,C:\Users\Pranjal Yallurkar\OneDrive\Desktop\PROJECT\Final\soil_photos-20251020T144319Z-1-001\soil_photos\train\Black Soil\Black_28.jpg,Reddish,7.0–8.5,25–38,50–70,250–400,30–50,400–600,"Cotton, Soybean, Sunflower, Jowar, Wheat","Superphosphate, Organic Manure, Compost, Urea, Biofertilizer","cotton, soybean","Wheat, Gram, Jowar, Mustard, Barley",Winter,28.07,44,haze,250.0,400.0,30.0,50.0,400.0,600.0,7.0,8.5
train,Black soil,C:\Users\Pranjal Yallurkar\OneDrive\Desktop\PROJECT\Final\soil_photos-20251020T144319Z-1-001\soil_photos\train\Black Soil\Black_29.jpg,Reddish,7.0–8.5,25–38,50–70,250–400,30–50,400–600,"Cotton, Soybean, Sunflower, Jowar, Wheat","Superphosphate, Organic Manure, Compost, Urea, Biofertilizer","cotton, soybean","Wheat, Gram, Jowar, Mustard, Barley",Winter,28.07,44,haze,250.0,400.0,30.0,50.0,400.0,600.0,7.0,8.5
train,Black soil,C:\Users\Pranjal Yallurkar\OneDrive\Desktop\PROJECT\Final\soil_photos-20251020T144319Z-1-001\soil_photos\train\Black Soil\Black_3.jpg,Reddish,7.0–8.5,25–38,50–70,250–400,30–50,400–600,"Cotton, Soybean, Sunflower, Jowar, Wheat","Superphosphate, Organic Manure, Compost, Urea, Biofertilizer","cotton, soybean","Wheat, Gram, Jowar, Mustard, Barley",Winter,28.07,44,haze,250.0,400.0,30.0,50.0,400.0,600.0,7.0,8.5
train,Black soil,C:\Users\Pranjal Yallurkar\OneDrive\Desktop\PROJECT\Final\soil_photos-20251020T144319Z-1-001\soil_photos\train\Black Soil\Black_30.jpg,Reddish,7.0–8.5,25–38,50–70,250–400,30–50,400–600,"Cotton, Soybean, Sunflower, Jowar, Wheat","Superphosphate, Organic Manure, Compost, Urea, Biofertilizer","cotton, soybean","Wheat, Gram, Jowar, Mustard, Barley",Winter,28.07,44,haze,250.0,400.0,30.0,50.0,400.0,600.0,7.0,8.5
train,Black soil,C:\Users\Pranjal Yallurkar\OneDrive\Desktop\PROJECT\Final\soil_photos-20251020T144319Z-1-001\soil_photos\train\Black Soil\Black_31.jpg,Reddish,7.0–8.5,25–38,50–70,250–400,30–50,400–600,"Cotton, Soybean, Sunflower, Jowar, Wheat","Superphosphate, Organic Manure, Compost, Urea, Biofertilizer","cotton, soybean","Wheat, Gram, Jowar, Mustard, Barley",Winter,28.07,44,haze,250.0,400.0,30.0,50.0,400.0,600.0,7.0,8.5
train,Black soil,C:\Users\Pranjal Yallurkar\OneDrive\Desktop\PROJECT\Final\soil_photos-20251020T144319Z-1-001\soil_photos\train\Black Soil\Black_32.jpg,Brownish,7.0–8.5,25–38,50–70,250–400,30–50,400–600,"Cotton, Soybean, Sunflower, Jowar, Wheat","Superphosphate, Organic Manure, Compost, NPK, Urea","cotton, soybean","Wheat, Gram, Jowar, Mustard, Barley",Winter,28.07,44,haze,250.0,400.0,30.0,50.0,400.0,600.0,7.0,8.5
train,Black soil,C:\Users\Pranjal Yallurkar\OneDrive\Desktop\PROJECT\Final\soil_photos-20251020T144319Z-1-001\soil_photos\train\Black Soil\Black_33.jpg,Reddish,7.0–8.5,25–38,50–70,250–400,30–50,400–600,"Cotton, Soybean, Sunflower, Jowar, Wheat","Superphosphate, Organic Manure, Compost, Urea, Biofertilizer","cotton, soybean","Wheat, Gram, Jowar, Mustard, Barley",Winter,28.07,44,haze,250.0,400.0,30.0,50.0,400.0,600.0,7.0,8.5
train,Black soil,C:\Users\Pranjal Yallurkar\OneDrive\Desktop\PROJECT\Final\soil_photos-20251020T144319Z-1-001\soil_photos\train\Black Soil\Black_34.jpg,Reddish,7.0–8.5,25–38,50–70,250–400,30–50,400–600,"Cotton, Soybean, Sunflower, Jowar, Wheat","Superphosphate, Organic Manure, Compost, Urea, Biofertilizer","cotton, soybean","Wheat, Gram, Jowar, Mustard, Barley",Winter,28.07,44,haze,250.0,400.0,30.0,50.0,400.0,600.0,7.0,8.5
train,Black soil,C:\Users\Pranjal Yallurkar\OneDrive\Desktop\PROJECT\Final\soil_photos-20251020T144319Z-1-001\soil_photos\train\Black Soil\Black_35.jpg,Reddish,7.0–8.5,25–38,50–70,250–400,30–50,400–600,"Cotton, Soybean, Sunflower, Jowar, Wheat","Superphosphate, Organic Manure, Compost, Urea, Biofertilizer","cotton, soybean","Wheat, Gram, Jowar, Mustard, Barley",Winter,28.07,44,haze,250.0,400.0,30.0,50.0,400.0,600.0,7.0,8.5
train,Black soil,C:\Users\Pranjal Yallurkar\OneDrive\Desktop\PROJECT\Final\soil_photos-20251020T144319Z-1-001\soil_photos\train\Black Soil\Black_36.jpg,Reddish,7.0–8.5,25–38,50–70,250–400,30–50,400–600,"Cotton, Soybean, Sunflower, Jowar, Wheat","Superphosphate, Organic Manure, Compost, Urea, Biofertilizer","cotton, soybean","Wheat, Gram, Jowar, Mustard, Barley",Winter,28.07,44,haze,250.0,400.0,30.0,50.0,400.0,600.0,7.0,8.5
train,Black soil,C:\Users\Pranjal Yallurkar\OneDrive\Desktop\PROJECT\Final\soil_photos-20251020T144319Z-1-001\soil_photos\train\Black Soil\Black_37.jpg,Reddish,7.0–8.5,25–38,50–70,250–400,30–50,400–600,"Cotton, Soybean, Sunflower, Jowar, Wheat","Superphosphate, Organic Manure, Compost, Urea, Biofertilizer","cotton, soybean","Wheat, Gram, Jowar, Mustard, Barley",Winter,28.07,44,haze,250.0,400.0,30.0,50.0,400.0,600.0,7.0,8.5
train,Black soil,C:\Users\Pranjal Yallurkar\OneDrive\Desktop\PROJECT\Final\soil_photos-20251020T144319Z-1-001\soil_photos\train\Black Soil\Black_38.jpg,Reddish,7.0–8.5,25–38,50–70,250–400,30–50,400–600,"Cotton, Soybean, Sunflower, Jowar, Wheat","Superphosphate, Organic Manure, Compost, Urea, Biofertilizer","cotton, soybean","Wheat, Gram, Jowar, Mustard, Barley",Winter,28.07,44,haze,250.0,400.0,30.0,50.0,400.0,600.0,7.0,8.5
train,Black soil,C:\Users\Pranjal Yallurkar\OneDrive\Desktop\PROJECT\Final\soil_photos-20251020T144319Z-1-001\soil_photos\train\Black Soil\Black_39.jpg,Reddish,7.0–8.5,25–38,50–70,250–400,30–50,400–600,"Cotton, Soybean, Sunflower, Jowar, Wheat","Superphosphate, Organic Manure, Compost, Urea, Biofertilizer","cotton, soybean","Wheat, Gram, Jowar, Mustard, Barley",Winter,28.07,44,haze,250.0,400.0,30.0,50.0,400.0,600.0,7.0,8.5
train,Black soil,C:\Users\Pranjal Yallurkar\OneDrive\Desktop\PROJECT\Final\soil_photos-20251020T144319Z-1-001\soil_photos\train\Black Soil\Black_4.jpg,Bluish,7.0–8.5,25–38,50–70,250–400,30–50,400–600,"Cotton, Soybean, Sunflower, Jowar, Wheat","Superphosphate, Organic Manure, Compost, Urea, Ammonium Sulphate","cotton, soybean","Wheat, Gram, Jowar, Mustard, Barley",Winter,28.07,44,haze,250.0,400.0,30.0,50.0,400.0,600.0,7.0,8.5
train,Black soil,C:\Users\Pranjal Yallurkar\OneDrive\Desktop\PROJECT\Final\soil_photos-20251020T144319Z-1-001\soil_photos\train\Black Soil\Black_40.jpg,Reddish,7.0–8.5,25–38,50–70,250–400,30–50,400–600,"Cotton, Soybean, Sunflower, Jowar, Wheat","Superphosphate, Organic Manure, Compost, Urea, Biofertilizer","cotton, soybean","Wheat, Gram, Jowar, Mustard, Barley",Winter,28.07,44,haze,250.0,400.0,30.0,50.0,400.0,600.0,7.0,8.5
train,Black soil,C:\Users\Pranjal Yallurkar\OneDrive\Desktop\PROJECT\Final\soil_photos-20251020T144319Z-1-001\soil_photos\train\Black Soil\Black_41.jpg,Reddish,7.0–8.5,25–38,50–70,250–400,30–50,400–600,"Cotton, Soybean, Sunflower, Jowar, Wheat","Superphosphate, Organic Manure, Compost, Urea, Biofertilizer","cotton, soybean","Wheat, Gram, Jowar, Mustard, Barley",Winter,28.07,44,haze,250.0,400.0,30.0,50.0,400.0,600.0,7.0,8.5
train,Black soil,C:\Users\Pranjal Yallurkar\OneDrive\Desktop\PROJECT\Final\soil_photos-20251020T144319Z-1-001\soil_photos\train\Black Soil\Black_42.jpg,Reddish,7.0–8.5,25–38,50–70,250–400,30–50,400–600,"Cotton, Soybean, Sunflower, Jowar, Wheat","Superphosphate, Organic Manure, Compost, Urea, Biofertilizer","cotton, soybean","Wheat, Gram, Jowar, Mustard, Barley",Winter,28.07,44,haze,250.0,400.0,30.0,50.0,400.0,600.0,7.0,8.5
train,Black soil,C:\Users\Pranjal Yallurkar\OneDrive\Desktop\PROJECT\Final\soil_photos-20251020T144319Z-1-001\soil_photos\train\Black Soil\Black_43.jpg,Reddish,7.0–8.5,25–38,50–70,250–400,30–50,400–600,"Cotton, Soybean, Sunflower, Jowar, Wheat","Superphosphate, Organic Manure, Compost, Urea, Biofertilizer","cotton, soybean","Wheat, Gram, Jowar, Mustard, Barley",Winter,28.07,44,haze,250.0,400.0,30.0,50.0,400.0,600.0,7.0,8.5
train,Black soil,C:\Users\Pranjal Yallurkar\OneDrive\Desktop\PROJECT\Final\soil_photos-20251020T144319Z-1-001\soil_photos\train\Black Soil\Black_44.jpg,Reddish,7.0–8.5,25–38,50–70,250–400,30–50,400–600,"Cotton, Soybean, Sunflower, Jowar, Wheat","Superphosphate, Organic Manure, Compost, Urea, Biofertilizer","cotton, soybean","Wheat, Gram, Jowar, Mustard, Barley",Winter,28.07,44,haze,250.0,400.0,30.0,50.0,400.0,600.0,7.0,8.5
train,Black soil,C:\Users\Pranjal Yallurkar\OneDrive\Desktop\PROJECT\Final\soil_photos-20251020T144319Z-1-001\soil_photos\train\Black Soil\Black_45.jpg,Reddish,7.0–8.5,25–38,50–70,250–400,30–50,400–600,"Cotton, Soybean, Sunflower, Jowar, Wheat","Superphosphate, Organic Manure, Compost, Urea, Biofertilizer","cotton, soybean","Wheat, Gram, Jowar, Mustard, Barley",Winter,28.07,44,haze,250.0,400.0,30.0,50.0,400.0,600.0,7.0,8.5
train,Black soil,C:\Users\Pranjal Yallurkar\OneDrive\Desktop\PROJECT\Final\soil_photos-20251020T144319Z-1-001\soil_photos\train\Black Soil\Black_46.jpg,Bluish,7.0–8.5,25–38,50–70,250–400,30–50,400–600,"Cotton, Soybean, Sunflower, Jowar, Wheat","Superphosphate, Organic Manure, Compost, Urea, Ammonium Sulphate","cotton, soybean","Wheat, Gram, Jowar, Mustard, Barley",Winter,28.07,44,haze,250.0,400.0,30.0,50.0,400.0,600.0,7.0,8.5
train,Black soil,C:\Users\Pranjal Yallurkar\OneDrive\Desktop\PROJECT\Final\soil_photos-20251020T144319Z-1-001\soil_photos\train\Black Soil\Black_47.jpg,Greenish,7.0–8.5,25–38,50–70,250–400,30–50,400–600,"Cotton, Soybean, Sunflower, Jowar, Wheat","DAP, Superphosphate, Organic Manure, Compost, Urea","cotton, soybean","Wheat, Gram, Jowar, Mustard, Barley",Winter,28.07,44,haze,250.0,400.0,30.0,50.0,400.0,600.0,7.0,8.5
train,Black soil,C:\Users\Pranjal Yallurkar\OneDrive\Desktop\PROJECT\Final\soil_photos-20251020T144319Z-1-001\soil_photos\train\Black Soil\Black_5.jpg,Reddish,7.0–8.5,25–38,50–70,250–400,30–50,400–600,"Cotton, Soybean, Sunflower, Jowar, Wheat","Superphosphate, Organic Manure, Compost, Urea, Biofertilizer","cotton, soybean","Wheat, Gram, Jowar, Mustard, Barley",Winter,28.07,44,haze,250.0,400.0,30.0,50.0,400.0,600.0,7.0,8.5
train,Black soil,C:\Users\Pranjal Yallurkar\OneDrive\Desktop\PROJECT\Final\soil_photos-20251020T144319Z-1-001\soil_photos\train\Black Soil\Black_6.jpg,Reddish,7.0–8.5,25–38,50–70,250–400,30–50,400–600,"Cotton, Soybean, Sunflower, Jowar, Wheat","Superphosphate, Organic Manure, Compost, Urea, Biofertilizer","cotton, soybean","Wheat, Gram, Jowar, Mustard, Barley",Winter,28.07,44,haze,250.0,400.0,30.0,50.0,400.0,600.0,7.0,8.5
train,Black soil,C:\Users\Pranjal Yallurkar\OneDrive\Desktop\PROJECT\Final\soil_photos-20251020T144319Z-1-001\soil_photos\train\Black Soil\Black_7.jpg,Reddish,7.0–8.5,25–38,50–70,250–400,30–50,400–600,"Cotton, Soybean, Sunflower, Jowar, Wheat","Superphosphate, Organic Manure, Compost, Urea, Biofertilizer","cotton, soybean","Wheat, Gram, Jowar, Mustard, Barley",Winter,28.07,44,haze,250.0,400.0,30.0,50.0,400.0,600.0,7.0,8.5
train,Black soil,C:\Users\Pranjal Yallurkar\OneDrive\Desktop\PROJECT\Final\soil_photos-20251020T144319Z-1-001\soil_photos\train\Black Soil\Black_8.jpg,Reddish,7.0–8.5,25–38,50–70,250–400,30–50,400–600,"Cotton, Soybean, Sunflower, Jowar, Wheat","Superphosphate, Organic Manure, Compost, Urea, Biofertilizer","cotton, soybean","Wheat, Gram, Jowar, Mustard, Barley",Winter,28.07,44,haze,250.0,400.0,30.0,50.0,400.0,600.0,7.0,8.5
train,Black soil,C:\Users\Pranjal Yallurkar\OneDrive\Desktop\PROJECT\Final\soil_photos-20251020T144319Z-1-001\soil_photos\train\Black Soil\Black_9.jpg,Reddish,7.0–8.5,25–38,50–70,250–400,30–50,400–600,"Cotton, Soybean, Sunflower, Jowar, Wheat","Superphosphate, Organic Manure, Compost, Urea, Biofertilizer","cotton, soybean","Wheat, Gram, Jowar, Mustard, Barley",Winter,28.07,44,haze,250.0,400.0,30.0,50.0,400.0,600.0,7.0,8.5
train,Black soil,C:\Users\Pranjal Yallurkar\OneDrive\Desktop\PROJECT\Final\soil_photos-20251020T144319Z-1-001\soil_photos\train\Black Soil\Copy of Copy of images434.jpg,Reddish,7.0–8.5,25–38,50–70,250–400,30–50,400–600,"Cotton, Soybean, Sunflower, Jowar, Wheat","Superphosphate, Organic Manure, Compost, Urea, Biofertilizer","cotton, soybean","Wheat, Gram, Jowar, Mustard, Barley",Winter,28.07,44,haze,250.0,400.0,30.0,50.0,400.0,600.0,7.0,8.5
train,Black soil,C:\Users\Pranjal Yallurkar\OneDrive\Desktop\PROJECT\Final\soil_photos-20251020T144319Z-1-001\soil_photos\train\Black Soil\Copy of Copy of images435(1).jpg,Reddish,7.0–8.5,25–38,50–70,250–400,30–50,400–600,"Cotton, Soybean, Sunflower, Jowar, Wheat","Superphosphate, Organic Manure, Compost, Urea, Biofertilizer","cotton, soybean","Wheat, Gram, Jowar, Mustard, Barley",Winter,28.07,44,haze,250.0,400.0,30.0,50.0,400.0,600.0,7.0,8.5
train,Black soil,C:\Users\Pranjal Yallurkar\OneDrive\Desktop\PROJECT\Final\soil_photos-20251020T144319Z-1-001\soil_photos\train\Black Soil\Copy of Copy of images435.jpg,Reddish,7.0–8.5,25–38,50–70,250–400,30–50,400–600,"Cotton, Soybean, Sunflower, Jowar, Wheat","Superphosphate, Organic Manure, Compost, Urea, Biofertilizer","cotton, soybean","Wheat, Gram, Jowar, Mustard, Barley",Winter,28.07,44,haze,250.0,400.0,30.0,50.0,400.0,600.0,7.0,8.5
train,Black soil,C:\Users\Pranjal Yallurkar\OneDrive\Desktop\PROJECT\Final\soil_photos-20251020T144319Z-1-001\soil_photos\train\Black Soil\Copy of Copy of images436(1).jpg,Reddish,7.0–8.5,25–38,50–70,250–400,30–50,400–600,"Cotton, Soybean, Sunflower, Jowar, Wheat","Superphosphate, Organic Manure, Compost, Urea, Biofertilizer","cotton, soybean","Wheat, Gram, Jowar, Mustard, Barley",Winter,28.07,44,haze,250.0,400.0,30.0,50.0,400.0,600.0,7.0,8.5
train,Black soil,C:\Users\Pranjal Yallurkar\OneDrive\Desktop\PROJECT\Final\soil_photos-20251020T144319Z-1-001\soil_photos\train\Black Soil\Copy of Copy of images436.jpg,Reddish,7.0–8.5,25–38,50–70,250–400,30–50,400–600,"Cotton, Soybean, Sunflower, Jowar, Wheat","Superphosphate, Organic Manure, Compost, Urea, Biofertilizer","cotton, soybean","Wheat, Gram, Jowar, Mustard, Barley",Winter,28.07,44,haze,250.0,400.0,30.0,50.0,400.0,600.0,7.0,8.5
train,Black soil,C:\Users\Pranjal Yallurkar\OneDrive\Desktop\PROJECT\Final\soil_photos-20251020T144319Z-1-001\soil_photos\train\Black Soil\Copy of Copy of images437(1).jpg,Reddish,7.0–8.5,25–38,50–70,250–400,30–50,400–600,"Cotton, Soybean, Sunflower, Jowar, Wheat","Superphosphate, Organic Manure, Compost, Urea, Biofertilizer","cotton, soybean","Wheat, Gram, Jowar, Mustard, Barley",Winter,28.07,44,haze,250.0,400.0,30.0,50.0,400.0,600.0,7.0,8.5
train,Black soil,C:\Users\Pranjal Yallurkar\OneDrive\Desktop\PROJECT\Final\soil_photos-20251020T144319Z-1-001\soil_photos\train\Black Soil\Copy of Copy of images437.jpg,Reddish,7.0–8.5,25–38,50–70,250–400,30–50,400–600,"Cotton, Soybean, Sunflower, Jowar, Wheat","Superphosphate, Organic Manure, Compost, Urea, Biofertilizer","cotton, soybean","Wheat, Gram, Jowar, Mustard, Barley",Winter,28.07,44,haze,250.0,400.0,30.0,50.0,400.0,600.0,7.0,8.5
train,Black soil,C:\Users\Pranjal Yallurkar\OneDrive\Desktop\PROJECT\Final\soil_photos-20251020T144319Z-1-001\soil_photos\train\Black Soil\Copy of Copy of indian-soils-6.jpg,Reddish,7.0–8.5,25–38,50–70,250–400,30–50,400–600,"Cotton, Soybean, Sunflower, Jowar, Wheat","Superphosphate, Organic Manure, Compost, Urea, Biofertilizer","cotton, soybean","Wheat, Gram, Jowar, Mustard, Barley",Winter,28.07,44,haze,250.0,400.0,30.0,50.0,400.0,600.0,7.0,8.5
train,Black soil,C:\Users\Pranjal Yallurkar\OneDrive\Desktop\PROJECT\Final\soil_photos-20251020T144319Z-1-001\soil_photos\train\Black Soil\Copy of Copy of kalimitti2.jpg,Bluish,7.0–8.5,25–38,50–70,250–400,30–50,400–600,"Cotton, Soybean, Sunflower, Jowar, Wheat","Superphosphate, Organic Manure, Compost, Urea, Ammonium Sulphate","cotton, soybean","Wheat, Gram, Jowar, Mustard, Barley",Winter,28.07,44,haze,250.0,400.0,30.0,50.0,400.0,600.0,7.0,8.5
train,Black soil,C:\Users\Pranjal Yallurkar\OneDrive\Desktop\PROJECT\Final\soil_photos-20251020T144319Z-1-001\soil_photos\train\Black Soil\Copy of Copy of Sample7.0.jpg,Reddish,7.0–8.5,25–38,50–70,250–400,30–50,400–600,"Cotton, Soybean, Sunflower, Jowar, Wheat","Superphosphate, Organic Manure, Compost, Urea, Biofertilizer","cotton, soybean","Wheat, Gram, Jowar, Mustard, Barley",Winter,28.07,44,haze,250.0,400.0,30.0,50.0,400.0,600.0,7.0,8.5
train,Black soil,C:\Users\Pranjal Yallurkar\OneDrive\Desktop\PROJECT\Final\soil_photos-20251020T144319Z-1-001\soil_photos\train\Black Soil\Copy of Copy of Sample7.30.jpg,Reddish,7.0–8.5,25–38,50–70,250–400,30–50,400–600,"Cotton, Soybean, Sunflower, Jowar, Wheat","Superphosphate, Organic Manure, Compost, Urea, Biofertilizer","cotton, soybean","Wheat, Gram, Jowar, Mustard, Barley",Winter,28.07,44,haze,250.0,400.0,30.0,50.0,400.0,600.0,7.0,8.5
train,Black soil,C:\Users\Pranjal Yallurkar\OneDrive\Desktop\PROJECT\Final\soil_photos-20251020T144319Z-1-001\soil_photos\train\Black Soil\Copy of image27(1).jpeg,Reddish,7.0–8.5,25–38,50–70,250–400,30–50,400–600,"Cotton, Soybean, Sunflower, Jowar, Wheat","Superphosphate, Organic Manure, Compost, Urea, Biofertilizer","cotton, soybean","Wheat, Gram, Jowar, Mustard, Barley",Winter,28.07,44,haze,250.0,400.0,30.0,50.0,400.0,600.0,7.0,8.5
train,Black soil,C:\Users\Pranjal Yallurkar\OneDrive\Desktop\PROJECT\Final\soil_photos-20251020T144319Z-1-001\soil_photos\train\Black Soil\Copy of image27.jpeg,Reddish,7.0–8.5,25–38,50–70,250–400,30–50,400–600,"Cotton, Soybean, Sunflower, Jowar, Wheat","Superphosphate, Organic Manure, Compost, Urea, Biofertilizer","cotton, soybean","Wheat, Gram, Jowar, Mustard, Barley",Winter,28.07,44,haze,250.0,400.0,30.0,50.0,400.0,600.0,7.0,8.5
train,Black soil,C:\Users\Pranjal Yallurkar\OneDrive\Desktop\PROJECT\Final\soil_photos-20251020T144319Z-1-001\soil_photos\train\Black Soil\Copy of images258(1).jpg,Reddish,7.0–8.5,25–38,50–70,250–400,30–50,400–600,"Cotton, Soybean, Sunflower, Jowar, Wheat","Superphosphate, Organic Manure, Compost, Urea, Biofertilizer","cotton, soybean","Wheat, Gram, Jowar, Mustard, Barley",Winter,28.07,44,haze,250.0,400.0,30.0,50.0,400.0,600.0,7.0,8.5
train,Black soil,C:\Users\Pranjal Yallurkar\OneDrive\Desktop\PROJECT\Final\soil_photos-20251020T144319Z-1-001\soil_photos\train\Black Soil\Copy of images258.jpg,Reddish,7.0–8.5,25–38,50–70,250–400,30–50,400–600,"Cotton, Soybean, Sunflower, Jowar, Wheat","Superphosphate, Organic Manure, Compost, Urea, Biofertilizer","cotton, soybean","Wheat, Gram, Jowar, Mustard, Barley",Winter,28.07,44,haze,250.0,400.0,30.0,50.0,400.0,600.0,7.0,8.5
train,Black soil,C:\Users\Pranjal Yallurkar\OneDrive\Desktop\PROJECT\Final\soil_photos-20251020T144319Z-1-001\soil_photos\train\Black Soil\Copy of images267(1).jpg,Reddish,7.0–8.5,25–38,50–70,250–400,30–50,400–600,"Cotton, Soybean, Sunflower, Jowar, Wheat","Superphosphate, Organic Manure, Compost, Urea, Biofertilizer","cotton, soybean","Wheat, Gram, Jowar, Mustard, Barley",Winter,28.07,44,haze,250.0,400.0,30.0,50.0,400.0,600.0,7.0,8.5
train,Black soil,C:\Users\Pranjal Yallurkar\OneDrive\Desktop\PROJECT\Final\soil_photos-20251020T144319Z-1-001\soil_photos\train\Black Soil\Copy of images267.jpg,Reddish,7.0–8.5,25–38,50–70,250–400,30–50,400–600,"Cotton, Soybean, Sunflower, Jowar, Wheat","Superphosphate, Organic Manure, Compost, Urea, Biofertilizer","cotton, soybean","Wheat, Gram, Jowar, Mustard, Barley",Winter,28.07,44,haze,250.0,400.0,30.0,50.0,400.0,600.0,7.0,8.5
train,Black soil,C:\Users\Pranjal Yallurkar\OneDrive\Desktop\PROJECT\Final\soil_photos-20251020T144319Z-1-001\soil_photos\train\Black Soil\Copy of images271(1).jpg,Reddish,7.0–8.5,25–38,50–70,250–400,30–50,400–600,"Cotton, Soybean, Sunflower, Jowar, Wheat","Superphosphate, Organic Manure, Compost, Urea, Biofertilizer","cotton, soybean","Wheat, Gram, Jowar, Mustard, Barley",Winter,28.07,44,haze,250.0,400.0,30.0,50.0,400.0,600.0,7.0,8.5
train,Black soil,C:\Users\Pranjal Yallurkar\OneDrive\Desktop\PROJECT\Final\soil_photos-20251020T144319Z-1-001\soil_photos\train\Black Soil\Copy of images271.jpg,Reddish,7.0–8.5,25–38,50–70,250–400,30–50,400–600,"Cotton, Soybean, Sunflower, Jowar, Wheat","Superphosphate, Organic Manure, Compost, Urea, Biofertilizer","cotton, soybean","Wheat, Gram, Jowar, Mustard, Barley",Winter,28.07,44,haze,250.0,400.0,30.0,50.0,400.0,600.0,7.0,8.5
train,Black soil,C:\Users\Pranjal Yallurkar\OneDrive\Desktop\PROJECT\Final\soil_photos-20251020T144319Z-1-001\soil_photos\train\Black Soil\Copy of images274(1).jpg,Reddish,7.0–8.5,25–38,50–70,250–400,30–50,400–600,"Cotton, Soybean, Sunflower, Jowar, Wheat","Superphosphate, Organic Manure, Compost, Urea, Biofertilizer","cotton, soybean","Wheat, Gram, Jowar, Mustard, Barley",Winter,28.07,44,haze,250.0,400.0,30.0,50.0,400.0,600.0,7.0,8.5
train,Black soil,C:\Users\Pranjal Yallurkar\OneDrive\Desktop\PROJECT\Final\soil_photos-20251020T144319Z-1-001\soil_photos\train\Black Soil\Copy of images274.jpg,Reddish,7.0–8.5,25–38,50–70,250–400,30–50,400–600,"Cotton, Soybean, Sunflower, Jowar, Wheat","Superphosphate, Organic Manure, Compost, Urea, Biofertilizer","cotton, soybean","Wheat, Gram, Jowar, Mustard, Barley",Winter,28.07,44,haze,250.0,400.0,30.0,50.0,400.0,600.0,7.0,8.5
train,Black soil,C:\Users\Pranjal Yallurkar\OneDrive\Desktop\PROJECT\Final\soil_photos-20251020T144319Z-1-001\soil_photos\train\Black Soil\Copy of images280(1).jpg,Reddish,7.0–8.5,25–38,50–70,250–400,30–50,400–600,"Cotton, Soybean, Sunflower, Jowar, Wheat","Superphosphate, Organic Manure, Compost, Urea, Biofertilizer","cotton, soybean","Wheat, Gram, Jowar, Mustard, Barley",Winter,28.07,44,haze,250.0,400.0,30.0,50.0,400.0,600.0,7.0,8.5
train,Black soil,C:\Users\Pranjal Yallurkar\OneDrive\Desktop\PROJECT\Final\soil_photos-20251020T144319Z-1-001\soil_photos\train\Black Soil\Copy of images280.jpg,Reddish,7.0–8.5,25–38,50–70,250–400,30–50,400–600,"Cotton, Soybean, Sunflower, Jowar, Wheat","Superphosphate, Organic Manure, Compost, Urea, Biofertilizer","cotton, soybean","Wheat, Gram, Jowar, Mustard, Barley",Winter,28.07,44,haze,250.0,400.0,30.0,50.0,400.0,600.0,7.0,8.5
train,Black soil,C:\Users\Pranjal Yallurkar\OneDrive\Desktop\PROJECT\Final\soil_photos-20251020T144319Z-1-001\soil_photos\train\Black Soil\Copy of images281(1).jpg,Reddish,7.0–8.5,25–38,50–70,250–400,30–50,400–600,"Cotton, Soybean, Sunflower, Jowar, Wheat","Superphosphate, Organic Manure, Compost, Urea, Biofertilizer","cotton, soybean","Wheat, Gram, Jowar, Mustard, Barley",Winter,28.07,44,haze,250.0,400.0,30.0,50.0,400.0,600.0,7.0,8.5
train,Black soil,C:\Users\Pranjal Yallurkar\OneDrive\Desktop\PROJECT\Final\soil_photos-20251020T144319Z-1-001\soil_photos\train\Black Soil\Copy of images281.jpg,Reddish,7.0–8.5,25–38,50–70,250–400,30–50,400–600,"Cotton, Soybean, Sunflower, Jowar, Wheat","Superphosphate, Organic Manure, Compost, Urea, Biofertilizer","cotton, soybean","Wheat, Gram, Jowar, Mustard, Barley",Winter,28.07,44,haze,250.0,400.0,30.0,50.0,400.0,600.0,7.0,8.5
train,Black soil,C:\Users\Pranjal Yallurkar\OneDrive\Desktop\PROJECT\Final\soil_photos-20251020T144319Z-1-001\soil_photos\train\Black Soil\Copy of images284(1).jpg,Greenish,7.0–8.5,25–38,50–70,250–400,30–50,400–600,"Cotton, Soybean, Sunflower, Jowar, Wheat","DAP, Superphosphate, Organic Manure, Compost, Urea","cotton, soybean","Wheat, Gram, Jowar, Mustard, Barley",Winter,28.07,44,haze,250.0,400.0,30.0,50.0,400.0,600.0,7.0,8.5
train,Black soil,C:\Users\Pranjal Yallurkar\OneDrive\Desktop\PROJECT\Final\soil_photos-20251020T144319Z-1-001\soil_photos\train\Black Soil\Copy of images284.jpg,Greenish,7.0–8.5,25–38,50–70,250–400,30–50,400–600,"Cotton, Soybean, Sunflower, Jowar, Wheat","DAP, Superphosphate, Organic Manure, Compost, Urea","cotton, soybean","Wheat, Gram, Jowar, Mustard, Barley",Winter,28.07,44,haze,250.0,400.0,30.0,50.0,400.0,600.0,7.0,8.5
train,Black soil,C:\Users\Pranjal Yallurkar\OneDrive\Desktop\PROJECT\Final\soil_photos-20251020T144319Z-1-001\soil_photos\train\Black Soil\Copy of images287(1).jpg,Reddish,7.0–8.5,25–38,50–70,250–400,30–50,400–600,"Cotton, Soybean, Sunflower, Jowar, Wheat","Superphosphate, Organic Manure, Compost, Urea, Biofertilizer","cotton, soybean","Wheat, Gram, Jowar, Mustard, Barley",Winter,28.07,44,haze,250.0,400.0,30.0,50.0,400.0,600.0,7.0,8.5
train,Black soil,C:\Users\Pranjal Yallurkar\OneDrive\Desktop\PROJECT\Final\soil_photos-20251020T144319Z-1-001\soil_photos\train\Black Soil\Copy of images287.jpg,Reddish,7.0–8.5,25–38,50–70,250–400,30–50,400–600,"Cotton, Soybean, Sunflower, Jowar, Wheat","Superphosphate, Organic Manure, Compost, Urea, Biofertilizer","cotton, soybean","Wheat, Gram, Jowar, Mustard, Barley",Winter,28.07,44,haze,250.0,400.0,30.0,50.0,400.0,600.0,7.0,8.5
train,Black soil,C:\Users\Pranjal Yallurkar\OneDrive\Desktop\PROJECT\Final\soil_photos-20251020T144319Z-1-001\soil_photos\train\Black Soil\Copy of images298(1).jpg,Reddish,7.0–8.5,25–38,50–70,250–400,30–50,400–600,"Cotton, Soybean, Sunflower, Jowar, Wheat","Superphosphate, Organic Manure, Compost, Urea, Biofertilizer","cotton, soybean","Wheat, Gram, Jowar, Mustard, Barley",Winter,28.07,44,haze,250.0,400.0,30.0,50.0,400.0,600.0,7.0,8.5
train,Black soil,C:\Users\Pranjal Yallurkar\OneDrive\Desktop\PROJECT\Final\soil_photos-20251020T144319Z-1-001\soil_photos\train\Black Soil\Copy of images298.jpg,Reddish,7.0–8.5,25–38,50–70,250–400,30–50,400–600,"Cotton, Soybean, Sunflower, Jowar, Wheat","Superphosphate, Organic Manure, Compost, Urea, Biofertilizer","cotton, soybean","Wheat, Gram, Jowar, Mustard, Barley",Winter,28.07,44,haze,250.0,400.0,30.0,50.0,400.0,600.0,7.0,8.5
train,Black soil,C:\Users\Pranjal Yallurkar\OneDrive\Desktop\PROJECT\Final\soil_photos-20251020T144319Z-1-001\soil_photos\train\Black Soil\Copy of images305(1).jpg,Reddish,7.0–8.5,25–38,50–70,250–400,30–50,400–600,"Cotton, Soybean, Sunflower, Jowar, Wheat","Superphosphate, Organic Manure, Compost, Urea, Biofertilizer","cotton, soybean","Wheat, Gram, Jowar, Mustard, Barley",Winter,28.07,44,haze,250.0,400.0,30.0,50.0,400.0,600.0,7.0,8.5
train,Black soil,C:\Users\Pranjal Yallurkar\OneDrive\Desktop\PROJECT\Final\soil_photos-20251020T144319Z-1-001\soil_photos\train\Black Soil\Copy of images305.jpg,Reddish,7.0–8.5,25–38,50–70,250–400,30–50,400–600,"Cotton, Soybean, Sunflower, Jowar, Wheat","Superphosphate, Organic Manure, Compost, Urea, Biofertilizer","cotton, soybean","Wheat, Gram, Jowar, Mustard, Barley",Winter,28.07,44,haze,250.0,400.0,30.0,50.0,400.0,600.0,7.0,8.5
train,Black soil,C:\Users\Pranjal Yallurkar\OneDrive\Desktop\PROJECT\Final\soil_photos-20251020T144319Z-1-001\soil_photos\train\Black Soil\Copy of images318(1).jpg,Reddish,7.0–8.5,25–38,50–70,250–400,30–50,400–600,"Cotton, Soybean, Sunflower, Jowar, Wheat","Superphosphate, Organic Manure, Compost, Urea, Biofertilizer","cotton, soybean","Wheat, Gram, Jowar, Mustard, Barley",Winter,28.07,44,haze,250.0,400.0,30.0,50.0,400.0,600.0,7.0,8.5
train,Black soil,C:\Users\Pranjal Yallurkar\OneDrive\Desktop\PROJECT\Final\soil_photos-20251020T144319Z-1-001\soil_photos\train\Black Soil\Copy of images318.jpg,Reddish,7.0–8.5,25–38,50–70,250–400,30–50,400–600,"Cotton, Soybean, Sunflower, Jowar, Wheat","Superphosphate, Organic Manure, Compost, Urea, Biofertilizer","cotton, soybean","Wheat, Gram, Jowar, Mustard, Barley",Winter,28.07,44,haze,250.0,400.0,30.0,50.0,400.0,600.0,7.0,8.5
train,Black soil,C:\Users\Pranjal Yallurkar\OneDrive\Desktop\PROJECT\Final\soil_photos-20251020T144319Z-1-001\soil_photos\train\Black Soil\Copy of images337(1).jpg,Reddish,7.0–8.5,25–38,50–70,250–400,30–50,400–600,"Cotton, Soybean, Sunflower, Jowar, Wheat","Superphosphate, Organic Manure, Compost, Urea, Biofertilizer","cotton, soybean","Wheat, Gram, Jowar, Mustard, Barley",Winter,28.07,44,haze,250.0,400.0,30.0,50.0,400.0,600.0,7.0,8.5
train,Black soil,C:\Users\Pranjal Yallurkar\OneDrive\Desktop\PROJECT\Final\soil_photos-20251020T144319Z-1-001\soil_photos\train\Black Soil\Copy of images337.jpg,Reddish,7.0–8.5,25–38,50–70,250–400,30–50,400–600,"Cotton, Soybean, Sunflower, Jowar, Wheat","Superphosphate, Organic Manure, Compost, Urea, Biofertilizer","cotton, soybean","Wheat, Gram, Jowar, Mustard, Barley",Winter,28.07,44,haze,250.0,400.0,30.0,50.0,400.0,600.0,7.0,8.5
train,Black soil,C:\Users\Pranjal Yallurkar\OneDrive\Desktop\PROJECT\Final\soil_photos-20251020T144319Z-1-001\soil_photos\train\Black Soil\Copy of images347(1).jpg,Reddish,7.0–8.5,25–38,50–70,250–400,30–50,400–600,"Cotton, Soybean, Sunflower, Jowar, Wheat","Superphosphate, Organic Manure, Compost, Urea, Biofertilizer","cotton, soybean","Wheat, Gram, Jowar, Mustard, Barley",Winter,28.07,44,haze,250.0,400.0,30.0,50.0,400.0,600.0,7.0,8.5
train,Black soil,C:\Users\Pranjal Yallurkar\OneDrive\Desktop\PROJECT\Final\soil_photos-20251020T144319Z-1-001\soil_photos\train\Black Soil\Copy of images347.jpg,Reddish,7.0–8.5,25–38,50–70,250–400,30–50,400–600,"Cotton, Soybean, Sunflower, Jowar, Wheat","Superphosphate, Organic Manure, Compost, Urea, Biofertilizer","cotton, soybean","Wheat, Gram, Jowar, Mustard, Barley",Winter,28.07,44,haze,250.0,400.0,30.0,50.0,400.0,600.0,7.0,8.5
train,Black soil,C:\Users\Pranjal Yallurkar\OneDrive\Desktop\PROJECT\Final\soil_photos-20251020T144319Z-1-001\soil_photos\train\Black Soil\Copy of images350(1).jpg,Bluish,7.0–8.5,25–38,50–70,250–400,30–50,400–600,"Cotton, Soybean, Sunflower, Jowar, Wheat","Superphosphate, Organic Manure, Compost, Urea, Ammonium Sulphate","cotton, soybean","Wheat, Gram, Jowar, Mustard, Barley",Winter,28.07,44,haze,250.0,400.0,30.0,50.0,400.0,600.0,7.0,8.5
train,Black soil,C:\Users\Pranjal Yallurkar\OneDrive\Desktop\PROJECT\Final\soil_photos-20251020T144319Z-1-001\soil_photos\train\Black Soil\Copy of images350.jpg,Bluish,7.0–8.5,25–38,50–70,250–400,30–50,400–600,"Cotton, Soybean, Sunflower, Jowar, Wheat","Superphosphate, Organic Manure, Compost, Urea, Ammonium Sulphate","cotton, soybean","Wheat, Gram, Jowar, Mustard, Barley",Winter,28.07,44,haze,250.0,400.0,30.0,50.0,400.0,600.0,7.0,8.5
train,Black soil,C:\Users\Pranjal Yallurkar\OneDrive\Desktop\PROJECT\Final\soil_photos-20251020T144319Z-1-001\soil_photos\train\Black Soil\Copy of images359(1).jpg,Reddish,7.0–8.5,25–38,50–70,250–400,30–50,400–600,"Cotton, Soybean, Sunflower, Jowar, Wheat","Superphosphate, Organic Manure, Compost, Urea, Biofertilizer","cotton, soybean","Wheat, Gram, Jowar, Mustard, Barley",Winter,28.07,44,haze,250.0,400.0,30.0,50.0,400.0,600.0,7.0,8.5
train,Black soil,C:\Users\Pranjal Yallurkar\OneDrive\Desktop\PROJECT\Final\soil_photos-20251020T144319Z-1-001\soil_photos\train\Black Soil\Copy of images359.jpg,Reddish,7.0–8.5,25–38,50–70,250–400,30–50,400–600,"Cotton, Soybean, Sunflower, Jowar, Wheat","Superphosphate, Organic Manure, Compost, Urea, Biofertilizer","cotton, soybean","Wheat, Gram, Jowar, Mustard, Barley",Winter,28.07,44,haze,250.0,400.0,30.0,50.0,400.0,600.0,7.0,8.5
train,Black soil,C:\Users\Pranjal Yallurkar\OneDrive\Desktop\PROJECT\Final\soil_photos-20251020T144319Z-1-001\soil_photos\train\Black Soil\Copy of images363(1).jpg,Reddish,7.0–8.5,25–38,50–70,250–400,30–50,400–600,"Cotton, Soybean, Sunflower, Jowar, Wheat","Superphosphate, Organic Manure, Compost, Urea, Biofertilizer","cotton, soybean","Wheat, Gram, Jowar, Mustard, Barley",Winter,28.07,44,haze,250.0,400.0,30.0,50.0,400.0,600.0,7.0,8.5
train,Black soil,C:\Users\Pranjal Yallurkar\OneDrive\Desktop\PROJECT\Final\soil_photos-20251020T144319Z-1-001\soil_photos\train\Black Soil\Copy of images363.jpg,Reddish,7.0–8.5,25–38,50–70,250–400,30–50,400–600,"Cotton, Soybean, Sunflower, Jowar, Wheat","Superphosphate, Organic Manure, Compost, Urea, Biofertilizer","cotton, soybean","Wheat, Gram, Jowar, Mustard, Barley",Winter,28.07,44,haze,250.0,400.0,30.0,50.0,400.0,600.0,7.0,8.5
train,Black soil,C:\Users\Pranjal Yallurkar\OneDrive\Desktop\PROJECT\Final\soil_photos-20251020T144319Z-1-001\soil_photos\train\Black Soil\Copy of images365(1).jpg,Reddish,7.0–8.5,25–38,50–70,250–400,30–50,400–600,"Cotton, Soybean, Sunflower, Jowar, Wheat","Superphosphate, Organic Manure, Compost, Urea, Biofertilizer","cotton, soybean","Wheat, Gram, Jowar, Mustard, Barley",Winter,28.07,44,haze,250.0,400.0,30.0,50.0,400.0,600.0,7.0,8.5
train,Black soil,C:\Users\Pranjal Yallurkar\OneDrive\Desktop\PROJECT\Final\soil_photos-20251020T144319Z-1-001\soil_photos\train\Black Soil\Copy of images365.jpg,Reddish,7.0–8.5,25–38,50–70,250–400,30–50,400–600,"Cotton, Soybean, Sunflower, Jowar, Wheat","Superphosphate, Organic Manure, Compost, Urea, Biofertilizer","cotton, soybean","Wheat, Gram, Jowar, Mustard, Barley",Winter,28.07,44,haze,250.0,400.0,30.0,50.0,400.0,600.0,7.0,8.5
train,Black soil,C:\Users\Pranjal Yallurkar\OneDrive\Desktop\PROJECT\Final\soil_photos-20251020T144319Z-1-001\soil_photos\train\Black Soil\Copy of images371(1).jpg,Brownish,7.0–8.5,25–38,50–70,250–400,30–50,400–600,"Cotton, Soybean, Sunflower, Jowar, Wheat","Superphosphate, Organic Manure, Compost, NPK, Urea","cotton, soybean","Wheat, Gram, Jowar, Mustard, Barley",Winter,28.07,44,haze,250.0,400.0,30.0,50.0,400.0,600.0,7.0,8.5
train,Black soil,C:\Users\Pranjal Yallurkar\OneDrive\Desktop\PROJECT\Final\soil_photos-20251020T144319Z-1-001\soil_photos\train\Black Soil\Copy of images371.jpg,Brownish,7.0–8.5,25–38,50–70,250–400,30–50,400–600,"Cotton, Soybean, Sunflower, Jowar, Wheat","Superphosphate, Organic Manure, Compost, NPK, Urea","cotton, soybean","Wheat, Gram, Jowar, Mustard, Barley",Winter,28.07,44,haze,250.0,400.0,30.0,50.0,400.0,600.0,7.0,8.5
train,Black soil,C:\Users\Pranjal Yallurkar\OneDrive\Desktop\PROJECT\Final\soil_photos-20251020T144319Z-1-001\soil_photos\train\Black Soil\Copy of images375(1).jpg,Reddish,7.0–8.5,25–38,50–70,250–400,30–50,400–600,"Cotton, Soybean, Sunflower, Jowar, Wheat","Superphosphate, Organic Manure, Compost, Urea, Biofertilizer","cotton, soybean","Wheat, Gram, Jowar, Mustard, Barley",Winter,28.07,44,haze,250.0,400.0,30.0,50.0,400.0,600.0,7.0,8.5
train,Black soil,C:\Users\Pranjal Yallurkar\OneDrive\Desktop\PROJECT\Final\soil_photos-20251020T144319Z-1-001\soil_photos\train\Black Soil\Copy of images375.jpg,Reddish,7.0–8.5,25–38,50–70,250–400,30–50,400–600,"Cotton, Soybean, Sunflower, Jowar, Wheat","Superphosphate, Organic Manure, Compost, Urea, Biofertilizer","cotton, soybean","Wheat, Gram, Jowar, Mustard, Barley",Winter,28.07,44,haze,250.0,400.0,30.0,50.0,400.0,600.0,7.0,8.5
train,Black soil,C:\Users\Pranjal Yallurkar\OneDrive\Desktop\PROJECT\Final\soil_photos-20251020T144319Z-1-001\soil_photos\train\Black Soil\Copy of images386.jpg,Reddish,7.0–8.5,25–38,50–70,250–400,30–50,400–600,"Cotton, Soybean, Sunflower, Jowar, Wheat","Superphosphate, Organic Manure, Compost, Urea, Biofertilizer","cotton, soybean","Wheat, Gram, Jowar, Mustard, Barley",Winter,28.07,44,haze,250.0,400.0,30.0,50.0,400.0,600.0,7.0,8.5
train,Black soil,C:\Users\Pranjal Yallurkar\OneDrive\Desktop\PROJECT\Final\soil_photos-20251020T144319Z-1-001\soil_photos\train\Black Soil\Copy of images390(1).jpg,Reddish,7.0–8.5,25–38,50–70,250–400,30–50,400–600,"Cotton, Soybean, Sunflower, Jowar, Wheat","Superphosphate, Organic Manure, Compost, Urea, Biofertilizer","cotton, soybean","Wheat, Gram, Jowar, Mustard, Barley",Winter,28.07,44,haze,250.0,400.0,30.0,50.0,400.0,600.0,7.0,8.5
train,Black soil,C:\Users\Pranjal Yallurkar\OneDrive\Desktop\PROJECT\Final\soil_photos-20251020T144319Z-1-001\soil_photos\train\Black Soil\Copy of images390.jpg,Reddish,7.0–8.5,25–38,50–70,250–400,30–50,400–600,"Cotton, Soybean, Sunflower, Jowar, Wheat","Superphosphate, Organic Manure, Compost, Urea, Biofertilizer","cotton, soybean","Wheat, Gram, Jowar, Mustard, Barley",Winter,28.07,44,haze,250.0,400.0,30.0,50.0,400.0,600.0,7.0,8.5
train,Black soil,C:\Users\Pranjal Yallurkar\OneDrive\Desktop\PROJECT\Final\soil_photos-20251020T144319Z-1-001\soil_photos\train\Black Soil\Copy of images391(1).jpg,Reddish,7.0–8.5,25–38,50–70,250–400,30–50,400–600,"Cotton, Soybean, Sunflower, Jowar, Wheat","Superphosphate, Organic Manure, Compost, Urea, Biofertilizer","cotton, soybean","Wheat, Gram, Jowar, Mustard, Barley",Winter,28.07,44,haze,250.0,400.0,30.0,50.0,400.0,600.0,7.0,8.5
train,Black soil,C:\Users\Pranjal Yallurkar\OneDrive\Desktop\PROJECT\Final\soil_photos-20251020T144319Z-1-001\soil_photos\train\Black Soil\Copy of images391.jpg,Reddish,7.0–8.5,25–38,50–70,250–400,30–50,400–600,"Cotton, Soybean, Sunflower, Jowar, Wheat","Superphosphate, Organic Manure, Compost, Urea, Biofertilizer","cotton, soybean","Wheat, Gram, Jowar, Mustard, Barley",Winter,28.07,44,haze,250.0,400.0,30.0,50.0,400.0,600.0,7.0,8.5
train,Black soil,C:\Users\Pranjal Yallurkar\OneDrive\Desktop\PROJECT\Final\soil_photos-20251020T144319Z-1-001\soil_photos\train\Black Soil\Copy of images392(1).jpg,Reddish,7.0–8.5,25–38,50–70,250–400,30–50,400–600,"Cotton, Soybean, Sunflower, Jowar, Wheat","Superphosphate, Organic Manure, Compost, Urea, Biofertilizer","cotton, soybean","Wheat, Gram, Jowar, Mustard, Barley",Winter,28.07,44,haze,250.0,400.0,30.0,50.0,400.0,600.0,7.0,8.5
train,Black soil,C:\Users\Pranjal Yallurkar\OneDrive\Desktop\PROJECT\Final\soil_photos-20251020T144319Z-1-001\soil_photos\train\Black Soil\Copy of images392.jpg,Reddish,7.0–8.5,25–38,50–70,250–400,30–50,400–600,"Cotton, Soybean, Sunflower, Jowar, Wheat","Superphosphate, Organic Manure, Compost, Urea, Biofertilizer","cotton, soybean","Wheat, Gram, Jowar, Mustard, Barley",Winter,28.07,44,haze,250.0,400.0,30.0,50.0,400.0,600.0,7.0,8.5
train,Black soil,C:\Users\Pranjal Yallurkar\OneDrive\Desktop\PROJECT\Final\soil_photos-20251020T144319Z-1-001\soil_photos\train\Black Soil\Copy of images393(1).jpg,Reddish,7.0–8.5,25–38,50–70,250–400,30–50,400–600,"Cotton, Soybean, Sunflower, Jowar, Wheat","Superphosphate, Organic Manure, Compost, Urea, Biofertilizer","cotton, soybean","Wheat, Gram, Jowar, Mustard, Barley",Winter,28.07,44,haze,250.0,400.0,30.0,50.0,400.0,600.0,7.0,8.5
train,Black soil,C:\Users\Pranjal Yallurkar\OneDrive\Desktop\PROJECT\Final\soil_photos-20251020T144319Z-1-001\soil_photos\train\Black Soil\Copy of images393.jpg,Reddish,7.0–8.5,25–38,50–70,250–400,30–50,400–600,"Cotton, Soybean, Sunflower, Jowar, Wheat","Superphosphate, Organic Manure, Compost, Urea, Biofertilizer","cotton, soybean","Wheat, Gram, Jowar, Mustard, Barley",Winter,28.07,44,haze,250.0,400.0,30.0,50.0,400.0,600.0,7.0,8.5
train,Black soil,C:\Users\Pranjal Yallurkar\OneDrive\Desktop\PROJECT\Final\soil_photos-20251020T144319Z-1-001\soil_photos\train\Black Soil\Copy of images394(1).jpg,Reddish,7.0–8.5,25–38,50–70,250–400,30–50,400–600,"Cotton, Soybean, Sunflower, Jowar, Wheat","Superphosphate, Organic Manure, Compost, Urea, Biofertilizer","cotton, soybean","Wheat, Gram, Jowar, Mustard, Barley",Winter,28.07,44,haze,250.0,400.0,30.0,50.0,400.0,600.0,7.0,8.5
train,Black soil,C:\Users\Pranjal Yallurkar\OneDrive\Desktop\PROJECT\Final\soil_photos-20251020T144319Z-1-001\soil_photos\train\Black Soil\Copy of images394.jpg,Reddish,7.0–8.5,25–38,50–70,250–400,30–50,400–600,"Cotton, Soybean, Sunflower, Jowar, Wheat","Superphosphate, Organic Manure, Compost, Urea, Biofertilizer","cotton, soybean","Wheat, Gram, Jowar, Mustard, Barley",Winter,28.07,44,haze,250.0,400.0,30.0,50.0,400.0,600.0,7.0,8.5
train,Black soil,C:\Users\Pranjal Yallurkar\OneDrive\Desktop\PROJECT\Final\soil_photos-20251020T144319Z-1-001\soil_photos\train\Black Soil\Copy of images395(1).jpg,Reddish,7.0–8.5,25–38,50–70,250–400,30–50,400–600,"Cotton, Soybean, Sunflower, Jowar, Wheat","Superphosphate, Organic Manure, Compost, Urea, Biofertilizer","cotton, soybean","Wheat, Gram, Jowar, Mustard, Barley",Winter,28.07,44,haze,250.0,400.0,30.0,50.0,400.0,600.0,7.0,8.5
train,Black soil,C:\Users\Pranjal Yallurkar\OneDrive\Desktop\PROJECT\Final\soil_photos-20251020T144319Z-1-001\soil_photos\train\Black Soil\Copy of images395.jpg,Reddish,7.0–8.5,25–38,50–70,250–400,30–50,400–600,"Cotton, Soybean, Sunflower, Jowar, Wheat","Superphosphate, Organic Manure, Compost, Urea, Biofertilizer","cotton, soybean","Wheat, Gram, Jowar, Mustard, Barley",Winter,28.07,44,haze,250.0,400.0,30.0,50.0,400.0,600.0,7.0,8.5
train,Black soil,C:\Users\Pranjal Yallurkar\OneDrive\Desktop\PROJECT\Final\soil_photos-20251020T144319Z-1-001\soil_photos\train\Black Soil\Copy of images396(1).jpg,Reddish,7.0–8.5,25–38,50–70,250–400,30–50,400–600,"Cotton, Soybean, Sunflower, Jowar, Wheat","Superphosphate, Organic Manure, Compost, Urea, Biofertilizer","cotton, soybean","Wheat, Gram, Jowar, Mustard, Barley",Winter,28.07,44,haze,250.0,400.0,30.0,50.0,400.0,600.0,7.0,8.5
train,Black soil,C:\Users\Pranjal Yallurkar\OneDrive\Desktop\PROJECT\Final\soil_photos-20251020T144319Z-1-001\soil_photos\train\Black Soil\Copy of images396.jpg,Reddish,7.0–8.5,25–38,50–70,250–400,30–50,400–600,"Cotton, Soybean, Sunflower, Jowar, Wheat","Superphosphate, Organic Manure, Compost, Urea, Biofertilizer","cotton, soybean","Wheat, Gram, Jowar, Mustard, Barley",Winter,28.07,44,haze,250.0,400.0,30.0,50.0,400.0,600.0,7.0,8.5
train,Black soil,C:\Users\Pranjal Yallurkar\OneDrive\Desktop\PROJECT\Final\soil_photos-20251020T144319Z-1-001\soil_photos\train\Black Soil\Copy of images397(1).jpg,Reddish,7.0–8.5,25–38,50–70,250–400,30–50,400–600,"Cotton, Soybean, Sunflower, Jowar, Wheat","Superphosphate, Organic Manure, Compost, Urea, Biofertilizer","cotton, soybean","Wheat, Gram, Jowar, Mustard, Barley",Winter,28.07,44,haze,250.0,400.0,30.0,50.0,400.0,600.0,7.0,8.5
train,Black soil,C:\Users\Pranjal Yallurkar\OneDrive\Desktop\PROJECT\Final\soil_photos-20251020T144319Z-1-001\soil_photos\train\Black Soil\Copy of images397.jpg,Reddish,7.0–8.5,25–38,50–70,250–400,30–50,400–600,"Cotton, Soybean, Sunflower, Jowar, Wheat","Superphosphate, Organic Manure, Compost, Urea, Biofertilizer","cotton, soybean","Wheat, Gram, Jowar, Mustard, Barley",Winter,28.07,44,haze,250.0,400.0,30.0,50.0,400.0,600.0,7.0,8.5
train,Black soil,C:\Users\Pranjal Yallurkar\OneDrive\Desktop\PROJECT\Final\soil_photos-20251020T144319Z-1-001\soil_photos\train\Black Soil\Copy of images398(1).jpg,Reddish,7.0–8.5,25–38,50–70,250–400,30–50,400–600,"Cotton, Soybean, Sunflower, Jowar, Wheat","Superphosphate, Organic Manure, Compost, Urea, Biofertilizer","cotton, soybean","Wheat, Gram, Jowar, Mustard, Barley",Winter,28.07,44,haze,250.0,400.0,30.0,50.0,400.0,600.0,7.0,8.5
train,Black soil,C:\Users\Pranjal Yallurkar\OneDrive\Desktop\PROJECT\Final\soil_photos-20251020T144319Z-1-001\soil_photos\train\Black Soil\Copy of images398.jpg,Reddish,7.0–8.5,25–38,50–70,250–400,30–50,400–600,"Cotton, Soybean, Sunflower, Jowar, Wheat","Superphosphate, Organic Manure, Compost, Urea, Biofertilizer","cotton, soybean","Wheat, Gram, Jowar, Mustard, Barley",Winter,28.07,44,haze,250.0,400.0,30.0,50.0,400.0,600.0,7.0,8.5
train,Black soil,C:\Users\Pranjal Yallurkar\OneDrive\Desktop\PROJECT\Final\soil_photos-20251020T144319Z-1-001\soil_photos\train\Black Soil\Copy of images399.jpg,Reddish,7.0–8.5,25–38,50–70,250–400,30–50,400–600,"Cotton, Soybean, Sunflower, Jowar, Wheat","Superphosphate, Organic Manure, Compost, Urea, Biofertilizer","cotton, soybean","Wheat, Gram, Jowar, Mustard, Barley",Winter,28.07,44,haze,250.0,400.0,30.0,50.0,400.0,600.0,7.0,8.5
train,Black soil,C:\Users\Pranjal Yallurkar\OneDrive\Desktop\PROJECT\Final\soil_photos-20251020T144319Z-1-001\soil_photos\train\Black Soil\Copy of images400.jpg,Reddish,7.0–8.5,25–38,50–70,250–400,30–50,400–600,"Cotton, Soybean, Sunflower, Jowar, Wheat","Superphosphate, Organic Manure, Compost, Urea, Biofertilizer","cotton, soybean","Wheat, Gram, Jowar, Mustard, Barley",Winter,28.07,44,haze,250.0,400.0,30.0,50.0,400.0,600.0,7.0,8.5
train,Black soil,C:\Users\Pranjal Yallurkar\OneDrive\Desktop\PROJECT\Final\soil_photos-20251020T144319Z-1-001\soil_photos\train\Black Soil\Copy of images401.jpg,Reddish,7.0–8.5,25–38,50–70,250–400,30–50,400–600,"Cotton, Soybean, Sunflower, Jowar, Wheat","Superphosphate, Organic Manure, Compost, Urea, Biofertilizer","cotton, soybean","Wheat, Gram, Jowar, Mustard, Barley",Winter,28.07,44,haze,250.0,400.0,30.0,50.0,400.0,600.0,7.0,8.5
train,Black soil,C:\Users\Pranjal Yallurkar\OneDrive\Desktop\PROJECT\Final\soil_photos-20251020T144319Z-1-001\soil_photos\train\Black Soil\Copy of images403.jpg,Reddish,7.0–8.5,25–38,50–70,250–400,30–50,400–600,"Cotton, Soybean, Sunflower, Jowar, Wheat","Superphosphate, Organic Manure, Compost, Urea, Biofertilizer","cotton, soybean","Wheat, Gram, Jowar, Mustard, Barley",Winter,28.07,44,haze,250.0,400.0,30.0,50.0,400.0,600.0,7.0,8.5
train,Black soil,C:\Users\Pranjal Yallurkar\OneDrive\Desktop\PROJECT\Final\soil_photos-20251020T144319Z-1-001\soil_photos\train\Black Soil\Copy of images404.jpg,Reddish,7.0–8.5,25–38,50–70,250–400,30–50,400–600,"Cotton, Soybean, Sunflower, Jowar, Wheat","Superphosphate, Organic Manure, Compost, Urea, Biofertilizer","cotton, soybean","Wheat, Gram, Jowar, Mustard, Barley",Winter,28.07,44,haze,250.0,400.0,30.0,50.0,400.0,600.0,7.0,8.5
train,Black soil,C:\Users\Pranjal Yallurkar\OneDrive\Desktop\PROJECT\Final\soil_photos-20251020T144319Z-1-001\soil_photos\train\Black Soil\Copy of images405(1).jpg,Reddish,7.0–8.5,25–38,50–70,250–400,30–50,400–600,"Cotton, Soybean, Sunflower, Jowar, Wheat","Superphosphate, Organic Manure, Compost, Urea, Biofertilizer","cotton, soybean","Wheat, Gram, Jowar, Mustard, Barley",Winter,28.07,44,haze,250.0,400.0,30.0,50.0,400.0,600.0,7.0,8.5
train,Black soil,C:\Users\Pranjal Yallurkar\OneDrive\Desktop\PROJECT\Final\soil_photos-20251020T144319Z-1-001\soil_photos\train\Black Soil\Copy of images405.jpg,Reddish,7.0–8.5,25–38,50–70,250–400,30–50,400–600,"Cotton, Soybean, Sunflower, Jowar, Wheat","Superphosphate, Organic Manure, Compost, Urea, Biofertilizer","cotton, soybean","Wheat, Gram, Jowar, Mustard, Barley",Winter,28.07,44,haze,250.0,400.0,30.0,50.0,400.0,600.0,7.0,8.5
train,Black soil,C:\Users\Pranjal Yallurkar\OneDrive\Desktop\PROJECT\Final\soil_photos-20251020T144319Z-1-001\soil_photos\train\Black Soil\Copy of images406(1).jpg,Reddish,7.0–8.5,25–38,50–70,250–400,30–50,400–600,"Cotton, Soybean, Sunflower, Jowar, Wheat","Superphosphate, Organic Manure, Compost, Urea, Biofertilizer","cotton, soybean","Wheat, Gram, Jowar, Mustard, Barley",Winter,28.07,44,haze,250.0,400.0,30.0,50.0,400.0,600.0,7.0,8.5
train,Black soil,C:\Users\Pranjal Yallurkar\OneDrive\Desktop\PROJECT\Final\soil_photos-20251020T144319Z-1-001\soil_photos\train\Black Soil\Copy of images406.jpg,Reddish,7.0–8.5,25–38,50–70,250–400,30–50,400–600,"Cotton, Soybean, Sunflower, Jowar, Wheat","Superphosphate, Organic Manure, Compost, Urea, Biofertilizer","cotton, soybean","Wheat, Gram, Jowar, Mustard, Barley",Winter,28.07,44,haze,250.0,400.0,30.0,50.0,400.0,600.0,7.0,8.5
train,Black soil,C:\Users\Pranjal Yallurkar\OneDrive\Desktop\PROJECT\Final\soil_photos-20251020T144319Z-1-001\soil_photos\train\Black Soil\Copy of images408(1).jpg,Reddish,7.0–8.5,25–38,50–70,250–400,30–50,400–600,"Cotton, Soybean, Sunflower, Jowar, Wheat","Superphosphate, Organic Manure, Compost, Urea, Biofertilizer","cotton, soybean","Wheat, Gram, Jowar, Mustard, Barley",Winter,28.07,44,haze,250.0,400.0,30.0,50.0,400.0,600.0,7.0,8.5
train,Black soil,C:\Users\Pranjal Yallurkar\OneDrive\Desktop\PROJECT\Final\soil_photos-20251020T144319Z-1-001\soil_photos\train\Black Soil\Copy of images408.jpg,Reddish,7.0–8.5,25–38,50–70,250–400,30–50,400–600,"Cotton, Soybean, Sunflower, Jowar, Wheat","Superphosphate, Organic Manure, Compost, Urea, Biofertilizer","cotton, soybean","Wheat, Gram, Jowar, Mustard, Barley",Winter,28.07,44,haze,250.0,400.0,30.0,50.0,400.0,600.0,7.0,8.5
train,Black soil,C:\Users\Pranjal Yallurkar\OneDrive\Desktop\PROJECT\Final\soil_photos-20251020T144319Z-1-001\soil_photos\train\Black Soil\Copy of images409(1).jpg,Reddish,7.0–8.5,25–38,50–70,250–400,30–50,400–600,"Cotton, Soybean, Sunflower, Jowar, Wheat","Superphosphate, Organic Manure, Compost, Urea, Biofertilizer","cotton, soybean","Wheat, Gram, Jowar, Mustard, Barley",Winter,28.07,44,haze,250.0,400.0,30.0,50.0,400.0,600.0,7.0,8.5
train,Black soil,C:\Users\Pranjal Yallurkar\OneDrive\Desktop\PROJECT\Final\soil_photos-20251020T144319Z-1-001\soil_photos\train\Black Soil\Copy of images409.jpg,Reddish,7.0–8.5,25–38,50–70,250–400,30–50,400–600,"Cotton, Soybean, Sunflower, Jowar, Wheat","Superphosphate, Organic Manure, Compost, Urea, Biofertilizer","cotton, soybean","Wheat, Gram, Jowar, Mustard, Barley",Winter,28.07,44,haze,250.0,400.0,30.0,50.0,400.0,600.0,7.0,8.5
train,Black soil,C:\Users\Pranjal Yallurkar\OneDrive\Desktop\PROJECT\Final\soil_photos-20251020T144319Z-1-001\soil_photos\train\Black Soil\Copy of images410(1).jpg,Reddish,7.0–8.5,25–38,50–70,250–400,30–50,400–600,"Cotton, Soybean, Sunflower, Jowar, Wheat","Superphosphate, Organic Manure, Compost, Urea, Biofertilizer","cotton, soybean","Wheat, Gram, Jowar, Mustard, Barley",Winter,28.07,44,haze,250.0,400.0,30.0,50.0,400.0,600.0,7.0,8.5
train,Black soil,C:\Users\Pranjal Yallurkar\OneDrive\Desktop\PROJECT\Final\soil_photos-20251020T144319Z-1-001\soil_photos\train\Black Soil\Copy of images410.jpg,Reddish,7.0–8.5,25–38,50–70,250–400,30–50,400–600,"Cotton, Soybean, Sunflower, Jowar, Wheat","Superphosphate, Organic Manure, Compost, Urea, Biofertilizer","cotton, soybean","Wheat, Gram, Jowar, Mustard, Barley",Winter,28.07,44,haze,250.0,400.0,30.0,50.0,400.0,600.0,7.0,8.5
train,Black soil,C:\Users\Pranjal Yallurkar\OneDrive\Desktop\PROJECT\Final\soil_photos-20251020T144319Z-1-001\soil_photos\train\Black Soil\Copy of images413(1).jpg,Reddish,7.0–8.5,25–38,50–70,250–400,30–50,400–600,"Cotton, Soybean, Sunflower, Jowar, Wheat","Superphosphate, Organic Manure, Compost, Urea, Biofertilizer","cotton, soybean","Wheat, Gram, Jowar, Mustard, Barley",Winter,28.07,44,haze,250.0,400.0,30.0,50.0,400.0,600.0,7.0,8.5
train,Black soil,C:\Users\Pranjal Yallurkar\OneDrive\Desktop\PROJECT\Final\soil_photos-20251020T144319Z-1-001\soil_photos\train\Black Soil\Copy of images413.jpg,Reddish,7.0–8.5,25–38,50–70,250–400,30–50,400–600,"Cotton, Soybean, Sunflower, Jowar, Wheat","Superphosphate, Organic Manure, Compost, Urea, Biofertilizer","cotton, soybean","Wheat, Gram, Jowar, Mustard, Barley",Winter,28.07,44,haze,250.0,400.0,30.0,50.0,400.0,600.0,7.0,8.5
train,Black soil,C:\Users\Pranjal Yallurkar\OneDrive\Desktop\PROJECT\Final\soil_photos-20251020T144319Z-1-001\soil_photos\train\Black Soil\Copy of images414(1).jpg,Reddish,7.0–8.5,25–38,50–70,250–400,30–50,400–600,"Cotton, Soybean, Sunflower, Jowar, Wheat","Superphosphate, Organic Manure, Compost, Urea, Biofertilizer","cotton, soybean","Wheat, Gram, Jowar, Mustard, Barley",Winter,28.07,44,haze,250.0,400.0,30.0,50.0,400.0,600.0,7.0,8.5
train,Black soil,C:\Users\Pranjal Yallurkar\OneDrive\Desktop\PROJECT\Final\soil_photos-20251020T144319Z-1-001\soil_photos\train\Black Soil\Copy of images414.jpg,Reddish,7.0–8.5,25–38,50–70,250–400,30–50,400–600,"Cotton, Soybean, Sunflower, Jowar, Wheat","Superphosphate, Organic Manure, Compost, Urea, Biofertilizer","cotton, soybean","Wheat, Gram, Jowar, Mustard, Barley",Winter,28.07,44,haze,250.0,400.0,30.0,50.0,400.0,600.0,7.0,8.5
train,Black soil,C:\Users\Pranjal Yallurkar\OneDrive\Desktop\PROJECT\Final\soil_photos-20251020T144319Z-1-001\soil_photos\train\Black Soil\Copy of images415(1).jpg,Reddish,7.0–8.5,25–38,50–70,250–400,30–50,400–600,"Cotton, Soybean, Sunflower, Jowar, Wheat","Superphosphate, Organic Manure, Compost, Urea, Biofertilizer","cotton, soybean","Wheat, Gram, Jowar, Mustard, Barley",Winter,28.07,44,haze,250.0,400.0,30.0,50.0,400.0,600.0,7.0,8.5
train,Black soil,C:\Users\Pranjal Yallurkar\OneDrive\Desktop\PROJECT\Final\soil_photos-20251020T144319Z-1-001\soil_photos\train\Black Soil\Copy of images415.jpg,Reddish,7.0–8.5,25–38,50–70,250–400,30–50,400–600,"Cotton, Soybean, Sunflower, Jowar, Wheat","Superphosphate, Organic Manure, Compost, Urea, Biofertilizer","cotton, soybean","Wheat, Gram, Jowar, Mustard, Barley",Winter,28.07,44,haze,250.0,400.0,30.0,50.0,400.0,600.0,7.0,8.5
train,Black soil,C:\Users\Pranjal Yallurkar\OneDrive\Desktop\PROJECT\Final\soil_photos-20251020T144319Z-1-001\soil_photos\train\Black Soil\Copy of images416(1).jpg,Reddish,7.0–8.5,25–38,50–70,250–400,30–50,400–600,"Cotton, Soybean, Sunflower, Jowar, Wheat","Superphosphate, Organic Manure, Compost, Urea, Biofertilizer","cotton, soybean","Wheat, Gram, Jowar, Mustard, Barley",Winter,28.07,44,haze,250.0,400.0,30.0,50.0,400.0,600.0,7.0,8.5
train,Black soil,C:\Users\Pranjal Yallurkar\OneDrive\Desktop\PROJECT\Final\soil_photos-20251020T144319Z-1-001\soil_photos\train\Black Soil\Copy of images416.jpg,Reddish,7.0–8.5,25–38,50–70,250–400,30–50,400–600,"Cotton, Soybean, Sunflower, Jowar, Wheat","Superphosphate, Organic Manure, Compost, Urea, Biofertilizer","cotton, soybean","Wheat, Gram, Jowar, Mustard, Barley",Winter,28.07,44,haze,250.0,400.0,30.0,50.0,400.0,600.0,7.0,8.5
train,Black soil,C:\Users\Pranjal Yallurkar\OneDrive\Desktop\PROJECT\Final\soil_photos-20251020T144319Z-1-001\soil_photos\train\Black Soil\Copy of images417(1).jpg,Reddish,7.0–8.5,25–38,50–70,250–400,30–50,400–600,"Cotton, Soybean, Sunflower, Jowar, Wheat","Superphosphate, Organic Manure, Compost, Urea, Biofertilizer","cotton, soybean","Wheat, Gram, Jowar, Mustard, Barley",Winter,28.07,44,haze,250.0,400.0,30.0,50.0,400.0,600.0,7.0,8.5
train,Black soil,C:\Users\Pranjal Yallurkar\OneDrive\Desktop\PROJECT\Final\soil_photos-20251020T144319Z-1-001\soil_photos\train\Black Soil\Copy of images417.jpg,Reddish,7.0–8.5,25–38,50–70,250–400,30–50,400–600,"Cotton, Soybean, Sunflower, Jowar, Wheat","Superphosphate, Organic Manure, Compost, Urea, Biofertilizer","cotton, soybean","Wheat, Gram, Jowar, Mustard, Barley",Winter,28.07,44,haze,250.0,400.0,30.0,50.0,400.0,600.0,7.0,8.5
train,Black soil,C:\Users\Pranjal Yallurkar\OneDrive\Desktop\PROJECT\Final\soil_photos-20251020T144319Z-1-001\soil_photos\train\Black Soil\Copy of images418(1).jpg,Reddish,7.0–8.5,25–38,50–70,250–400,30–50,400–600,"Cotton, Soybean, Sunflower, Jowar, Wheat","Superphosphate, Organic Manure, Compost, Urea, Biofertilizer","cotton, soybean","Wheat, Gram, Jowar, Mustard, Barley",Winter,28.07,44,haze,250.0,400.0,30.0,50.0,400.0,600.0,7.0,8.5
train,Black soil,C:\Users\Pranjal Yallurkar\OneDrive\Desktop\PROJECT\Final\soil_photos-20251020T144319Z-1-001\soil_photos\train\Black Soil\Copy of images418.jpg,Reddish,7.0–8.5,25–38,50–70,250–400,30–50,400–600,"Cotton, Soybean, Sunflower, Jowar, Wheat","Superphosphate, Organic Manure, Compost, Urea, Biofertilizer","cotton, soybean","Wheat, Gram, Jowar, Mustard, Barley",Winter,28.07,44,haze,250.0,400.0,30.0,50.0,400.0,600.0,7.0,8.5
train,Black soil,C:\Users\Pranjal Yallurkar\OneDrive\Desktop\PROJECT\Final\soil_photos-20251020T144319Z-1-001\soil_photos\train\Black Soil\Copy of images419(1).jpg,Reddish,7.0–8.5,25–38,50–70,250–400,30–50,400–600,"Cotton, Soybean, Sunflower, Jowar, Wheat","Superphosphate, Organic Manure, Compost, Urea, Biofertilizer","cotton, soybean","Wheat, Gram, Jowar, Mustard, Barley",Winter,28.07,44,haze,250.0,400.0,30.0,50.0,400.0,600.0,7.0,8.5
train,Black soil,C:\Users\Pranjal Yallurkar\OneDrive\Desktop\PROJECT\Final\soil_photos-20251020T144319Z-1-001\soil_photos\train\Black Soil\Copy of images419.jpg,Reddish,7.0–8.5,25–38,50–70,250–400,30–50,400–600,"Cotton, Soybean, Sunflower, Jowar, Wheat","Superphosphate, Organic Manure, Compost, Urea, Biofertilizer","cotton, soybean","Wheat, Gram, Jowar, Mustard, Barley",Winter,28.07,44,haze,250.0,400.0,30.0,50.0,400.0,600.0,7.0,8.5
train,Black soil,C:\Users\Pranjal Yallurkar\OneDrive\Desktop\PROJECT\Final\soil_photos-20251020T144319Z-1-001\soil_photos\train\Black Soil\Copy of images420(1).jpg,Reddish,7.0–8.5,25–38,50–70,250–400,30–50,400–600,"Cotton, Soybean, Sunflower, Jowar, Wheat","Superphosphate, Organic Manure, Compost, Urea, Biofertilizer","cotton, soybean","Wheat, Gram, Jowar, Mustard, Barley",Winter,28.07,44,haze,250.0,400.0,30.0,50.0,400.0,600.0,7.0,8.5
train,Black soil,C:\Users\Pranjal Yallurkar\OneDrive\Desktop\PROJECT\Final\soil_photos-20251020T144319Z-1-001\soil_photos\train\Black Soil\Copy of images420.jpg,Reddish,7.0–8.5,25–38,50–70,250–400,30–50,400–600,"Cotton, Soybean, Sunflower, Jowar, Wheat","Superphosphate, Organic Manure, Compost, Urea, Biofertilizer","cotton, soybean","Wheat, Gram, Jowar, Mustard, Barley",Winter,28.07,44,haze,250.0,400.0,30.0,50.0,400.0,600.0,7.0,8.5
train,Black soil,C:\Users\Pranjal Yallurkar\OneDrive\Desktop\PROJECT\Final\soil_photos-20251020T144319Z-1-001\soil_photos\train\Black Soil\Copy of images421(1).jpg,Reddish,7.0–8.5,25–38,50–70,250–400,30–50,400–600,"Cotton, Soybean, Sunflower, Jowar, Wheat","Superphosphate, Organic Manure, Compost, Urea, Biofertilizer","cotton, soybean","Wheat, Gram, Jowar, Mustard, Barley",Winter,28.07,44,haze,250.0,400.0,30.0,50.0,400.0,600.0,7.0,8.5
train,Black soil,C:\Users\Pranjal Yallurkar\OneDrive\Desktop\PROJECT\Final\soil_photos-20251020T144319Z-1-001\soil_photos\train\Black Soil\Copy of images421.jpg,Reddish,7.0–8.5,25–38,50–70,250–400,30–50,400–600,"Cotton, Soybean, Sunflower, Jowar, Wheat","Superphosphate, Organic Manure, Compost, Urea, Biofertilizer","cotton, soybean","Wheat, Gram, Jowar, Mustard, Barley",Winter,28.07,44,haze,250.0,400.0,30.0,50.0,400.0,600.0,7.0,8.5
train,Black soil,C:\Users\Pranjal Yallurkar\OneDrive\Desktop\PROJECT\Final\soil_photos-20251020T144319Z-1-001\soil_photos\train\Black Soil\Copy of images422(1).jpg,Reddish,7.0–8.5,25–38,50–70,250–400,30–50,400–600,"Cotton, Soybean, Sunflower, Jowar, Wheat","Superphosphate, Organic Manure, Compost, Urea, Biofertilizer","cotton, soybean","Wheat, Gram, Jowar, Mustard, Barley",Winter,28.07,44,haze,250.0,400.0,30.0,50.0,400.0,600.0,7.0,8.5
train,Black soil,C:\Users\Pranjal Yallurkar\OneDrive\Desktop\PROJECT\Final\soil_photos-20251020T144319Z-1-001\soil_photos\train\Black Soil\Copy of images422.jpg,Reddish,7.0–8.5,25–38,50–70,250–400,30–50,400–600,"Cotton, Soybean, Sunflower, Jowar, Wheat","Superphosphate, Organic Manure, Compost, Urea, Biofertilizer","cotton, soybean","Wheat, Gram, Jowar, Mustard, Barley",Winter,28.07,44,haze,250.0,400.0,30.0,50.0,400.0,600.0,7.0,8.5
train,Black soil,C:\Users\Pranjal Yallurkar\OneDrive\Desktop\PROJECT\Final\soil_photos-20251020T144319Z-1-001\soil_photos\train\Black Soil\Copy of images423(1).jpg,Reddish,7.0–8.5,25–38,50–70,250–400,30–50,400–600,"Cotton, Soybean, Sunflower, Jowar, Wheat","Superphosphate, Organic Manure, Compost, Urea, Biofertilizer","cotton, soybean","Wheat, Gram, Jowar, Mustard, Barley",Winter,28.07,44,haze,250.0,400.0,30.0,50.0,400.0,600.0,7.0,8.5
train,Black soil,C:\Users\Pranjal Yallurkar\OneDrive\Desktop\PROJECT\Final\soil_photos-20251020T144319Z-1-001\soil_photos\train\Black Soil\Copy of images423.jpg,Reddish,7.0–8.5,25–38,50–70,250–400,30–50,400–600,"Cotton, Soybean, Sunflower, Jowar, Wheat","Superphosphate, Organic Manure, Compost, Urea, Biofertilizer","cotton, soybean","Wheat, Gram, Jowar, Mustard, Barley",Winter,28.07,44,haze,250.0,400.0,30.0,50.0,400.0,600.0,7.0,8.5
train,Black soil,C:\Users\Pranjal Yallurkar\OneDrive\Desktop\PROJECT\Final\soil_photos-20251020T144319Z-1-001\soil_photos\train\Black Soil\Copy of images424(1).jpg,Reddish,7.0–8.5,25–38,50–70,250–400,30–50,400–600,"Cotton, Soybean, Sunflower, Jowar, Wheat","Superphosphate, Organic Manure, Compost, Urea, Biofertilizer","cotton, soybean","Wheat, Gram, Jowar, Mustard, Barley",Winter,28.07,44,haze,250.0,400.0,30.0,50.0,400.0,600.0,7.0,8.5
train,Black soil,C:\Users\Pranjal Yallurkar\OneDrive\Desktop\PROJECT\Final\soil_photos-20251020T144319Z-1-001\soil_photos\train\Black Soil\Copy of images424.jpg,Reddish,7.0–8.5,25–38,50–70,250–400,30–50,400–600,"Cotton, Soybean, Sunflower, Jowar, Wheat","Superphosphate, Organic Manure, Compost, Urea, Biofertilizer","cotton, soybean","Wheat, Gram, Jowar, Mustard, Barley",Winter,28.07,44,haze,250.0,400.0,30.0,50.0,400.0,600.0,7.0,8.5
train,Black soil,C:\Users\Pranjal Yallurkar\OneDrive\Desktop\PROJECT\Final\soil_photos-20251020T144319Z-1-001\soil_photos\train\Black Soil\Copy of images425(1).jpg,Reddish,7.0–8.5,25–38,50–70,250–400,30–50,400–600,"Cotton, Soybean, Sunflower, Jowar, Wheat","Superphosphate, Organic Manure, Compost, Urea, Biofertilizer","cotton, soybean","Wheat, Gram, Jowar, Mustard, Barley",Winter,28.07,44,haze,250.0,400.0,30.0,50.0,400.0,600.0,7.0,8.5
train,Black soil,C:\Users\Pranjal Yallurkar\OneDrive\Desktop\PROJECT\Final\soil_photos-20251020T144319Z-1-001\soil_photos\train\Black Soil\Copy of images425.jpg,Reddish,7.0–8.5,25–38,50–70,250–400,30–50,400–600,"Cotton, Soybean, Sunflower, Jowar, Wheat","Superphosphate, Organic Manure, Compost, Urea, Biofertilizer","cotton, soybean","Wheat, Gram, Jowar, Mustard, Barley",Winter,28.07,44,haze,250.0,400.0,30.0,50.0,400.0,600.0,7.0,8.5
train,Black soil,C:\Users\Pranjal Yallurkar\OneDrive\Desktop\PROJECT\Final\soil_photos-20251020T144319Z-1-001\soil_photos\train\Black Soil\Copy of images427(1).jpg,Reddish,7.0–8.5,25–38,50–70,250–400,30–50,400–600,"Cotton, Soybean, Sunflower, Jowar, Wheat","Superphosphate, Organic Manure, Compost, Urea, Biofertilizer","cotton, soybean","Wheat, Gram, Jowar, Mustard, Barley",Winter,28.07,44,haze,250.0,400.0,30.0,50.0,400.0,600.0,7.0,8.5
train,Black soil,C:\Users\Pranjal Yallurkar\OneDrive\Desktop\PROJECT\Final\soil_photos-20251020T144319Z-1-001\soil_photos\train\Black Soil\Copy of images427.jpg,Reddish,7.0–8.5,25–38,50–70,250–400,30–50,400–600,"Cotton, Soybean, Sunflower, Jowar, Wheat","Superphosphate, Organic Manure, Compost, Urea, Biofertilizer","cotton, soybean","Wheat, Gram, Jowar, Mustard, Barley",Winter,28.07,44,haze,250.0,400.0,30.0,50.0,400.0,600.0,7.0,8.5
train,Black soil,C:\Users\Pranjal Yallurkar\OneDrive\Desktop\PROJECT\Final\soil_photos-20251020T144319Z-1-001\soil_photos\train\Black Soil\Copy of images428(1).jpg,Reddish,7.0–8.5,25–38,50–70,250–400,30–50,400–600,"Cotton, Soybean, Sunflower, Jowar, Wheat","Superphosphate, Organic Manure, Compost, Urea, Biofertilizer","cotton, soybean","Wheat, Gram, Jowar, Mustard, Barley",Winter,28.07,44,haze,250.0,400.0,30.0,50.0,400.0,600.0,7.0,8.5
train,Black soil,C:\Users\Pranjal Yallurkar\OneDrive\Desktop\PROJECT\Final\soil_photos-20251020T144319Z-1-001\soil_photos\train\Black Soil\Copy of images428.jpg,Reddish,7.0–8.5,25–38,50–70,250–400,30–50,400–600,"Cotton, Soybean, Sunflower, Jowar, Wheat","Superphosphate, Organic Manure, Compost, Urea, Biofertilizer","cotton, soybean","Wheat, Gram, Jowar, Mustard, Barley",Winter,28.07,44,haze,250.0,400.0,30.0,50.0,400.0,600.0,7.0,8.5
train,Black soil,C:\Users\Pranjal Yallurkar\OneDrive\Desktop\PROJECT\Final\soil_photos-20251020T144319Z-1-001\soil_photos\train\Black Soil\Copy of images429(1).jpg,Reddish,7.0–8.5,25–38,50–70,250–400,30–50,400–600,"Cotton, Soybean, Sunflower, Jowar, Wheat","Superphosphate, Organic Manure, Compost, Urea, Biofertilizer","cotton, soybean","Wheat, Gram, Jowar, Mustard, Barley",Winter,28.07,44,haze,250.0,400.0,30.0,50.0,400.0,600.0,7.0,8.5
train,Black soil,C:\Users\Pranjal Yallurkar\OneDrive\Desktop\PROJECT\Final\soil_photos-20251020T144319Z-1-001\soil_photos\train\Black Soil\Copy of images429.jpg,Reddish,7.0–8.5,25–38,50–70,250–400,30–50,400–600,"Cotton, Soybean, Sunflower, Jowar, Wheat","Superphosphate, Organic Manure, Compost, Urea, Biofertilizer","cotton, soybean","Wheat, Gram, Jowar, Mustard, Barley",Winter,28.07,44,haze,250.0,400.0,30.0,50.0,400.0,600.0,7.0,8.5
train,Black soil,C:\Users\Pranjal Yallurkar\OneDrive\Desktop\PROJECT\Final\soil_photos-20251020T144319Z-1-001\soil_photos\train\Black Soil\Copy of images430.jpg,Reddish,7.0–8.5,25–38,50–70,250–400,30–50,400–600,"Cotton, Soybean, Sunflower, Jowar, Wheat","Superphosphate, Organic Manure, Compost, Urea, Biofertilizer","cotton, soybean","Wheat, Gram, Jowar, Mustard, Barley",Winter,28.07,44,haze,250.0,400.0,30.0,50.0,400.0,600.0,7.0,8.5
train,Black soil,C:\Users\Pranjal Yallurkar\OneDrive\Desktop\PROJECT\Final\soil_photos-20251020T144319Z-1-001\soil_photos\train\Black Soil\Copy of images431(1).jpg,Reddish,7.0–8.5,25–38,50–70,250–400,30–50,400–600,"Cotton, Soybean, Sunflower, Jowar, Wheat","Superphosphate, Organic Manure, Compost, Urea, Biofertilizer","cotton, soybean","Wheat, Gram, Jowar, Mustard, Barley",Winter,28.07,44,haze,250.0,400.0,30.0,50.0,400.0,600.0,7.0,8.5
train,Black soil,C:\Users\Pranjal Yallurkar\OneDrive\Desktop\PROJECT\Final\soil_photos-20251020T144319Z-1-001\soil_photos\train\Black Soil\Copy of images431.jpg,Reddish,7.0–8.5,25–38,50–70,250–400,30–50,400–600,"Cotton, Soybean, Sunflower, Jowar, Wheat","Superphosphate, Organic Manure, Compost, Urea, Biofertilizer","cotton, soybean","Wheat, Gram, Jowar, Mustard, Barley",Winter,28.07,44,haze,250.0,400.0,30.0,50.0,400.0,600.0,7.0,8.5
train,Black soil,C:\Users\Pranjal Yallurkar\OneDrive\Desktop\PROJECT\Final\soil_photos-20251020T144319Z-1-001\soil_photos\train\Black Soil\Copy of images432(1).jpg,Reddish,7.0–8.5,25–38,50–70,250–400,30–50,400–600,"Cotton, Soybean, Sunflower, Jowar, Wheat","Superphosphate, Organic Manure, Compost, Urea, Biofertilizer","cotton, soybean","Wheat, Gram, Jowar, Mustard, Barley",Winter,28.07,44,haze,250.0,400.0,30.0,50.0,400.0,600.0,7.0,8.5
train,Black soil,C:\Users\Pranjal Yallurkar\OneDrive\Desktop\PROJECT\Final\soil_photos-20251020T144319Z-1-001\soil_photos\train\Black Soil\Copy of images432.jpg,Reddish,7.0–8.5,25–38,50–70,250–400,30–50,400–600,"Cotton, Soybean, Sunflower, Jowar, Wheat","Superphosphate, Organic Manure, Compost, Urea, Biofertilizer","cotton, soybean","Wheat, Gram, Jowar, Mustard, Barley",Winter,28.07,44,haze,250.0,400.0,30.0,50.0,400.0,600.0,7.0,8.5
train,Black soil,C:\Users\Pranjal Yallurkar\OneDrive\Desktop\PROJECT\Final\soil_photos-20251020T144319Z-1-001\soil_photos\train\Black Soil\Copy of images433.jpg,Reddish,7.0–8.5,25–38,50–70,250–400,30–50,400–600,"Cotton, Soybean, Sunflower, Jowar, Wheat","Superphosphate, Organic Manure, Compost, Urea, Biofertilizer","cotton, soybean","Wheat, Gram, Jowar, Mustard, Barley",Winter,28.07,44,haze,250.0,400.0,30.0,50.0,400.0,600.0,7.0,8.5
train,Black soil,C:\Users\Pranjal Yallurkar\OneDrive\Desktop\PROJECT\Final\soil_photos-20251020T144319Z-1-001\soil_photos\train\Black Soil\Copy of images434.jpg,Reddish,7.0–8.5,25–38,50–70,250–400,30–50,400–600,"Cotton, Soybean, Sunflower, Jowar, Wheat","Superphosphate, Organic Manure, Compost, Urea, Biofertilizer","cotton, soybean","Wheat, Gram, Jowar, Mustard, Barley",Winter,28.07,44,haze,250.0,400.0,30.0,50.0,400.0,600.0,7.0,8.5
train,Black soil,C:\Users\Pranjal Yallurkar\OneDrive\Desktop\PROJECT\Final\soil_photos-20251020T144319Z-1-001\soil_photos\train\Black Soil\Copy of images435(1).jpg,Reddish,7.0–8.5,25–38,50–70,250–400,30–50,400–600,"Cotton, Soybean, Sunflower, Jowar, Wheat","Superphosphate, Organic Manure, Compost, Urea, Biofertilizer","cotton, soybean","Wheat, Gram, Jowar, Mustard, Barley",Winter,28.07,44,haze,250.0,400.0,30.0,50.0,400.0,600.0,7.0,8.5
train,Black soil,C:\Users\Pranjal Yallurkar\OneDrive\Desktop\PROJECT\Final\soil_photos-20251020T144319Z-1-001\soil_photos\train\Black Soil\Copy of images435.jpg,Reddish,7.0–8.5,25–38,50–70,250–400,30–50,400–600,"Cotton, Soybean, Sunflower, Jowar, Wheat","Superphosphate, Organic Manure, Compost, Urea, Biofertilizer","cotton, soybean","Wheat, Gram, Jowar, Mustard, Barley",Winter,28.07,44,haze,250.0,400.0,30.0,50.0,400.0,600.0,7.0,8.5
train,Black soil,C:\Users\Pranjal Yallurkar\OneDrive\Desktop\PROJECT\Final\soil_photos-20251020T144319Z-1-001\soil_photos\train\Black Soil\Copy of images436(1).jpg,Reddish,7.0–8.5,25–38,50–70,250–400,30–50,400–600,"Cotton, Soybean, Sunflower, Jowar, Wheat","Superphosphate, Organic Manure, Compost, Urea, Biofertilizer","cotton, soybean","Wheat, Gram, Jowar, Mustard, Barley",Winter,28.07,44,haze,250.0,400.0,30.0,50.0,400.0,600.0,7.0,8.5
train,Black soil,C:\Users\Pranjal Yallurkar\OneDrive\Desktop\PROJECT\Final\soil_photos-20251020T144319Z-1-001\soil_photos\train\Black Soil\Copy of images436.jpg,Reddish,7.0–8.5,25–38,50–70,250–400,30–50,400–600,"Cotton, Soybean, Sunflower, Jowar, Wheat","Superphosphate, Organic Manure, Compost, Urea, Biofertilizer","cotton, soybean","Wheat, Gram, Jowar, Mustard, Barley",Winter,28.07,44,haze,250.0,400.0,30.0,50.0,400.0,600.0,7.0,8.5
train,Black soil,C:\Users\Pranjal Yallurkar\OneDrive\Desktop\PROJECT\Final\soil_photos-20251020T144319Z-1-001\soil_photos\train\Black Soil\Copy of images437(1).jpg,Reddish,7.0–8.5,25–38,50–70,250–400,30–50,400–600,"Cotton, Soybean, Sunflower, Jowar, Wheat","Superphosphate, Organic Manure, Compost, Urea, Biofertilizer","cotton, soybean","Wheat, Gram, Jowar, Mustard, Barley",Winter,28.07,44,haze,250.0,400.0,30.0,50.0,400.0,600.0,7.0,8.5
train,Black soil,C:\Users\Pranjal Yallurkar\OneDrive\Desktop\PROJECT\Final\soil_photos-20251020T144319Z-1-001\soil_photos\train\Black Soil\Copy of images437.jpg,Reddish,7.0–8.5,25–38,50–70,250–400,30–50,400–600,"Cotton, Soybean, Sunflower, Jowar, Wheat","Superphosphate, Organic Manure, Compost, Urea, Biofertilizer","cotton, soybean","Wheat, Gram, Jowar, Mustard, Barley",Winter,28.07,44,haze,250.0,400.0,30.0,50.0,400.0,600.0,7.0,8.5
train,Black soil,C:\Users\Pranjal Yallurkar\OneDrive\Desktop\PROJECT\Final\soil_photos-20251020T144319Z-1-001\soil_photos\train\Black Soil\Copy of indian-soils-6.jpg,Reddish,7.0–8.5,25–38,50–70,250–400,30–50,400–600,"Cotton, Soybean, Sunflower, Jowar, Wheat","Superphosphate, Organic Manure, Compost, Urea, Biofertilizer","cotton, soybean","Wheat, Gram, Jowar, Mustard, Barley",Winter,28.07,44,haze,250.0,400.0,30.0,50.0,400.0,600.0,7.0,8.5
train,Black soil,C:\Users\Pranjal Yallurkar\OneDrive\Desktop\PROJECT\Final\soil_photos-20251020T144319Z-1-001\soil_photos\train\Black Soil\Copy of kalimitti2.jpg,Bluish,7.0–8.5,25–38,50–70,250–400,30–50,400–600,"Cotton, Soybean, Sunflower, Jowar, Wheat","Superphosphate, Organic Manure, Compost, Urea, Ammonium Sulphate","cotton, soybean","Wheat, Gram, Jowar, Mustard, Barley",Winter,28.07,44,haze,250.0,400.0,30.0,50.0,400.0,600.0,7.0,8.5
train,Black soil,C:\Users\Pranjal Yallurkar\OneDrive\Desktop\PROJECT\Final\soil_photos-20251020T144319Z-1-001\soil_photos\train\Black Soil\Copy of Sample4.30.jpg,Reddish,7.0–8.5,25–38,50–70,250–400,30–50,400–600,"Cotton, Soybean, Sunflower, Jowar, Wheat","Superphosphate, Organic Manure, Compost, Urea, Biofertilizer","cotton, soybean","Wheat, Gram, Jowar, Mustard, Barley",Winter,28.07,44,haze,250.0,400.0,30.0,50.0,400.0,600.0,7.0,8.5
train,Black soil,C:\Users\Pranjal Yallurkar\OneDrive\Desktop\PROJECT\Final\soil_photos-20251020T144319Z-1-001\soil_photos\train\Black Soil\Copy of Sample7.0.jpg,Reddish,7.0–8.5,25–38,50–70,250–400,30–50,400–600,"Cotton, Soybean, Sunflower, Jowar, Wheat","Superphosphate, Organic Manure, Compost, Urea, Biofertilizer","cotton, soybean","Wheat, Gram, Jowar, Mustard, Barley",Winter,28.07,44,haze,250.0,400.0,30.0,50.0,400.0,600.0,7.0,8.5
train,Black soil,C:\Users\Pranjal Yallurkar\OneDrive\Desktop\PROJECT\Final\soil_photos-20251020T144319Z-1-001\soil_photos\train\Black Soil\Copy of Sample7.30.jpg,Reddish,7.0–8.5,25–38,50–70,250–400,30–50,400–600,"Cotton, Soybean, Sunflower, Jowar, Wheat","Superphosphate, Organic Manure, Compost, Urea, Biofertilizer","cotton, soybean","Wheat, Gram, Jowar, Mustard, Barley",Winter,28.07,44,haze,250.0,400.0,30.0,50.0,400.0,600.0,7.0,8.5
train,Black soil,C:\Users\Pranjal Yallurkar\OneDrive\Desktop\PROJECT\Final\soil_photos-20251020T144319Z-1-001\soil_photos\train\Black Soil\image27.jpeg,Reddish,7.0–8.5,25–38,50–70,250–400,30–50,400–600,"Cotton, Soybean, Sunflower, Jowar, Wheat","Superphosphate, Organic Manure, Compost, Urea, Biofertilizer","cotton, soybean","Wheat, Gram, Jowar, Mustard, Barley",Winter,28.07,44,haze,250.0,400.0,30.0,50.0,400.0,600.0,7.0,8.5
train,Black soil,C:\Users\Pranjal Yallurkar\OneDrive\Desktop\PROJECT\Final\soil_photos-20251020T144319Z-1-001\soil_photos\train\Black Soil\images258.jpg,Reddish,7.0–8.5,25–38,50–70,250–400,30–50,400–600,"Cotton, Soybean, Sunflower, Jowar, Wheat","Superphosphate, Organic Manure, Compost, Urea, Biofertilizer","cotton, soybean","Wheat, Gram, Jowar, Mustard, Barley",Winter,28.07,44,haze,250.0,400.0,30.0,50.0,400.0,600.0,7.0,8.5
train,Black soil,C:\Users\Pranjal Yallurkar\OneDrive\Desktop\PROJECT\Final\soil_photos-20251020T144319Z-1-001\soil_photos\train\Black Soil\images267.jpg,Reddish,7.0–8.5,25–38,50–70,250–400,30–50,400–600,"Cotton, Soybean, Sunflower, Jowar, Wheat","Superphosphate, Organic Manure, Compost, Urea, Biofertilizer","cotton, soybean","Wheat, Gram, Jowar, Mustard, Barley",Winter,28.07,44,haze,250.0,400.0,30.0,50.0,400.0,600.0,7.0,8.5
train,Black soil,C:\Users\Pranjal Yallurkar\OneDrive\Desktop\PROJECT\Final\soil_photos-20251020T144319Z-1-001\soil_photos\train\Black Soil\images271.jpg,Reddish,7.0–8.5,25–38,50–70,250–400,30–50,400–600,"Cotton, Soybean, Sunflower, Jowar, Wheat","Superphosphate, Organic Manure, Compost, Urea, Biofertilizer","cotton, soybean","Wheat, Gram, Jowar, Mustard, Barley",Winter,28.07,44,haze,250.0,400.0,30.0,50.0,400.0,600.0,7.0,8.5
train,Black soil,C:\Users\Pranjal Yallurkar\OneDrive\Desktop\PROJECT\Final\soil_photos-20251020T144319Z-1-001\soil_photos\train\Black Soil\images274.jpg,Reddish,7.0–8.5,25–38,50–70,250–400,30–50,400–600,"Cotton, Soybean, Sunflower, Jowar, Wheat","Superphosphate, Organic Manure, Compost, Urea, Biofertilizer","cotton, soybean","Wheat, Gram, Jowar, Mustard, Barley",Winter,28.07,44,haze,250.0,400.0,30.0,50.0,400.0,600.0,7.0,8.5
train,Black soil,C:\Users\Pranjal Yallurkar\OneDrive\Desktop\PROJECT\Final\soil_photos-20251020T144319Z-1-001\soil_photos\train\Black Soil\images280.jpg,Reddish,7.0–8.5,25–38,50–70,250–400,30–50,400–600,"Cotton, Soybean, Sunflower, Jowar, Wheat","Superphosphate, Organic Manure, Compost, Urea, Biofertilizer","cotton, soybean","Wheat, Gram, Jowar, Mustard, Barley",Winter,28.07,44,haze,250.0,400.0,30.0,50.0,400.0,600.0,7.0,8.5
train,Black soil,C:\Users\Pranjal Yallurkar\OneDrive\Desktop\PROJECT\Final\soil_photos-20251020T144319Z-1-001\soil_photos\train\Black Soil\images281.jpg,Reddish,7.0–8.5,25–38,50–70,250–400,30–50,400–600,"Cotton, Soybean, Sunflower, Jowar, Wheat","Superphosphate, Organic Manure, Compost, Urea, Biofertilizer","cotton, soybean","Wheat, Gram, Jowar, Mustard, Barley",Winter,28.07,44,haze,250.0,400.0,30.0,50.0,400.0,600.0,7.0,8.5
train,Black soil,C:\Users\Pranjal Yallurkar\OneDrive\Desktop\PROJECT\Final\soil_photos-20251020T144319Z-1-001\soil_photos\train\Black Soil\images284.jpg,Greenish,7.0–8.5,25–38,50–70,250–400,30–50,400–600,"Cotton, Soybean, Sunflower, Jowar, Wheat","DAP, Superphosphate, Organic Manure, Compost, Urea","cotton, soybean","Wheat, Gram, Jowar, Mustard, Barley",Winter,28.07,44,haze,250.0,400.0,30.0,50.0,400.0,600.0,7.0,8.5
train,Black soil,C:\Users\Pranjal Yallurkar\OneDrive\Desktop\PROJECT\Final\soil_photos-20251020T144319Z-1-001\soil_photos\train\Black Soil\images287.jpg,Reddish,7.0–8.5,25–38,50–70,250–400,30–50,400–600,"Cotton, Soybean, Sunflower, Jowar, Wheat","Superphosphate, Organic Manure, Compost, Urea, Biofertilizer","cotton, soybean","Wheat, Gram, Jowar, Mustard, Barley",Winter,28.07,44,haze,250.0,400.0,30.0,50.0,400.0,600.0,7.0,8.5
train,Black soil,C:\Users\Pranjal Yallurkar\OneDrive\Desktop\PROJECT\Final\soil_photos-20251020T144319Z-1-001\soil_photos\train\Black Soil\images298.jpg,Reddish,7.0–8.5,25–38,50–70,250–400,30–50,400–600,"Cotton, Soybean, Sunflower, Jowar, Wheat","Superphosphate, Organic Manure, Compost, Urea, Biofertilizer","cotton, soybean","Wheat, Gram, Jowar, Mustard, Barley",Winter,28.07,44,haze,250.0,400.0,30.0,50.0,400.0,600.0,7.0,8.5
train,Black soil,C:\Users\Pranjal Yallurkar\OneDrive\Desktop\PROJECT\Final\soil_photos-20251020T144319Z-1-001\soil_photos\train\Black Soil\images305.jpg,Reddish,7.0–8.5,25–38,50–70,250–400,30–50,400–600,"Cotton, Soybean, Sunflower, Jowar, Wheat","Superphosphate, Organic Manure, Compost, Urea, Biofertilizer","cotton, soybean","Wheat, Gram, Jowar, Mustard, Barley",Winter,28.07,44,haze,250.0,400.0,30.0,50.0,400.0,600.0,7.0,8.5
train,Black soil,C:\Users\Pranjal Yallurkar\OneDrive\Desktop\PROJECT\Final\soil_photos-20251020T144319Z-1-001\soil_photos\train\Black Soil\images318.jpg,Reddish,7.0–8.5,25–38,50–70,250–400,30–50,400–600,"Cotton, Soybean, Sunflower, Jowar, Wheat","Superphosphate, Organic Manure, Compost, Urea, Biofertilizer","cotton, soybean","Wheat, Gram, Jowar, Mustard, Barley",Winter,28.07,44,haze,250.0,400.0,30.0,50.0,400.0,600.0,7.0,8.5
train,Black soil,C:\Users\Pranjal Yallurkar\OneDrive\Desktop\PROJECT\Final\soil_photos-20251020T144319Z-1-001\soil_photos\train\Black Soil\images337.jpg,Reddish,7.0–8.5,25–38,50–70,250–400,30–50,400–600,"Cotton, Soybean, Sunflower, Jowar, Wheat","Superphosphate, Organic Manure, Compost, Urea, Biofertilizer","cotton, soybean","Wheat, Gram, Jowar, Mustard, Barley",Winter,28.07,44,haze,250.0,400.0,30.0,50.0,400.0,600.0,7.0,8.5
train,Black soil,C:\Users\Pranjal Yallurkar\OneDrive\Desktop\PROJECT\Final\soil_photos-20251020T144319Z-1-001\soil_photos\train\Black Soil\images347.jpg,Reddish,7.0–8.5,25–38,50–70,250–400,30–50,400–600,"Cotton, Soybean, Sunflower, Jowar, Wheat","Superphosphate, Organic Manure, Compost, Urea, Biofertilizer","cotton, soybean","Wheat, Gram, Jowar, Mustard, Barley",Winter,28.07,44,haze,250.0,400.0,30.0,50.0,400.0,600.0,7.0,8.5
train,Black soil,C:\Users\Pranjal Yallurkar\OneDrive\Desktop\PROJECT\Final\soil_photos-20251020T144319Z-1-001\soil_photos\train\Black Soil\images350.jpg,Bluish,7.0–8.5,25–38,50–70,250–400,30–50,400–600,"Cotton, Soybean, Sunflower, Jowar, Wheat","Superphosphate, Organic Manure, Compost, Urea, Ammonium Sulphate","cotton, soybean","Wheat, Gram, Jowar, Mustard, Barley",Winter,28.07,44,haze,250.0,400.0,30.0,50.0,400.0,600.0,7.0,8.5
train,Black soil,C:\Users\Pranjal Yallurkar\OneDrive\Desktop\PROJECT\Final\soil_photos-20251020T144319Z-1-001\soil_photos\train\Black Soil\images359.jpg,Reddish,7.0–8.5,25–38,50–70,250–400,30–50,400–600,"Cotton, Soybean, Sunflower, Jowar, Wheat","Superphosphate, Organic Manure, Compost, Urea, Biofertilizer","cotton, soybean","Wheat, Gram, Jowar, Mustard, Barley",Winter,28.07,44,haze,250.0,400.0,30.0,50.0,400.0,600.0,7.0,8.5
train,Black soil,C:\Users\Pranjal Yallurkar\OneDrive\Desktop\PROJECT\Final\soil_photos-20251020T144319Z-1-001\soil_photos\train\Black Soil\images363.jpg,Reddish,7.0–8.5,25–38,50–70,250–400,30–50,400–600,"Cotton, Soybean, Sunflower, Jowar, Wheat","Superphosphate, Organic Manure, Compost, Urea, Biofertilizer","cotton, soybean","Wheat, Gram, Jowar, Mustard, Barley",Winter,28.07,44,haze,250.0,400.0,30.0,50.0,400.0,600.0,7.0,8.5
train,Black soil,C:\Users\Pranjal Yallurkar\OneDrive\Desktop\PROJECT\Final\soil_photos-20251020T144319Z-1-001\soil_photos\train\Black Soil\images365.jpg,Reddish,7.0–8.5,25–38,50–70,250–400,30–50,400–600,"Cotton, Soybean, Sunflower, Jowar, Wheat","Superphosphate, Organic Manure, Compost, Urea, Biofertilizer","cotton, soybean","Wheat, Gram, Jowar, Mustard, Barley",Winter,28.07,44,haze,250.0,400.0,30.0,50.0,400.0,600.0,7.0,8.5
train,Black soil,C:\Users\Pranjal Yallurkar\OneDrive\Desktop\PROJECT\Final\soil_photos-20251020T144319Z-1-001\soil_photos\train\Black Soil\images371.jpg,Brownish,7.0–8.5,25–38,50–70,250–400,30–50,400–600,"Cotton, Soybean, Sunflower, Jowar, Wheat","Superphosphate, Organic Manure, Compost, NPK, Urea","cotton, soybean","Wheat, Gram, Jowar, Mustard, Barley",Winter,28.07,44,haze,250.0,400.0,30.0,50.0,400.0,600.0,7.0,8.5
train,Black soil,C:\Users\Pranjal Yallurkar\OneDrive\Desktop\PROJECT\Final\soil_photos-20251020T144319Z-1-001\soil_photos\train\Black Soil\images375.jpg,Reddish,7.0–8.5,25–38,50–70,250–400,30–50,400–600,"Cotton, Soybean, Sunflower, Jowar, Wheat","Superphosphate, Organic Manure, Compost, Urea, Biofertilizer","cotton, soybean","Wheat, Gram, Jowar, Mustard, Barley",Winter,28.07,44,haze,250.0,400.0,30.0,50.0,400.0,600.0,7.0,8.5
train,Black soil,C:\Users\Pranjal Yallurkar\OneDrive\Desktop\PROJECT\Final\soil_photos-20251020T144319Z-1-001\soil_photos\train\Black Soil\images386.jpg,Reddish,7.0–8.5,25–38,50–70,250–400,30–50,400–600,"Cotton, Soybean, Sunflower, Jowar, Wheat","Superphosphate, Organic Manure, Compost, Urea, Biofertilizer","cotton, soybean","Wheat, Gram, Jowar, Mustard, Barley",Winter,28.07,44,haze,250.0,400.0,30.0,50.0,400.0,600.0,7.0,8.5
train,Black soil,C:\Users\Pranjal Yallurkar\OneDrive\Desktop\PROJECT\Final\soil_photos-20251020T144319Z-1-001\soil_photos\train\Black Soil\images391.jpg,Reddish,7.0–8.5,25–38,50–70,250–400,30–50,400–600,"Cotton, Soybean, Sunflower, Jowar, Wheat","Superphosphate, Organic Manure, Compost, Urea, Biofertilizer","cotton, soybean","Wheat, Gram, Jowar, Mustard, Barley",Winter,28.07,44,haze,250.0,400.0,30.0,50.0,400.0,600.0,7.0,8.5
train,Black soil,C:\Users\Pranjal Yallurkar\OneDrive\Desktop\PROJECT\Final\soil_photos-20251020T144319Z-1-001\soil_photos\train\Black Soil\images392.jpg,Reddish,7.0–8.5,25–38,50–70,250–400,30–50,400–600,"Cotton, Soybean, Sunflower, Jowar, Wheat","Superphosphate, Organic Manure, Compost, Urea, Biofertilizer","cotton, soybean","Wheat, Gram, Jowar, Mustard, Barley",Winter,28.07,44,haze,250.0,400.0,30.0,50.0,400.0,600.0,7.0,8.5
train,Black soil,C:\Users\Pranjal Yallurkar\OneDrive\Desktop\PROJECT\Final\soil_photos-20251020T144319Z-1-001\soil_photos\train\Black Soil\images393.jpg,Reddish,7.0–8.5,25–38,50–70,250–400,30–50,400–600,"Cotton, Soybean, Sunflower, Jowar, Wheat","Superphosphate, Organic Manure, Compost, Urea, Biofertilizer","cotton, soybean","Wheat, Gram, Jowar, Mustard, Barley",Winter,28.07,44,haze,250.0,400.0,30.0,50.0,400.0,600.0,7.0,8.5
train,Black soil,C:\Users\Pranjal Yallurkar\OneDrive\Desktop\PROJECT\Final\soil_photos-20251020T144319Z-1-001\soil_photos\train\Black Soil\images395.jpg,Reddish,7.0–8.5,25–38,50–70,250–400,30–50,400–600,"Cotton, Soybean, Sunflower, Jowar, Wheat","Superphosphate, Organic Manure, Compost, Urea, Biofertilizer","cotton, soybean","Wheat, Gram, Jowar, Mustard, Barley",Winter,28.07,44,haze,250.0,400.0,30.0,50.0,400.0,600.0,7.0,8.5
train,Black soil,C:\Users\Pranjal Yallurkar\OneDrive\Desktop\PROJECT\Final\soil_photos-20251020T144319Z-1-001\soil_photos\train\Black Soil\images396.jpg,Reddish,7.0–8.5,25–38,50–70,250–400,30–50,400–600,"Cotton, Soybean, Sunflower, Jowar, Wheat","Superphosphate, Organic Manure, Compost, Urea, Biofertilizer","cotton, soybean","Wheat, Gram, Jowar, Mustard, Barley",Winter,28.07,44,haze,250.0,400.0,30.0,50.0,400.0,600.0,7.0,8.5
train,Black soil,C:\Users\Pranjal Yallurkar\OneDrive\Desktop\PROJECT\Final\soil_photos-20251020T144319Z-1-001\soil_photos\train\Black Soil\images398.jpg,Reddish,7.0–8.5,25–38,50–70,250–400,30–50,400–600,"Cotton, Soybean, Sunflower, Jowar, Wheat","Superphosphate, Organic Manure, Compost, Urea, Biofertilizer","cotton, soybean","Wheat, Gram, Jowar, Mustard, Barley",Winter,28.07,44,haze,250.0,400.0,30.0,50.0,400.0,600.0,7.0,8.5
train,Black soil,C:\Users\Pranjal Yallurkar\OneDrive\Desktop\PROJECT\Final\soil_photos-20251020T144319Z-1-001\soil_photos\train\Black Soil\images399.jpg,Reddish,7.0–8.5,25–38,50–70,250–400,30–50,400–600,"Cotton, Soybean, Sunflower, Jowar, Wheat","Superphosphate, Organic Manure, Compost, Urea, Biofertilizer","cotton, soybean","Wheat, Gram, Jowar, Mustard, Barley",Winter,28.07,44,haze,250.0,400.0,30.0,50.0,400.0,600.0,7.0,8.5
train,Black soil,C:\Users\Pranjal Yallurkar\OneDrive\Desktop\PROJECT\Final\soil_photos-20251020T144319Z-1-001\soil_photos\train\Black Soil\images400.jpg,Reddish,7.0–8.5,25–38,50–70,250–400,30–50,400–600,"Cotton, Soybean, Sunflower, Jowar, Wheat","Superphosphate, Organic Manure, Compost, Urea, Biofertilizer","cotton, soybean","Wheat, Gram, Jowar, Mustard, Barley",Winter,28.07,44,haze,250.0,400.0,30.0,50.0,400.0,600.0,7.0,8.5
train,Black soil,C:\Users\Pranjal Yallurkar\OneDrive\Desktop\PROJECT\Final\soil_photos-20251020T144319Z-1-001\soil_photos\train\Black Soil\images401.jpg,Reddish,7.0–8.5,25–38,50–70,250–400,30–50,400–600,"Cotton, Soybean, Sunflower, Jowar, Wheat","Superphosphate, Organic Manure, Compost, Urea, Biofertilizer","cotton, soybean","Wheat, Gram, Jowar, Mustard, Barley",Winter,28.07,44,haze,250.0,400.0,30.0,50.0,400.0,600.0,7.0,8.5
train,Black soil,C:\Users\Pranjal Yallurkar\OneDrive\Desktop\PROJECT\Final\soil_photos-20251020T144319Z-1-001\soil_photos\train\Black Soil\images403.jpg,Reddish,7.0–8.5,25–38,50–70,250–400,30–50,400–600,"Cotton, Soybean, Sunflower, Jowar, Wheat","Superphosphate, Organic Manure, Compost, Urea, Biofertilizer","cotton, soybean","Wheat, Gram, Jowar, Mustard, Barley",Winter,28.07,44,haze,250.0,400.0,30.0,50.0,400.0,600.0,7.0,8.5
train,Black soil,C:\Users\Pranjal Yallurkar\OneDrive\Desktop\PROJECT\Final\soil_photos-20251020T144319Z-1-001\soil_photos\train\Black Soil\images404.jpg,Reddish,7.0–8.5,25–38,50–70,250–400,30–50,400–600,"Cotton, Soybean, Sunflower, Jowar, Wheat","Superphosphate, Organic Manure, Compost, Urea, Biofertilizer","cotton, soybean","Wheat, Gram, Jowar, Mustard, Barley",Winter,28.07,44,haze,250.0,400.0,30.0,50.0,400.0,600.0,7.0,8.5
train,Black soil,C:\Users\Pranjal Yallurkar\OneDrive\Desktop\PROJECT\Final\soil_photos-20251020T144319Z-1-001\soil_photos\train\Black Soil\images430.jpg,Reddish,7.0–8.5,25–38,50–70,250–400,30–50,400–600,"Cotton, Soybean, Sunflower, Jowar, Wheat","Superphosphate, Organic Manure, Compost, Urea, Biofertilizer","cotton, soybean","Wheat, Gram, Jowar, Mustard, Barley",Winter,28.07,44,haze,250.0,400.0,30.0,50.0,400.0,600.0,7.0,8.5
train,Black soil,C:\Users\Pranjal Yallurkar\OneDrive\Desktop\PROJECT\Final\soil_photos-20251020T144319Z-1-001\soil_photos\train\Black Soil\images433.jpg,Reddish,7.0–8.5,25–38,50–70,250–400,30–50,400–600,"Cotton, Soybean, Sunflower, Jowar, Wheat","Superphosphate, Organic Manure, Compost, Urea, Biofertilizer","cotton, soybean","Wheat, Gram, Jowar, Mustard, Barley",Winter,28.07,44,haze,250.0,400.0,30.0,50.0,400.0,600.0,7.0,8.5
train,Black soil,C:\Users\Pranjal Yallurkar\OneDrive\Desktop\PROJECT\Final\soil_photos-20251020T144319Z-1-001\soil_photos\train\Black Soil\images434.jpg,Reddish,7.0–8.5,25–38,50–70,250–400,30–50,400–600,"Cotton, Soybean, Sunflower, Jowar, Wheat","Superphosphate, Organic Manure, Compost, Urea, Biofertilizer","cotton, soybean","Wheat, Gram, Jowar, Mustard, Barley",Winter,28.07,44,haze,250.0,400.0,30.0,50.0,400.0,600.0,7.0,8.5
train,Black soil,C:\Users\Pranjal Yallurkar\OneDrive\Desktop\PROJECT\Final\soil_photos-20251020T144319Z-1-001\soil_photos\train\Black Soil\indian-soils-6.jpg,Reddish,7.0–8.5,25–38,50–70,250–400,30–50,400–600,"Cotton, Soybean, Sunflower, Jowar, Wheat","Superphosphate, Organic Manure, Compost, Urea, Biofertilizer","cotton, soybean","Wheat, Gram, Jowar, Mustard, Barley",Winter,28.07,44,haze,250.0,400.0,30.0,50.0,400.0,600.0,7.0,8.5
train,Black soil,C:\Users\Pranjal Yallurkar\OneDrive\Desktop\PROJECT\Final\soil_photos-20251020T144319Z-1-001\soil_photos\train\Black Soil\kalimitti2.jpg,Bluish,7.0–8.5,25–38,50–70,250–400,30–50,400–600,"Cotton, Soybean, Sunflower, Jowar, Wheat","Superphosphate, Organic Manure, Compost, Urea, Ammonium Sulphate","cotton, soybean","Wheat, Gram, Jowar, Mustard, Barley",Winter,28.07,44,haze,250.0,400.0,30.0,50.0,400.0,600.0,7.0,8.5
train,Black soil,C:\Users\Pranjal Yallurkar\OneDrive\Desktop\PROJECT\Final\soil_photos-20251020T144319Z-1-001\soil_photos\train\Black Soil\photo_2022-06-01_07-07-32.jpg,Reddish,7.0–8.5,25–38,50–70,250–400,30–50,400–600,"Cotton, Soybean, Sunflower, Jowar, Wheat","Superphosphate, Organic Manure, Compost, Urea, Biofertilizer","cotton, soybean","Wheat, Gram, Jowar, Mustard, Barley",Winter,28.07,44,haze,250.0,400.0,30.0,50.0,400.0,600.0,7.0,8.5
train,Black soil,C:\Users\Pranjal Yallurkar\OneDrive\Desktop\PROJECT\Final\soil_photos-20251020T144319Z-1-001\soil_photos\train\Black Soil\Sample4.30.jpg,Reddish,7.0–8.5,25–38,50–70,250–400,30–50,400–600,"Cotton, Soybean, Sunflower, Jowar, Wheat","Superphosphate, Organic Manure, Compost, Urea, Biofertilizer","cotton, soybean","Wheat, Gram, Jowar, Mustard, Barley",Winter,28.07,44,haze,250.0,400.0,30.0,50.0,400.0,600.0,7.0,8.5
train,Black soil,C:\Users\Pranjal Yallurkar\OneDrive\Desktop\PROJECT\Final\soil_photos-20251020T144319Z-1-001\soil_photos\train\Black Soil\Sample7.0.jpg,Reddish,7.0–8.5,25–38,50–70,250–400,30–50,400–600,"Cotton, Soybean, Sunflower, Jowar, Wheat","Superphosphate, Organic Manure, Compost, Urea, Biofertilizer","cotton, soybean","Wheat, Gram, Jowar, Mustard, Barley",Winter,28.07,44,haze,250.0,400.0,30.0,50.0,400.0,600.0,7.0,8.5
train,Black soil,C:\Users\Pranjal Yallurkar\OneDrive\Desktop\PROJECT\Final\soil_photos-20251020T144319Z-1-001\soil_photos\train\Black Soil\Sample7.120.jpg,Reddish,7.0–8.5,25–38,50–70,250–400,30–50,400–600,"Cotton, Soybean, Sunflower, Jowar, Wheat","Superphosphate, Organic Manure, Compost, Urea, Biofertilizer","cotton, soybean","Wheat, Gram, Jowar, Mustard, Barley",Winter,28.07,44,haze,250.0,400.0,30.0,50.0,400.0,600.0,7.0,8.5
train,Black soil,C:\Users\Pranjal Yallurkar\OneDrive\Desktop\PROJECT\Final\soil_photos-20251020T144319Z-1-001\soil_photos\train\Black Soil\Sample7.150.jpg,Reddish,7.0–8.5,25–38,50–70,250–400,30–50,400–600,"Cotton, Soybean, Sunflower, Jowar, Wheat","Superphosphate, Organic Manure, Compost, Urea, Biofertilizer","cotton, soybean","Wheat, Gram, Jowar, Mustard, Barley",Winter,28.07,44,haze,250.0,400.0,30.0,50.0,400.0,600.0,7.0,8.5
train,Black soil,C:\Users\Pranjal Yallurkar\OneDrive\Desktop\PROJECT\Final\soil_photos-20251020T144319Z-1-001\soil_photos\train\Black Soil\Sample7.180.jpg,Reddish,7.0–8.5,25–38,50–70,250–400,30–50,400–600,"Cotton, Soybean, Sunflower, Jowar, Wheat","Superphosphate, Organic Manure, Compost, Urea, Biofertilizer","cotton, soybean","Wheat, Gram, Jowar, Mustard, Barley",Winter,28.07,44,haze,250.0,400.0,30.0,50.0,400.0,600.0,7.0,8.5
train,Black soil,C:\Users\Pranjal Yallurkar\OneDrive\Desktop\PROJECT\Final\soil_photos-20251020T144319Z-1-001\soil_photos\train\Black Soil\Sample7.30.jpg,Reddish,7.0–8.5,25–38,50–70,250–400,30–50,400–600,"Cotton, Soybean, Sunflower, Jowar, Wheat","Superphosphate, Organic Manure, Compost, Urea, Biofertilizer","cotton, soybean","Wheat, Gram, Jowar, Mustard, Barley",Winter,28.07,44,haze,250.0,400.0,30.0,50.0,400.0,600.0,7.0,8.5
train,Black soil,C:\Users\Pranjal Yallurkar\OneDrive\Desktop\PROJECT\Final\soil_photos-20251020T144319Z-1-001\soil_photos\train\Black Soil\Sample7.60.jpg,Reddish,7.0–8.5,25–38,50–70,250–400,30–50,400–600,"Cotton, Soybean, Sunflower, Jowar, Wheat","Superphosphate, Organic Manure, Compost, Urea, Biofertilizer","cotton, soybean","Wheat, Gram, Jowar, Mustard, Barley",Winter,28.07,44,haze,250.0,400.0,30.0,50.0,400.0,600.0,7.0,8.5
train,Black soil,C:\Users\Pranjal Yallurkar\OneDrive\Desktop\PROJECT\Final\soil_photos-20251020T144319Z-1-001\soil_photos\train\Black Soil\Sample7.90.jpg,Reddish,7.0–8.5,25–38,50–70,250–400,30–50,400–600,"Cotton, Soybean, Sunflower, Jowar, Wheat","Superphosphate, Organic Manure, Compost, Urea, Biofertilizer","cotton, soybean","Wheat, Gram, Jowar, Mustard, Barley",Winter,28.07,44,haze,250.0,400.0,30.0,50.0,400.0,600.0,7.0,8.5
train,Clay soil,C:\Users\Pranjal Yallurkar\OneDrive\Desktop\PROJECT\Final\soil_photos-20251020T144319Z-1-001\soil_photos\train\Clay soil\1523893451317.jpeg,Reddish,6.0–7.0,20–30,65–80,220–350,25–40,250–400,"Rice, Sugarcane, Lettuce, Broccoli, Peas","Compost, NPK, Urea, Biofertilizer, Vermicompost","Rice, Sugarcane, Lettuce, Broccoli, Peas","Peas, Wheat, Mustard, Potato, Oats",Winter,28.07,44,haze,220.0,350.0,25.0,40.0,250.0,400.0,6.0,7.0
train,Clay soil,C:\Users\Pranjal Yallurkar\OneDrive\Desktop\PROJECT\Final\soil_photos-20251020T144319Z-1-001\soil_photos\train\Clay soil\91714675-background-of-red-clay-the-real-desert-soil.jpg,Reddish,6.0–7.0,20–30,65–80,220–350,25–40,250–400,"Rice, Sugarcane, Lettuce, Broccoli, Peas","Compost, NPK, Urea, Biofertilizer, Vermicompost","Rice, Sugarcane, Lettuce, Broccoli, Peas","Peas, Wheat, Mustard, Potato, Oats",Winter,28.07,44,haze,220.0,350.0,25.0,40.0,250.0,400.0,6.0,7.0
train,Clay soil,C:\Users\Pranjal Yallurkar\OneDrive\Desktop\PROJECT\Final\soil_photos-20251020T144319Z-1-001\soil_photos\train\Clay soil\94530057-red-clay-soil-on-nature-as-a-background-.jpg,Reddish,6.0–7.0,20–30,65–80,220–350,25–40,250–400,"Rice, Sugarcane, Lettuce, Broccoli, Peas","Compost, NPK, Urea, Biofertilizer, Vermicompost","Rice, Sugarcane, Lettuce, Broccoli, Peas","Peas, Wheat, Mustard, Potato, Oats",Winter,28.07,44,haze,220.0,350.0,25.0,40.0,250.0,400.0,6.0,7.0
train,Clay soil,C:\Users\Pranjal Yallurkar\OneDrive\Desktop\PROJECT\Final\soil_photos-20251020T144319Z-1-001\soil_photos\train\Clay soil\AdobeStock_277261663.jpg,Reddish,6.0–7.0,20–30,65–80,220–350,25–40,250–400,"Rice, Sugarcane, Lettuce, Broccoli, Peas","Compost, NPK, Urea, Biofertilizer, Vermicompost","Rice, Sugarcane, Lettuce, Broccoli, Peas","Peas, Wheat, Mustard, Potato, Oats",Winter,28.07,44,haze,220.0,350.0,25.0,40.0,250.0,400.0,6.0,7.0
train,Clay soil,C:\Users\Pranjal Yallurkar\OneDrive\Desktop\PROJECT\Final\soil_photos-20251020T144319Z-1-001\soil_photos\train\Clay soil\Bamboo_for_clay_soil_main.jpg,Reddish,6.0–7.0,20–30,65–80,220–350,25–40,250–400,"Rice, Sugarcane, Lettuce, Broccoli, Peas","Compost, NPK, Urea, Biofertilizer, Vermicompost","Rice, Sugarcane, Lettuce, Broccoli, Peas","Peas, Wheat, Mustard, Potato, Oats",Winter,28.07,44,haze,220.0,350.0,25.0,40.0,250.0,400.0,6.0,7.0
train,Clay soil,C:\Users\Pranjal Yallurkar\OneDrive\Desktop\PROJECT\Final\soil_photos-20251020T144319Z-1-001\soil_photos\train\Clay soil\BLOG_Clay_soil_1024_500_x500.png,Reddish,6.0–7.0,20–30,65–80,220–350,25–40,250–400,"Rice, Sugarcane, Lettuce, Broccoli, Peas","Compost, NPK, Urea, Biofertilizer, Vermicompost","Rice, Sugarcane, Lettuce, Broccoli, Peas","Peas, Wheat, Mustard, Potato, Oats",Winter,28.07,44,haze,220.0,350.0,25.0,40.0,250.0,400.0,6.0,7.0
train,Clay soil,C:\Users\Pranjal Yallurkar\OneDrive\Desktop\PROJECT\Final\soil_photos-20251020T144319Z-1-001\soil_photos\train\Clay soil\clay-260nw-614429543.jpg,Reddish,6.0–7.0,20–30,65–80,220–350,25–40,250–400,"Rice, Sugarcane, Lettuce, Broccoli, Peas","Compost, NPK, Urea, Biofertilizer, Vermicompost","Rice, Sugarcane, Lettuce, Broccoli, Peas","Peas, Wheat, Mustard, Potato, Oats",Winter,28.07,44,haze,220.0,350.0,25.0,40.0,250.0,400.0,6.0,7.0
train,Clay soil,C:\Users\Pranjal Yallurkar\OneDrive\Desktop\PROJECT\Final\soil_photos-20251020T144319Z-1-001\soil_photos\train\Clay soil\Clay-Soil(2).jpg,Reddish,6.0–7.0,20–30,65–80,220–350,25–40,250–400,"Rice, Sugarcane, Lettuce, Broccoli, Peas","Compost, NPK, Urea, Biofertilizer, Vermicompost","Rice, Sugarcane, Lettuce, Broccoli, Peas","Peas, Wheat, Mustard, Potato, Oats",Winter,28.07,44,haze,220.0,350.0,25.0,40.0,250.0,400.0,6.0,7.0
train,Clay soil,C:\Users\Pranjal Yallurkar\OneDrive\Desktop\PROJECT\Final\soil_photos-20251020T144319Z-1-001\soil_photos\train\Clay soil\clay-soil-close-up-brown-179039817.jpg,Reddish,6.0–7.0,20–30,65–80,220–350,25–40,250–400,"Rice, Sugarcane, Lettuce, Broccoli, Peas","Compost, NPK, Urea, Biofertilizer, Vermicompost","Rice, Sugarcane, Lettuce, Broccoli, Peas","Peas, Wheat, Mustard, Potato, Oats",Winter,28.07,44,haze,220.0,350.0,25.0,40.0,250.0,400.0,6.0,7.0
train,Clay soil,C:\Users\Pranjal Yallurkar\OneDrive\Desktop\PROJECT\Final\soil_photos-20251020T144319Z-1-001\soil_photos\train\Clay soil\clay-soil-cropped.jpg,Reddish,6.0–7.0,20–30,65–80,220–350,25–40,250–400,"Rice, Sugarcane, Lettuce, Broccoli, Peas","Compost, NPK, Urea, Biofertilizer, Vermicompost","Rice, Sugarcane, Lettuce, Broccoli, Peas","Peas, Wheat, Mustard, Potato, Oats",Winter,28.07,44,haze,220.0,350.0,25.0,40.0,250.0,400.0,6.0,7.0
train,Clay soil,C:\Users\Pranjal Yallurkar\OneDrive\Desktop\PROJECT\Final\soil_photos-20251020T144319Z-1-001\soil_photos\train\Clay soil\clay-soil-cut-red-color-clay-clay-soil-cut-red-color-clay-184254602.jpg,Reddish,6.0–7.0,20–30,65–80,220–350,25–40,250–400,"Rice, Sugarcane, Lettuce, Broccoli, Peas","Compost, NPK, Urea, Biofertilizer, Vermicompost","Rice, Sugarcane, Lettuce, Broccoli, Peas","Peas, Wheat, Mustard, Potato, Oats",Winter,28.07,44,haze,220.0,350.0,25.0,40.0,250.0,400.0,6.0,7.0
train,Clay soil,C:\Users\Pranjal Yallurkar\OneDrive\Desktop\PROJECT\Final\soil_photos-20251020T144319Z-1-001\soil_photos\train\Clay soil\clay-soil-field.jpg,Reddish,6.0–7.0,20–30,65–80,220–350,25–40,250–400,"Rice, Sugarcane, Lettuce, Broccoli, Peas","Compost, NPK, Urea, Biofertilizer, Vermicompost","Rice, Sugarcane, Lettuce, Broccoli, Peas","Peas, Wheat, Mustard, Potato, Oats",Winter,28.07,44,haze,220.0,350.0,25.0,40.0,250.0,400.0,6.0,7.0
train,Clay soil,C:\Users\Pranjal Yallurkar\OneDrive\Desktop\PROJECT\Final\soil_photos-20251020T144319Z-1-001\soil_photos\train\Clay soil\clay-soil.jpg,Reddish,6.0–7.0,20–30,65–80,220–350,25–40,250–400,"Rice, Sugarcane, Lettuce, Broccoli, Peas","Compost, NPK, Urea, Biofertilizer, Vermicompost","Rice, Sugarcane, Lettuce, Broccoli, Peas","Peas, Wheat, Mustard, Potato, Oats",Winter,28.07,44,haze,220.0,350.0,25.0,40.0,250.0,400.0,6.0,7.0
train,Clay soil,C:\Users\Pranjal Yallurkar\OneDrive\Desktop\PROJECT\Final\soil_photos-20251020T144319Z-1-001\soil_photos\train\Clay soil\clay-soil2.jpg,Reddish,6.0–7.0,20–30,65–80,220–350,25–40,250–400,"Rice, Sugarcane, Lettuce, Broccoli, Peas","Compost, NPK, Urea, Biofertilizer, Vermicompost","Rice, Sugarcane, Lettuce, Broccoli, Peas","Peas, Wheat, Mustard, Potato, Oats",Winter,28.07,44,haze,220.0,350.0,25.0,40.0,250.0,400.0,6.0,7.0
train,Clay soil,C:\Users\Pranjal Yallurkar\OneDrive\Desktop\PROJECT\Final\soil_photos-20251020T144319Z-1-001\soil_photos\train\Clay soil\clay-soils-2.jpg,Reddish,6.0–7.0,20–30,65–80,220–350,25–40,250–400,"Rice, Sugarcane, Lettuce, Broccoli, Peas","Compost, NPK, Urea, Biofertilizer, Vermicompost","Rice, Sugarcane, Lettuce, Broccoli, Peas","Peas, Wheat, Mustard, Potato, Oats",Winter,28.07,44,haze,220.0,350.0,25.0,40.0,250.0,400.0,6.0,7.0
train,Clay soil,C:\Users\Pranjal Yallurkar\OneDrive\Desktop\PROJECT\Final\soil_photos-20251020T144319Z-1-001\soil_photos\train\Clay soil\clay.jpg,Reddish,6.0–7.0,20–30,65–80,220–350,25–40,250–400,"Rice, Sugarcane, Lettuce, Broccoli, Peas","Compost, NPK, Urea, Biofertilizer, Vermicompost","Rice, Sugarcane, Lettuce, Broccoli, Peas","Peas, Wheat, Mustard, Potato, Oats",Winter,28.07,44,haze,220.0,350.0,25.0,40.0,250.0,400.0,6.0,7.0
train,Clay soil,C:\Users\Pranjal Yallurkar\OneDrive\Desktop\PROJECT\Final\soil_photos-20251020T144319Z-1-001\soil_photos\train\Clay soil\Clayey-Soil-img.jpg,Reddish,6.0–7.0,20–30,65–80,220–350,25–40,250–400,"Rice, Sugarcane, Lettuce, Broccoli, Peas","Compost, NPK, Urea, Biofertilizer, Vermicompost","Rice, Sugarcane, Lettuce, Broccoli, Peas","Peas, Wheat, Mustard, Potato, Oats",Winter,28.07,44,haze,220.0,350.0,25.0,40.0,250.0,400.0,6.0,7.0
train,Clay soil,C:\Users\Pranjal Yallurkar\OneDrive\Desktop\PROJECT\Final\soil_photos-20251020T144319Z-1-001\soil_photos\train\Clay soil\Clay_1.jpg,Reddish,6.0–7.0,20–30,65–80,220–350,25–40,250–400,"Rice, Sugarcane, Lettuce, Broccoli, Peas","Compost, NPK, Urea, Biofertilizer, Vermicompost","Rice, Sugarcane, Lettuce, Broccoli, Peas","Peas, Wheat, Mustard, Potato, Oats",Winter,28.07,44,haze,220.0,350.0,25.0,40.0,250.0,400.0,6.0,7.0
train,Clay soil,C:\Users\Pranjal Yallurkar\OneDrive\Desktop\PROJECT\Final\soil_photos-20251020T144319Z-1-001\soil_photos\train\Clay soil\Clay_10.jpg,Reddish,6.0–7.0,20–30,65–80,220–350,25–40,250–400,"Rice, Sugarcane, Lettuce, Broccoli, Peas","Compost, NPK, Urea, Biofertilizer, Vermicompost","Rice, Sugarcane, Lettuce, Broccoli, Peas","Peas, Wheat, Mustard, Potato, Oats",Winter,28.07,44,haze,220.0,350.0,25.0,40.0,250.0,400.0,6.0,7.0
train,Clay soil,C:\Users\Pranjal Yallurkar\OneDrive\Desktop\PROJECT\Final\soil_photos-20251020T144319Z-1-001\soil_photos\train\Clay soil\Clay_11.jpg,Reddish,6.0–7.0,20–30,65–80,220–350,25–40,250–400,"Rice, Sugarcane, Lettuce, Broccoli, Peas","Compost, NPK, Urea, Biofertilizer, Vermicompost","Rice, Sugarcane, Lettuce, Broccoli, Peas","Peas, Wheat, Mustard, Potato, Oats",Winter,28.07,44,haze,220.0,350.0,25.0,40.0,250.0,400.0,6.0,7.0
train,Clay soil,C:\Users\Pranjal Yallurkar\OneDrive\Desktop\PROJECT\Final\soil_photos-20251020T144319Z-1-001\soil_photos\train\Clay soil\Clay_12.jpg,Reddish,6.0–7.0,20–30,65–80,220–350,25–40,250–400,"Rice, Sugarcane, Lettuce, Broccoli, Peas","Compost, NPK, Urea, Biofertilizer, Vermicompost","Rice, Sugarcane, Lettuce, Broccoli, Peas","Peas, Wheat, Mustard, Potato, Oats",Winter,28.07,44,haze,220.0,350.0,25.0,40.0,250.0,400.0,6.0,7.0
train,Clay soil,C:\Users\Pranjal Yallurkar\OneDrive\Desktop\PROJECT\Final\soil_photos-20251020T144319Z-1-001\soil_photos\train\Clay soil\Clay_13.jpg,Reddish,6.0–7.0,20–30,65–80,220–350,25–40,250–400,"Rice, Sugarcane, Lettuce, Broccoli, Peas","Compost, NPK, Urea, Biofertilizer, Vermicompost","Rice, Sugarcane, Lettuce, Broccoli, Peas","Peas, Wheat, Mustard, Potato, Oats",Winter,28.07,44,haze,220.0,350.0,25.0,40.0,250.0,400.0,6.0,7.0
train,Clay soil,C:\Users\Pranjal Yallurkar\OneDrive\Desktop\PROJECT\Final\soil_photos-20251020T144319Z-1-001\soil_photos\train\Clay soil\Clay_14.jpg,Reddish,6.0–7.0,20–30,65–80,220–350,25–40,250–400,"Rice, Sugarcane, Lettuce, Broccoli, Peas","Compost, NPK, Urea, Biofertilizer, Vermicompost","Rice, Sugarcane, Lettuce, Broccoli, Peas","Peas, Wheat, Mustard, Potato, Oats",Winter,28.07,44,haze,220.0,350.0,25.0,40.0,250.0,400.0,6.0,7.0
train,Clay soil,C:\Users\Pranjal Yallurkar\OneDrive\Desktop\PROJECT\Final\soil_photos-20251020T144319Z-1-001\soil_photos\train\Clay soil\Clay_15.jpg,Reddish,6.0–7.0,20–30,65–80,220–350,25–40,250–400,"Rice, Sugarcane, Lettuce, Broccoli, Peas","Compost, NPK, Urea, Biofertilizer, Vermicompost","Rice, Sugarcane, Lettuce, Broccoli, Peas","Peas, Wheat, Mustard, Potato, Oats",Winter,28.07,44,haze,220.0,350.0,25.0,40.0,250.0,400.0,6.0,7.0
train,Clay soil,C:\Users\Pranjal Yallurkar\OneDrive\Desktop\PROJECT\Final\soil_photos-20251020T144319Z-1-001\soil_photos\train\Clay soil\Clay_16.jpg,Greenish,6.0–7.0,20–30,65–80,220–350,25–40,250–400,"Rice, Sugarcane, Lettuce, Broccoli, Peas","DAP, Compost, NPK, Urea, Phosphate","Rice, Sugarcane, Lettuce, Broccoli, Peas","Peas, Wheat, Mustard, Potato, Oats",Winter,28.07,44,haze,220.0,350.0,25.0,40.0,250.0,400.0,6.0,7.0
train,Clay soil,C:\Users\Pranjal Yallurkar\OneDrive\Desktop\PROJECT\Final\soil_photos-20251020T144319Z-1-001\soil_photos\train\Clay soil\Clay_17.jpg,Reddish,6.0–7.0,20–30,65–80,220–350,25–40,250–400,"Rice, Sugarcane, Lettuce, Broccoli, Peas","Compost, NPK, Urea, Biofertilizer, Vermicompost","Rice, Sugarcane, Lettuce, Broccoli, Peas","Peas, Wheat, Mustard, Potato, Oats",Winter,28.07,44,haze,220.0,350.0,25.0,40.0,250.0,400.0,6.0,7.0
train,Clay soil,C:\Users\Pranjal Yallurkar\OneDrive\Desktop\PROJECT\Final\soil_photos-20251020T144319Z-1-001\soil_photos\train\Clay soil\Clay_18.jpg,Greenish,6.0–7.0,20–30,65–80,220–350,25–40,250–400,"Rice, Sugarcane, Lettuce, Broccoli, Peas","DAP, Compost, NPK, Urea, Phosphate","Rice, Sugarcane, Lettuce, Broccoli, Peas","Peas, Wheat, Mustard, Potato, Oats",Winter,28.07,44,haze,220.0,350.0,25.0,40.0,250.0,400.0,6.0,7.0
train,Clay soil,C:\Users\Pranjal Yallurkar\OneDrive\Desktop\PROJECT\Final\soil_photos-20251020T144319Z-1-001\soil_photos\train\Clay soil\Clay_19.jpg,Reddish,6.0–7.0,20–30,65–80,220–350,25–40,250–400,"Rice, Sugarcane, Lettuce, Broccoli, Peas","Compost, NPK, Urea, Biofertilizer, Vermicompost","Rice, Sugarcane, Lettuce, Broccoli, Peas","Peas, Wheat, Mustard, Potato, Oats",Winter,28.07,44,haze,220.0,350.0,25.0,40.0,250.0,400.0,6.0,7.0
train,Clay soil,C:\Users\Pranjal Yallurkar\OneDrive\Desktop\PROJECT\Final\soil_photos-20251020T144319Z-1-001\soil_photos\train\Clay soil\Clay_2.jpg,Reddish,6.0–7.0,20–30,65–80,220–350,25–40,250–400,"Rice, Sugarcane, Lettuce, Broccoli, Peas","Compost, NPK, Urea, Biofertilizer, Vermicompost","Rice, Sugarcane, Lettuce, Broccoli, Peas","Peas, Wheat, Mustard, Potato, Oats",Winter,28.07,44,haze,220.0,350.0,25.0,40.0,250.0,400.0,6.0,7.0
train,Clay soil,C:\Users\Pranjal Yallurkar\OneDrive\Desktop\PROJECT\Final\soil_photos-20251020T144319Z-1-001\soil_photos\train\Clay soil\Clay_20.jpg,Reddish,6.0–7.0,20–30,65–80,220–350,25–40,250–400,"Rice, Sugarcane, Lettuce, Broccoli, Peas","Compost, NPK, Urea, Biofertilizer, Vermicompost","Rice, Sugarcane, Lettuce, Broccoli, Peas","Peas, Wheat, Mustard, Potato, Oats",Winter,28.07,44,haze,220.0,350.0,25.0,40.0,250.0,400.0,6.0,7.0
train,Clay soil,C:\Users\Pranjal Yallurkar\OneDrive\Desktop\PROJECT\Final\soil_photos-20251020T144319Z-1-001\soil_photos\train\Clay soil\Clay_21.jpg,Reddish,6.0–7.0,20–30,65–80,220–350,25–40,250–400,"Rice, Sugarcane, Lettuce, Broccoli, Peas","Compost, NPK, Urea, Biofertilizer, Vermicompost","Rice, Sugarcane, Lettuce, Broccoli, Peas","Peas, Wheat, Mustard, Potato, Oats",Winter,28.07,44,haze,220.0,350.0,25.0,40.0,250.0,400.0,6.0,7.0
train,Clay soil,C:\Users\Pranjal Yallurkar\OneDrive\Desktop\PROJECT\Final\soil_photos-20251020T144319Z-1-001\soil_photos\train\Clay soil\Clay_22.jpg,Reddish,6.0–7.0,20–30,65–80,220–350,25–40,250–400,"Rice, Sugarcane, Lettuce, Broccoli, Peas","Compost, NPK, Urea, Biofertilizer, Vermicompost","Rice, Sugarcane, Lettuce, Broccoli, Peas","Peas, Wheat, Mustard, Potato, Oats",Winter,28.07,44,haze,220.0,350.0,25.0,40.0,250.0,400.0,6.0,7.0
train,Clay soil,C:\Users\Pranjal Yallurkar\OneDrive\Desktop\PROJECT\Final\soil_photos-20251020T144319Z-1-001\soil_photos\train\Clay soil\Clay_23.jpg,Reddish,6.0–7.0,20–30,65–80,220–350,25–40,250–400,"Rice, Sugarcane, Lettuce, Broccoli, Peas","Compost, NPK, Urea, Biofertilizer, Vermicompost","Rice, Sugarcane, Lettuce, Broccoli, Peas","Peas, Wheat, Mustard, Potato, Oats",Winter,28.07,44,haze,220.0,350.0,25.0,40.0,250.0,400.0,6.0,7.0
train,Clay soil,C:\Users\Pranjal Yallurkar\OneDrive\Desktop\PROJECT\Final\soil_photos-20251020T144319Z-1-001\soil_photos\train\Clay soil\Clay_24.jpg,Reddish,6.0–7.0,20–30,65–80,220–350,25–40,250–400,"Rice, Sugarcane, Lettuce, Broccoli, Peas","Compost, NPK, Urea, Biofertilizer, Vermicompost","Rice, Sugarcane, Lettuce, Broccoli, Peas","Peas, Wheat, Mustard, Potato, Oats",Winter,28.07,44,haze,220.0,350.0,25.0,40.0,250.0,400.0,6.0,7.0
train,Clay soil,C:\Users\Pranjal Yallurkar\OneDrive\Desktop\PROJECT\Final\soil_photos-20251020T144319Z-1-001\soil_photos\train\Clay soil\Clay_25.jpg,Reddish,6.0–7.0,20–30,65–80,220–350,25–40,250–400,"Rice, Sugarcane, Lettuce, Broccoli, Peas","Compost, NPK, Urea, Biofertilizer, Vermicompost","Rice, Sugarcane, Lettuce, Broccoli, Peas","Peas, Wheat, Mustard, Potato, Oats",Winter,28.07,44,haze,220.0,350.0,25.0,40.0,250.0,400.0,6.0,7.0
train,Clay soil,C:\Users\Pranjal Yallurkar\OneDrive\Desktop\PROJECT\Final\soil_photos-20251020T144319Z-1-001\soil_photos\train\Clay soil\Clay_26.jpg,Bluish,6.0–7.0,20–30,65–80,220–350,25–40,250–400,"Rice, Sugarcane, Lettuce, Broccoli, Peas","Compost, NPK, Urea, Biofertilizer, Ammonium Sulphate","Rice, Sugarcane, Lettuce, Broccoli, Peas","Peas, Wheat, Mustard, Potato, Oats",Winter,28.07,44,haze,220.0,350.0,25.0,40.0,250.0,400.0,6.0,7.0
train,Clay soil,C:\Users\Pranjal Yallurkar\OneDrive\Desktop\PROJECT\Final\soil_photos-20251020T144319Z-1-001\soil_photos\train\Clay soil\Clay_27.jpg,Reddish,6.0–7.0,20–30,65–80,220–350,25–40,250–400,"Rice, Sugarcane, Lettuce, Broccoli, Peas","Compost, NPK, Urea, Biofertilizer, Vermicompost","Rice, Sugarcane, Lettuce, Broccoli, Peas","Peas, Wheat, Mustard, Potato, Oats",Winter,28.07,44,haze,220.0,350.0,25.0,40.0,250.0,400.0,6.0,7.0
train,Clay soil,C:\Users\Pranjal Yallurkar\OneDrive\Desktop\PROJECT\Final\soil_photos-20251020T144319Z-1-001\soil_photos\train\Clay soil\Clay_28.jpg,Reddish,6.0–7.0,20–30,65–80,220–350,25–40,250–400,"Rice, Sugarcane, Lettuce, Broccoli, Peas","Compost, NPK, Urea, Biofertilizer, Vermicompost","Rice, Sugarcane, Lettuce, Broccoli, Peas","Peas, Wheat, Mustard, Potato, Oats",Winter,28.07,44,haze,220.0,350.0,25.0,40.0,250.0,400.0,6.0,7.0
train,Clay soil,C:\Users\Pranjal Yallurkar\OneDrive\Desktop\PROJECT\Final\soil_photos-20251020T144319Z-1-001\soil_photos\train\Clay soil\Clay_29.jpg,Bluish,6.0–7.0,20–30,65–80,220–350,25–40,250–400,"Rice, Sugarcane, Lettuce, Broccoli, Peas","Compost, NPK, Urea, Biofertilizer, Ammonium Sulphate","Rice, Sugarcane, Lettuce, Broccoli, Peas","Peas, Wheat, Mustard, Potato, Oats",Winter,28.07,44,haze,220.0,350.0,25.0,40.0,250.0,400.0,6.0,7.0
train,Clay soil,C:\Users\Pranjal Yallurkar\OneDrive\Desktop\PROJECT\Final\soil_photos-20251020T144319Z-1-001\soil_photos\train\Clay soil\Clay_3.jpg,Reddish,6.0–7.0,20–30,65–80,220–350,25–40,250–400,"Rice, Sugarcane, Lettuce, Broccoli, Peas","Compost, NPK, Urea, Biofertilizer, Vermicompost","Rice, Sugarcane, Lettuce, Broccoli, Peas","Peas, Wheat, Mustard, Potato, Oats",Winter,28.07,44,haze,220.0,350.0,25.0,40.0,250.0,400.0,6.0,7.0
train,Clay soil,C:\Users\Pranjal Yallurkar\OneDrive\Desktop\PROJECT\Final\soil_photos-20251020T144319Z-1-001\soil_photos\train\Clay soil\Clay_30.jpg,Reddish,6.0–7.0,20–30,65–80,220–350,25–40,250–400,"Rice, Sugarcane, Lettuce, Broccoli, Peas","Compost, NPK, Urea, Biofertilizer, Vermicompost","Rice, Sugarcane, Lettuce, Broccoli, Peas","Peas, Wheat, Mustard, Potato, Oats",Winter,28.07,44,haze,220.0,350.0,25.0,40.0,250.0,400.0,6.0,7.0
train,Clay soil,C:\Users\Pranjal Yallurkar\OneDrive\Desktop\PROJECT\Final\soil_photos-20251020T144319Z-1-001\soil_photos\train\Clay soil\Clay_31.jpg,Greenish,6.0–7.0,20–30,65–80,220–350,25–40,250–400,"Rice, Sugarcane, Lettuce, Broccoli, Peas","DAP, Compost, NPK, Urea, Phosphate","Rice, Sugarcane, Lettuce, Broccoli, Peas","Peas, Wheat, Mustard, Potato, Oats",Winter,28.07,44,haze,220.0,350.0,25.0,40.0,250.0,400.0,6.0,7.0
train,Clay soil,C:\Users\Pranjal Yallurkar\OneDrive\Desktop\PROJECT\Final\soil_photos-20251020T144319Z-1-001\soil_photos\train\Clay soil\Clay_32.jpg,Reddish,6.0–7.0,20–30,65–80,220–350,25–40,250–400,"Rice, Sugarcane, Lettuce, Broccoli, Peas","Compost, NPK, Urea, Biofertilizer, Vermicompost","Rice, Sugarcane, Lettuce, Broccoli, Peas","Peas, Wheat, Mustard, Potato, Oats",Winter,28.07,44,haze,220.0,350.0,25.0,40.0,250.0,400.0,6.0,7.0
train,Clay soil,C:\Users\Pranjal Yallurkar\OneDrive\Desktop\PROJECT\Final\soil_photos-20251020T144319Z-1-001\soil_photos\train\Clay soil\Clay_33.jpg,Reddish,6.0–7.0,20–30,65–80,220–350,25–40,250–400,"Rice, Sugarcane, Lettuce, Broccoli, Peas","Compost, NPK, Urea, Biofertilizer, Vermicompost","Rice, Sugarcane, Lettuce, Broccoli, Peas","Peas, Wheat, Mustard, Potato, Oats",Winter,28.07,44,haze,220.0,350.0,25.0,40.0,250.0,400.0,6.0,7.0
train,Clay soil,C:\Users\Pranjal Yallurkar\OneDrive\Desktop\PROJECT\Final\soil_photos-20251020T144319Z-1-001\soil_photos\train\Clay soil\Clay_34.jpg,Reddish,6.0–7.0,20–30,65–80,220–350,25–40,250–400,"Rice, Sugarcane, Lettuce, Broccoli, Peas","Compost, NPK, Urea, Biofertilizer, Vermicompost","Rice, Sugarcane, Lettuce, Broccoli, Peas","Peas, Wheat, Mustard, Potato, Oats",Winter,28.07,44,haze,220.0,350.0,25.0,40.0,250.0,400.0,6.0,7.0
train,Clay soil,C:\Users\Pranjal Yallurkar\OneDrive\Desktop\PROJECT\Final\soil_photos-20251020T144319Z-1-001\soil_photos\train\Clay soil\Clay_35.jpg,Reddish,6.0–7.0,20–30,65–80,220–350,25–40,250–400,"Rice, Sugarcane, Lettuce, Broccoli, Peas","Compost, NPK, Urea, Biofertilizer, Vermicompost","Rice, Sugarcane, Lettuce, Broccoli, Peas","Peas, Wheat, Mustard, Potato, Oats",Winter,28.07,44,haze,220.0,350.0,25.0,40.0,250.0,400.0,6.0,7.0
train,Clay soil,C:\Users\Pranjal Yallurkar\OneDrive\Desktop\PROJECT\Final\soil_photos-20251020T144319Z-1-001\soil_photos\train\Clay soil\Clay_36.jpg,Reddish,6.0–7.0,20–30,65–80,220–350,25–40,250–400,"Rice, Sugarcane, Lettuce, Broccoli, Peas","Compost, NPK, Urea, Biofertilizer, Vermicompost","Rice, Sugarcane, Lettuce, Broccoli, Peas","Peas, Wheat, Mustard, Potato, Oats",Winter,28.07,44,haze,220.0,350.0,25.0,40.0,250.0,400.0,6.0,7.0
train,Clay soil,C:\Users\Pranjal Yallurkar\OneDrive\Desktop\PROJECT\Final\soil_photos-20251020T144319Z-1-001\soil_photos\train\Clay soil\Clay_37.jpg,Reddish,6.0–7.0,20–30,65–80,220–350,25–40,250–400,"Rice, Sugarcane, Lettuce, Broccoli, Peas","Compost, NPK, Urea, Biofertilizer, Vermicompost","Rice, Sugarcane, Lettuce, Broccoli, Peas","Peas, Wheat, Mustard, Potato, Oats",Winter,28.07,44,haze,220.0,350.0,25.0,40.0,250.0,400.0,6.0,7.0
train,Clay soil,C:\Users\Pranjal Yallurkar\OneDrive\Desktop\PROJECT\Final\soil_photos-20251020T144319Z-1-001\soil_photos\train\Clay soil\Clay_38.jpg,Reddish,6.0–7.0,20–30,65–80,220–350,25–40,250–400,"Rice, Sugarcane, Lettuce, Broccoli, Peas","Compost, NPK, Urea, Biofertilizer, Vermicompost","Rice, Sugarcane, Lettuce, Broccoli, Peas","Peas, Wheat, Mustard, Potato, Oats",Winter,28.07,44,haze,220.0,350.0,25.0,40.0,250.0,400.0,6.0,7.0
train,Clay soil,C:\Users\Pranjal Yallurkar\OneDrive\Desktop\PROJECT\Final\soil_photos-20251020T144319Z-1-001\soil_photos\train\Clay soil\Clay_39.jpg,Reddish,6.0–7.0,20–30,65–80,220–350,25–40,250–400,"Rice, Sugarcane, Lettuce, Broccoli, Peas","Compost, NPK, Urea, Biofertilizer, Vermicompost","Rice, Sugarcane, Lettuce, Broccoli, Peas","Peas, Wheat, Mustard, Potato, Oats",Winter,28.07,44,haze,220.0,350.0,25.0,40.0,250.0,400.0,6.0,7.0
train,Clay soil,C:\Users\Pranjal Yallurkar\OneDrive\Desktop\PROJECT\Final\soil_photos-20251020T144319Z-1-001\soil_photos\train\Clay soil\Clay_4.jpg,Reddish,6.0–7.0,20–30,65–80,220–350,25–40,250–400,"Rice, Sugarcane, Lettuce, Broccoli, Peas","Compost, NPK, Urea, Biofertilizer, Vermicompost","Rice, Sugarcane, Lettuce, Broccoli, Peas","Peas, Wheat, Mustard, Potato, Oats",Winter,28.07,44,haze,220.0,350.0,25.0,40.0,250.0,400.0,6.0,7.0
train,Clay soil,C:\Users\Pranjal Yallurkar\OneDrive\Desktop\PROJECT\Final\soil_photos-20251020T144319Z-1-001\soil_photos\train\Clay soil\Clay_40.jpg,Reddish,6.0–7.0,20–30,65–80,220–350,25–40,250–400,"Rice, Sugarcane, Lettuce, Broccoli, Peas","Compost, NPK, Urea, Biofertilizer, Vermicompost","Rice, Sugarcane, Lettuce, Broccoli, Peas","Peas, Wheat, Mustard, Potato, Oats",Winter,28.07,44,haze,220.0,350.0,25.0,40.0,250.0,400.0,6.0,7.0
train,Clay soil,C:\Users\Pranjal Yallurkar\OneDrive\Desktop\PROJECT\Final\soil_photos-20251020T144319Z-1-001\soil_photos\train\Clay soil\Clay_41.jpg,Reddish,6.0–7.0,20–30,65–80,220–350,25–40,250–400,"Rice, Sugarcane, Lettuce, Broccoli, Peas","Compost, NPK, Urea, Biofertilizer, Vermicompost","Rice, Sugarcane, Lettuce, Broccoli, Peas","Peas, Wheat, Mustard, Potato, Oats",Winter,28.07,44,haze,220.0,350.0,25.0,40.0,250.0,400.0,6.0,7.0
train,Clay soil,C:\Users\Pranjal Yallurkar\OneDrive\Desktop\PROJECT\Final\soil_photos-20251020T144319Z-1-001\soil_photos\train\Clay soil\Clay_42.jpg,Reddish,6.0–7.0,20–30,65–80,220–350,25–40,250–400,"Rice, Sugarcane, Lettuce, Broccoli, Peas","Compost, NPK, Urea, Biofertilizer, Vermicompost","Rice, Sugarcane, Lettuce, Broccoli, Peas","Peas, Wheat, Mustard, Potato, Oats",Winter,28.07,44,haze,220.0,350.0,25.0,40.0,250.0,400.0,6.0,7.0
train,Clay soil,C:\Users\Pranjal Yallurkar\OneDrive\Desktop\PROJECT\Final\soil_photos-20251020T144319Z-1-001\soil_photos\train\Clay soil\Clay_43.jpg,Reddish,6.0–7.0,20–30,65–80,220–350,25–40,250–400,"Rice, Sugarcane, Lettuce, Broccoli, Peas","Compost, NPK, Urea, Biofertilizer, Vermicompost","Rice, Sugarcane, Lettuce, Broccoli, Peas","Peas, Wheat, Mustard, Potato, Oats",Winter,28.07,44,haze,220.0,350.0,25.0,40.0,250.0,400.0,6.0,7.0
train,Clay soil,C:\Users\Pranjal Yallurkar\OneDrive\Desktop\PROJECT\Final\soil_photos-20251020T144319Z-1-001\soil_photos\train\Clay soil\Clay_44.jpg,Reddish,6.0–7.0,20–30,65–80,220–350,25–40,250–400,"Rice, Sugarcane, Lettuce, Broccoli, Peas","Compost, NPK, Urea, Biofertilizer, Vermicompost","Rice, Sugarcane, Lettuce, Broccoli, Peas","Peas, Wheat, Mustard, Potato, Oats",Winter,28.07,44,haze,220.0,350.0,25.0,40.0,250.0,400.0,6.0,7.0
train,Clay soil,C:\Users\Pranjal Yallurkar\OneDrive\Desktop\PROJECT\Final\soil_photos-20251020T144319Z-1-001\soil_photos\train\Clay soil\Clay_45.jpg,Reddish,6.0–7.0,20–30,65–80,220–350,25–40,250–400,"Rice, Sugarcane, Lettuce, Broccoli, Peas","Compost, NPK, Urea, Biofertilizer, Vermicompost","Rice, Sugarcane, Lettuce, Broccoli, Peas","Peas, Wheat, Mustard, Potato, Oats",Winter,28.07,44,haze,220.0,350.0,25.0,40.0,250.0,400.0,6.0,7.0
train,Clay soil,C:\Users\Pranjal Yallurkar\OneDrive\Desktop\PROJECT\Final\soil_photos-20251020T144319Z-1-001\soil_photos\train\Clay soil\Clay_46.jpg,Reddish,6.0–7.0,20–30,65–80,220–350,25–40,250–400,"Rice, Sugarcane, Lettuce, Broccoli, Peas","Compost, NPK, Urea, Biofertilizer, Vermicompost","Rice, Sugarcane, Lettuce, Broccoli, Peas","Peas, Wheat, Mustard, Potato, Oats",Winter,28.07,44,haze,220.0,350.0,25.0,40.0,250.0,400.0,6.0,7.0
train,Clay soil,C:\Users\Pranjal Yallurkar\OneDrive\Desktop\PROJECT\Final\soil_photos-20251020T144319Z-1-001\soil_photos\train\Clay soil\Clay_47.jpg,Reddish,6.0–7.0,20–30,65–80,220–350,25–40,250–400,"Rice, Sugarcane, Lettuce, Broccoli, Peas","Compost, NPK, Urea, Biofertilizer, Vermicompost","Rice, Sugarcane, Lettuce, Broccoli, Peas","Peas, Wheat, Mustard, Potato, Oats",Winter,28.07,44,haze,220.0,350.0,25.0,40.0,250.0,400.0,6.0,7.0
train,Clay soil,C:\Users\Pranjal Yallurkar\OneDrive\Desktop\PROJECT\Final\soil_photos-20251020T144319Z-1-001\soil_photos\train\Clay soil\Clay_5.jpg,Reddish,6.0–7.0,20–30,65–80,220–350,25–40,250–400,"Rice, Sugarcane, Lettuce, Broccoli, Peas","Compost, NPK, Urea, Biofertilizer, Vermicompost","Rice, Sugarcane, Lettuce, Broccoli, Peas","Peas, Wheat, Mustard, Potato, Oats",Winter,28.07,44,haze,220.0,350.0,25.0,40.0,250.0,400.0,6.0,7.0
train,Clay soil,C:\Users\Pranjal Yallurkar\OneDrive\Desktop\PROJECT\Final\soil_photos-20251020T144319Z-1-001\soil_photos\train\Clay soil\Clay_6.jpg,Reddish,6.0–7.0,20–30,65–80,220–350,25–40,250–400,"Rice, Sugarcane, Lettuce, Broccoli, Peas","Compost, NPK, Urea, Biofertilizer, Vermicompost","Rice, Sugarcane, Lettuce, Broccoli, Peas","Peas, Wheat, Mustard, Potato, Oats",Winter,28.07,44,haze,220.0,350.0,25.0,40.0,250.0,400.0,6.0,7.0
train,Clay soil,C:\Users\Pranjal Yallurkar\OneDrive\Desktop\PROJECT\Final\soil_photos-20251020T144319Z-1-001\soil_photos\train\Clay soil\Clay_7.jpg,Bluish,6.0–7.0,20–30,65–80,220–350,25–40,250–400,"Rice, Sugarcane, Lettuce, Broccoli, Peas","Compost, NPK, Urea, Biofertilizer, Ammonium Sulphate","Rice, Sugarcane, Lettuce, Broccoli, Peas","Peas, Wheat, Mustard, Potato, Oats",Winter,28.07,44,haze,220.0,350.0,25.0,40.0,250.0,400.0,6.0,7.0
train,Clay soil,C:\Users\Pranjal Yallurkar\OneDrive\Desktop\PROJECT\Final\soil_photos-20251020T144319Z-1-001\soil_photos\train\Clay soil\Clay_8.jpg,Reddish,6.0–7.0,20–30,65–80,220–350,25–40,250–400,"Rice, Sugarcane, Lettuce, Broccoli, Peas","Compost, NPK, Urea, Biofertilizer, Vermicompost","Rice, Sugarcane, Lettuce, Broccoli, Peas","Peas, Wheat, Mustard, Potato, Oats",Winter,28.07,44,haze,220.0,350.0,25.0,40.0,250.0,400.0,6.0,7.0
train,Clay soil,C:\Users\Pranjal Yallurkar\OneDrive\Desktop\PROJECT\Final\soil_photos-20251020T144319Z-1-001\soil_photos\train\Clay soil\Clay_9.jpg,Reddish,6.0–7.0,20–30,65–80,220–350,25–40,250–400,"Rice, Sugarcane, Lettuce, Broccoli, Peas","Compost, NPK, Urea, Biofertilizer, Vermicompost","Rice, Sugarcane, Lettuce, Broccoli, Peas","Peas, Wheat, Mustard, Potato, Oats",Winter,28.07,44,haze,220.0,350.0,25.0,40.0,250.0,400.0,6.0,7.0
train,Clay soil,C:\Users\Pranjal Yallurkar\OneDrive\Desktop\PROJECT\Final\soil_photos-20251020T144319Z-1-001\soil_photos\train\Clay soil\Clay_Soil.jpg,Reddish,6.0–7.0,20–30,65–80,220–350,25–40,250–400,"Rice, Sugarcane, Lettuce, Broccoli, Peas","Compost, NPK, Urea, Biofertilizer, Vermicompost","Rice, Sugarcane, Lettuce, Broccoli, Peas","Peas, Wheat, Mustard, Potato, Oats",Winter,28.07,44,haze,220.0,350.0,25.0,40.0,250.0,400.0,6.0,7.0
train,Clay soil,C:\Users\Pranjal Yallurkar\OneDrive\Desktop\PROJECT\Final\soil_photos-20251020T144319Z-1-001\soil_photos\train\Clay soil\Copy of 1523893451317.jpeg,Reddish,6.0–7.0,20–30,65–80,220–350,25–40,250–400,"Rice, Sugarcane, Lettuce, Broccoli, Peas","Compost, NPK, Urea, Biofertilizer, Vermicompost","Rice, Sugarcane, Lettuce, Broccoli, Peas","Peas, Wheat, Mustard, Potato, Oats",Winter,28.07,44,haze,220.0,350.0,25.0,40.0,250.0,400.0,6.0,7.0
train,Clay soil,C:\Users\Pranjal Yallurkar\OneDrive\Desktop\PROJECT\Final\soil_photos-20251020T144319Z-1-001\soil_photos\train\Clay soil\Copy of 91714675-background-of-red-clay-the-real-desert-soil.jpg,Reddish,6.0–7.0,20–30,65–80,220–350,25–40,250–400,"Rice, Sugarcane, Lettuce, Broccoli, Peas","Compost, NPK, Urea, Biofertilizer, Vermicompost","Rice, Sugarcane, Lettuce, Broccoli, Peas","Peas, Wheat, Mustard, Potato, Oats",Winter,28.07,44,haze,220.0,350.0,25.0,40.0,250.0,400.0,6.0,7.0
train,Clay soil,C:\Users\Pranjal Yallurkar\OneDrive\Desktop\PROJECT\Final\soil_photos-20251020T144319Z-1-001\soil_photos\train\Clay soil\Copy of 94530057-red-clay-soil-on-nature-as-a-background-.jpg,Reddish,6.0–7.0,20–30,65–80,220–350,25–40,250–400,"Rice, Sugarcane, Lettuce, Broccoli, Peas","Compost, NPK, Urea, Biofertilizer, Vermicompost","Rice, Sugarcane, Lettuce, Broccoli, Peas","Peas, Wheat, Mustard, Potato, Oats",Winter,28.07,44,haze,220.0,350.0,25.0,40.0,250.0,400.0,6.0,7.0
train,Clay soil,C:\Users\Pranjal Yallurkar\OneDrive\Desktop\PROJECT\Final\soil_photos-20251020T144319Z-1-001\soil_photos\train\Clay soil\Copy of AdobeStock_277261663.jpg,Reddish,6.0–7.0,20–30,65–80,220–350,25–40,250–400,"Rice, Sugarcane, Lettuce, Broccoli, Peas","Compost, NPK, Urea, Biofertilizer, Vermicompost","Rice, Sugarcane, Lettuce, Broccoli, Peas","Peas, Wheat, Mustard, Potato, Oats",Winter,28.07,44,haze,220.0,350.0,25.0,40.0,250.0,400.0,6.0,7.0
train,Clay soil,C:\Users\Pranjal Yallurkar\OneDrive\Desktop\PROJECT\Final\soil_photos-20251020T144319Z-1-001\soil_photos\train\Clay soil\Copy of Bamboo_for_clay_soil_main.jpg,Reddish,6.0–7.0,20–30,65–80,220–350,25–40,250–400,"Rice, Sugarcane, Lettuce, Broccoli, Peas","Compost, NPK, Urea, Biofertilizer, Vermicompost","Rice, Sugarcane, Lettuce, Broccoli, Peas","Peas, Wheat, Mustard, Potato, Oats",Winter,28.07,44,haze,220.0,350.0,25.0,40.0,250.0,400.0,6.0,7.0
train,Clay soil,C:\Users\Pranjal Yallurkar\OneDrive\Desktop\PROJECT\Final\soil_photos-20251020T144319Z-1-001\soil_photos\train\Clay soil\Copy of BLOG_Clay_soil_1024_500_x500.png,Reddish,6.0–7.0,20–30,65–80,220–350,25–40,250–400,"Rice, Sugarcane, Lettuce, Broccoli, Peas","Compost, NPK, Urea, Biofertilizer, Vermicompost","Rice, Sugarcane, Lettuce, Broccoli, Peas","Peas, Wheat, Mustard, Potato, Oats",Winter,28.07,44,haze,220.0,350.0,25.0,40.0,250.0,400.0,6.0,7.0
train,Clay soil,C:\Users\Pranjal Yallurkar\OneDrive\Desktop\PROJECT\Final\soil_photos-20251020T144319Z-1-001\soil_photos\train\Clay soil\Copy of clay-260nw-614429543.jpg,Reddish,6.0–7.0,20–30,65–80,220–350,25–40,250–400,"Rice, Sugarcane, Lettuce, Broccoli, Peas","Compost, NPK, Urea, Biofertilizer, Vermicompost","Rice, Sugarcane, Lettuce, Broccoli, Peas","Peas, Wheat, Mustard, Potato, Oats",Winter,28.07,44,haze,220.0,350.0,25.0,40.0,250.0,400.0,6.0,7.0
train,Clay soil,C:\Users\Pranjal Yallurkar\OneDrive\Desktop\PROJECT\Final\soil_photos-20251020T144319Z-1-001\soil_photos\train\Clay soil\Copy of Clay-Soil(2).jpg,Reddish,6.0–7.0,20–30,65–80,220–350,25–40,250–400,"Rice, Sugarcane, Lettuce, Broccoli, Peas","Compost, NPK, Urea, Biofertilizer, Vermicompost","Rice, Sugarcane, Lettuce, Broccoli, Peas","Peas, Wheat, Mustard, Potato, Oats",Winter,28.07,44,haze,220.0,350.0,25.0,40.0,250.0,400.0,6.0,7.0
train,Clay soil,C:\Users\Pranjal Yallurkar\OneDrive\Desktop\PROJECT\Final\soil_photos-20251020T144319Z-1-001\soil_photos\train\Clay soil\Copy of clay-soil-close-up-brown-179039817.jpg,Reddish,6.0–7.0,20–30,65–80,220–350,25–40,250–400,"Rice, Sugarcane, Lettuce, Broccoli, Peas","Compost, NPK, Urea, Biofertilizer, Vermicompost","Rice, Sugarcane, Lettuce, Broccoli, Peas","Peas, Wheat, Mustard, Potato, Oats",Winter,28.07,44,haze,220.0,350.0,25.0,40.0,250.0,400.0,6.0,7.0
train,Clay soil,C:\Users\Pranjal Yallurkar\OneDrive\Desktop\PROJECT\Final\soil_photos-20251020T144319Z-1-001\soil_photos\train\Clay soil\Copy of clay-soil-cropped.jpg,Reddish,6.0–7.0,20–30,65–80,220–350,25–40,250–400,"Rice, Sugarcane, Lettuce, Broccoli, Peas","Compost, NPK, Urea, Biofertilizer, Vermicompost","Rice, Sugarcane, Lettuce, Broccoli, Peas","Peas, Wheat, Mustard, Potato, Oats",Winter,28.07,44,haze,220.0,350.0,25.0,40.0,250.0,400.0,6.0,7.0
train,Clay soil,C:\Users\Pranjal Yallurkar\OneDrive\Desktop\PROJECT\Final\soil_photos-20251020T144319Z-1-001\soil_photos\train\Clay soil\Copy of clay-soil-cut-red-color-clay-clay-soil-cut-red-color-clay-184254602.jpg,Reddish,6.0–7.0,20–30,65–80,220–350,25–40,250–400,"Rice, Sugarcane, Lettuce, Broccoli, Peas","Compost, NPK, Urea, Biofertilizer, Vermicompost","Rice, Sugarcane, Lettuce, Broccoli, Peas","Peas, Wheat, Mustard, Potato, Oats",Winter,28.07,44,haze,220.0,350.0,25.0,40.0,250.0,400.0,6.0,7.0
train,Clay soil,C:\Users\Pranjal Yallurkar\OneDrive\Desktop\PROJECT\Final\soil_photos-20251020T144319Z-1-001\soil_photos\train\Clay soil\Copy of clay-soil-field.jpg,Reddish,6.0–7.0,20–30,65–80,220–350,25–40,250–400,"Rice, Sugarcane, Lettuce, Broccoli, Peas","Compost, NPK, Urea, Biofertilizer, Vermicompost","Rice, Sugarcane, Lettuce, Broccoli, Peas","Peas, Wheat, Mustard, Potato, Oats",Winter,28.07,44,haze,220.0,350.0,25.0,40.0,250.0,400.0,6.0,7.0
train,Clay soil,C:\Users\Pranjal Yallurkar\OneDrive\Desktop\PROJECT\Final\soil_photos-20251020T144319Z-1-001\soil_photos\train\Clay soil\Copy of clay-soil.jpg,Reddish,6.0–7.0,20–30,65–80,220–350,25–40,250–400,"Rice, Sugarcane, Lettuce, Broccoli, Peas","Compost, NPK, Urea, Biofertilizer, Vermicompost","Rice, Sugarcane, Lettuce, Broccoli, Peas","Peas, Wheat, Mustard, Potato, Oats",Winter,28.07,44,haze,220.0,350.0,25.0,40.0,250.0,400.0,6.0,7.0
train,Clay soil,C:\Users\Pranjal Yallurkar\OneDrive\Desktop\PROJECT\Final\soil_photos-20251020T144319Z-1-001\soil_photos\train\Clay soil\Copy of clay-soil2.jpg,Reddish,6.0–7.0,20–30,65–80,220–350,25–40,250–400,"Rice, Sugarcane, Lettuce, Broccoli, Peas","Compost, NPK, Urea, Biofertilizer, Vermicompost","Rice, Sugarcane, Lettuce, Broccoli, Peas","Peas, Wheat, Mustard, Potato, Oats",Winter,28.07,44,haze,220.0,350.0,25.0,40.0,250.0,400.0,6.0,7.0
train,Clay soil,C:\Users\Pranjal Yallurkar\OneDrive\Desktop\PROJECT\Final\soil_photos-20251020T144319Z-1-001\soil_photos\train\Clay soil\Copy of clay-soils-2.jpg,Reddish,6.0–7.0,20–30,65–80,220–350,25–40,250–400,"Rice, Sugarcane, Lettuce, Broccoli, Peas","Compost, NPK, Urea, Biofertilizer, Vermicompost","Rice, Sugarcane, Lettuce, Broccoli, Peas","Peas, Wheat, Mustard, Potato, Oats",Winter,28.07,44,haze,220.0,350.0,25.0,40.0,250.0,400.0,6.0,7.0
train,Clay soil,C:\Users\Pranjal Yallurkar\OneDrive\Desktop\PROJECT\Final\soil_photos-20251020T144319Z-1-001\soil_photos\train\Clay soil\Copy of clay.jpg,Reddish,6.0–7.0,20–30,65–80,220–350,25–40,250–400,"Rice, Sugarcane, Lettuce, Broccoli, Peas","Compost, NPK, Urea, Biofertilizer, Vermicompost","Rice, Sugarcane, Lettuce, Broccoli, Peas","Peas, Wheat, Mustard, Potato, Oats",Winter,28.07,44,haze,220.0,350.0,25.0,40.0,250.0,400.0,6.0,7.0
train,Clay soil,C:\Users\Pranjal Yallurkar\OneDrive\Desktop\PROJECT\Final\soil_photos-20251020T144319Z-1-001\soil_photos\train\Clay soil\Copy of Clayey-Soil-img.jpg,Reddish,6.0–7.0,20–30,65–80,220–350,25–40,250–400,"Rice, Sugarcane, Lettuce, Broccoli, Peas","Compost, NPK, Urea, Biofertilizer, Vermicompost","Rice, Sugarcane, Lettuce, Broccoli, Peas","Peas, Wheat, Mustard, Potato, Oats",Winter,28.07,44,haze,220.0,350.0,25.0,40.0,250.0,400.0,6.0,7.0
train,Clay soil,C:\Users\Pranjal Yallurkar\OneDrive\Desktop\PROJECT\Final\soil_photos-20251020T144319Z-1-001\soil_photos\train\Clay soil\Copy of Clay_Soil.jpg,Reddish,6.0–7.0,20–30,65–80,220–350,25–40,250–400,"Rice, Sugarcane, Lettuce, Broccoli, Peas","Compost, NPK, Urea, Biofertilizer, Vermicompost","Rice, Sugarcane, Lettuce, Broccoli, Peas","Peas, Wheat, Mustard, Potato, Oats",Winter,28.07,44,haze,220.0,350.0,25.0,40.0,250.0,400.0,6.0,7.0
train,Clay soil,C:\Users\Pranjal Yallurkar\OneDrive\Desktop\PROJECT\Final\soil_photos-20251020T144319Z-1-001\soil_photos\train\Clay soil\Copy of Copy of Shovel-In-Clay-1-of-1-600x409.jpg,Reddish,6.0–7.0,20–30,65–80,220–350,25–40,250–400,"Rice, Sugarcane, Lettuce, Broccoli, Peas","Compost, NPK, Urea, Biofertilizer, Vermicompost","Rice, Sugarcane, Lettuce, Broccoli, Peas","Peas, Wheat, Mustard, Potato, Oats",Winter,28.07,44,haze,220.0,350.0,25.0,40.0,250.0,400.0,6.0,7.0
train,Clay soil,C:\Users\Pranjal Yallurkar\OneDrive\Desktop\PROJECT\Final\soil_photos-20251020T144319Z-1-001\soil_photos\train\Clay soil\Copy of cracked-clay-soil-12498989(1).jpg,Reddish,6.0–7.0,20–30,65–80,220–350,25–40,250–400,"Rice, Sugarcane, Lettuce, Broccoli, Peas","Compost, NPK, Urea, Biofertilizer, Vermicompost","Rice, Sugarcane, Lettuce, Broccoli, Peas","Peas, Wheat, Mustard, Potato, Oats",Winter,28.07,44,haze,220.0,350.0,25.0,40.0,250.0,400.0,6.0,7.0
train,Clay soil,C:\Users\Pranjal Yallurkar\OneDrive\Desktop\PROJECT\Final\soil_photos-20251020T144319Z-1-001\soil_photos\train\Clay soil\Copy of cracked-clay-soil-12498989.jpg,Reddish,6.0–7.0,20–30,65–80,220–350,25–40,250–400,"Rice, Sugarcane, Lettuce, Broccoli, Peas","Compost, NPK, Urea, Biofertilizer, Vermicompost","Rice, Sugarcane, Lettuce, Broccoli, Peas","Peas, Wheat, Mustard, Potato, Oats",Winter,28.07,44,haze,220.0,350.0,25.0,40.0,250.0,400.0,6.0,7.0
train,Clay soil,C:\Users\Pranjal Yallurkar\OneDrive\Desktop\PROJECT\Final\soil_photos-20251020T144319Z-1-001\soil_photos\train\Clay soil\Copy of depositphotos_5508133-stock-photo-dry-red-clay-soil-texture(1).jpg,Reddish,6.0–7.0,20–30,65–80,220–350,25–40,250–400,"Rice, Sugarcane, Lettuce, Broccoli, Peas","Compost, NPK, Urea, Biofertilizer, Vermicompost","Rice, Sugarcane, Lettuce, Broccoli, Peas","Peas, Wheat, Mustard, Potato, Oats",Winter,28.07,44,haze,220.0,350.0,25.0,40.0,250.0,400.0,6.0,7.0
train,Clay soil,C:\Users\Pranjal Yallurkar\OneDrive\Desktop\PROJECT\Final\soil_photos-20251020T144319Z-1-001\soil_photos\train\Clay soil\Copy of depositphotos_5508133-stock-photo-dry-red-clay-soil-texture.jpg,Reddish,6.0–7.0,20–30,65–80,220–350,25–40,250–400,"Rice, Sugarcane, Lettuce, Broccoli, Peas","Compost, NPK, Urea, Biofertilizer, Vermicompost","Rice, Sugarcane, Lettuce, Broccoli, Peas","Peas, Wheat, Mustard, Potato, Oats",Winter,28.07,44,haze,220.0,350.0,25.0,40.0,250.0,400.0,6.0,7.0
train,Clay soil,C:\Users\Pranjal Yallurkar\OneDrive\Desktop\PROJECT\Final\soil_photos-20251020T144319Z-1-001\soil_photos\train\Clay soil\Copy of drought-964339_1920(1).jpg,Reddish,6.0–7.0,20–30,65–80,220–350,25–40,250–400,"Rice, Sugarcane, Lettuce, Broccoli, Peas","Compost, NPK, Urea, Biofertilizer, Vermicompost","Rice, Sugarcane, Lettuce, Broccoli, Peas","Peas, Wheat, Mustard, Potato, Oats",Winter,28.07,44,haze,220.0,350.0,25.0,40.0,250.0,400.0,6.0,7.0
train,Clay soil,C:\Users\Pranjal Yallurkar\OneDrive\Desktop\PROJECT\Final\soil_photos-20251020T144319Z-1-001\soil_photos\train\Clay soil\Copy of drought-964339_1920.jpg,Reddish,6.0–7.0,20–30,65–80,220–350,25–40,250–400,"Rice, Sugarcane, Lettuce, Broccoli, Peas","Compost, NPK, Urea, Biofertilizer, Vermicompost","Rice, Sugarcane, Lettuce, Broccoli, Peas","Peas, Wheat, Mustard, Potato, Oats",Winter,28.07,44,haze,220.0,350.0,25.0,40.0,250.0,400.0,6.0,7.0
train,Clay soil,C:\Users\Pranjal Yallurkar\OneDrive\Desktop\PROJECT\Final\soil_photos-20251020T144319Z-1-001\soil_photos\train\Clay soil\Copy of dry-clay-soil-in-lanzarote-M4A2DW(1).jpg,Reddish,6.0–7.0,20–30,65–80,220–350,25–40,250–400,"Rice, Sugarcane, Lettuce, Broccoli, Peas","Compost, NPK, Urea, Biofertilizer, Vermicompost","Rice, Sugarcane, Lettuce, Broccoli, Peas","Peas, Wheat, Mustard, Potato, Oats",Winter,28.07,44,haze,220.0,350.0,25.0,40.0,250.0,400.0,6.0,7.0
train,Clay soil,C:\Users\Pranjal Yallurkar\OneDrive\Desktop\PROJECT\Final\soil_photos-20251020T144319Z-1-001\soil_photos\train\Clay soil\Copy of dry-clay-soil-in-lanzarote-M4A2DW.jpg,Reddish,6.0–7.0,20–30,65–80,220–350,25–40,250–400,"Rice, Sugarcane, Lettuce, Broccoli, Peas","Compost, NPK, Urea, Biofertilizer, Vermicompost","Rice, Sugarcane, Lettuce, Broccoli, Peas","Peas, Wheat, Mustard, Potato, Oats",Winter,28.07,44,haze,220.0,350.0,25.0,40.0,250.0,400.0,6.0,7.0
train,Clay soil,C:\Users\Pranjal Yallurkar\OneDrive\Desktop\PROJECT\Final\soil_photos-20251020T144319Z-1-001\soil_photos\train\Clay soil\Copy of e2913e6eff5701c471f4dddbe7f66c92(1).jpg,Reddish,6.0–7.0,20–30,65–80,220–350,25–40,250–400,"Rice, Sugarcane, Lettuce, Broccoli, Peas","Compost, NPK, Urea, Biofertilizer, Vermicompost","Rice, Sugarcane, Lettuce, Broccoli, Peas","Peas, Wheat, Mustard, Potato, Oats",Winter,28.07,44,haze,220.0,350.0,25.0,40.0,250.0,400.0,6.0,7.0
train,Clay soil,C:\Users\Pranjal Yallurkar\OneDrive\Desktop\PROJECT\Final\soil_photos-20251020T144319Z-1-001\soil_photos\train\Clay soil\Copy of e2913e6eff5701c471f4dddbe7f66c92.jpg,Reddish,6.0–7.0,20–30,65–80,220–350,25–40,250–400,"Rice, Sugarcane, Lettuce, Broccoli, Peas","Compost, NPK, Urea, Biofertilizer, Vermicompost","Rice, Sugarcane, Lettuce, Broccoli, Peas","Peas, Wheat, Mustard, Potato, Oats",Winter,28.07,44,haze,220.0,350.0,25.0,40.0,250.0,400.0,6.0,7.0
train,Clay soil,C:\Users\Pranjal Yallurkar\OneDrive\Desktop\PROJECT\Final\soil_photos-20251020T144319Z-1-001\soil_photos\train\Clay soil\Copy of Heres-How-To-Improve-Your-Clay-Soil-the-Easy-Way-FI(1).jpg,Reddish,6.0–7.0,20–30,65–80,220–350,25–40,250–400,"Rice, Sugarcane, Lettuce, Broccoli, Peas","Compost, NPK, Urea, Biofertilizer, Vermicompost","Rice, Sugarcane, Lettuce, Broccoli, Peas","Peas, Wheat, Mustard, Potato, Oats",Winter,28.07,44,haze,220.0,350.0,25.0,40.0,250.0,400.0,6.0,7.0
train,Clay soil,C:\Users\Pranjal Yallurkar\OneDrive\Desktop\PROJECT\Final\soil_photos-20251020T144319Z-1-001\soil_photos\train\Clay soil\Copy of Heres-How-To-Improve-Your-Clay-Soil-the-Easy-Way-FI.jpg,Reddish,6.0–7.0,20–30,65–80,220–350,25–40,250–400,"Rice, Sugarcane, Lettuce, Broccoli, Peas","Compost, NPK, Urea, Biofertilizer, Vermicompost","Rice, Sugarcane, Lettuce, Broccoli, Peas","Peas, Wheat, Mustard, Potato, Oats",Winter,28.07,44,haze,220.0,350.0,25.0,40.0,250.0,400.0,6.0,7.0
train,Clay soil,C:\Users\Pranjal Yallurkar\OneDrive\Desktop\PROJECT\Final\soil_photos-20251020T144319Z-1-001\soil_photos\train\Clay soil\Copy of image21(1).jpeg,Reddish,6.0–7.0,20–30,65–80,220–350,25–40,250–400,"Rice, Sugarcane, Lettuce, Broccoli, Peas","Compost, NPK, Urea, Biofertilizer, Vermicompost","Rice, Sugarcane, Lettuce, Broccoli, Peas","Peas, Wheat, Mustard, Potato, Oats",Winter,28.07,44,haze,220.0,350.0,25.0,40.0,250.0,400.0,6.0,7.0
train,Clay soil,C:\Users\Pranjal Yallurkar\OneDrive\Desktop\PROJECT\Final\soil_photos-20251020T144319Z-1-001\soil_photos\train\Clay soil\Copy of image21.jpeg,Reddish,6.0–7.0,20–30,65–80,220–350,25–40,250–400,"Rice, Sugarcane, Lettuce, Broccoli, Peas","Compost, NPK, Urea, Biofertilizer, Vermicompost","Rice, Sugarcane, Lettuce, Broccoli, Peas","Peas, Wheat, Mustard, Potato, Oats",Winter,28.07,44,haze,220.0,350.0,25.0,40.0,250.0,400.0,6.0,7.0
train,Clay soil,C:\Users\Pranjal Yallurkar\OneDrive\Desktop\PROJECT\Final\soil_photos-20251020T144319Z-1-001\soil_photos\train\Clay soil\Copy of image23 (2)(1).jpeg,Reddish,6.0–7.0,20–30,65–80,220–350,25–40,250–400,"Rice, Sugarcane, Lettuce, Broccoli, Peas","Compost, NPK, Urea, Biofertilizer, Vermicompost","Rice, Sugarcane, Lettuce, Broccoli, Peas","Peas, Wheat, Mustard, Potato, Oats",Winter,28.07,44,haze,220.0,350.0,25.0,40.0,250.0,400.0,6.0,7.0
train,Clay soil,C:\Users\Pranjal Yallurkar\OneDrive\Desktop\PROJECT\Final\soil_photos-20251020T144319Z-1-001\soil_photos\train\Clay soil\Copy of image23 (2).jpeg,Reddish,6.0–7.0,20–30,65–80,220–350,25–40,250–400,"Rice, Sugarcane, Lettuce, Broccoli, Peas","Compost, NPK, Urea, Biofertilizer, Vermicompost","Rice, Sugarcane, Lettuce, Broccoli, Peas","Peas, Wheat, Mustard, Potato, Oats",Winter,28.07,44,haze,220.0,350.0,25.0,40.0,250.0,400.0,6.0,7.0
train,Clay soil,C:\Users\Pranjal Yallurkar\OneDrive\Desktop\PROJECT\Final\soil_photos-20251020T144319Z-1-001\soil_photos\train\Clay soil\Copy of image6(1).jpeg,Reddish,6.0–7.0,20–30,65–80,220–350,25–40,250–400,"Rice, Sugarcane, Lettuce, Broccoli, Peas","Compost, NPK, Urea, Biofertilizer, Vermicompost","Rice, Sugarcane, Lettuce, Broccoli, Peas","Peas, Wheat, Mustard, Potato, Oats",Winter,28.07,44,haze,220.0,350.0,25.0,40.0,250.0,400.0,6.0,7.0
train,Clay soil,C:\Users\Pranjal Yallurkar\OneDrive\Desktop\PROJECT\Final\soil_photos-20251020T144319Z-1-001\soil_photos\train\Clay soil\Copy of image6.jpeg,Reddish,6.0–7.0,20–30,65–80,220–350,25–40,250–400,"Rice, Sugarcane, Lettuce, Broccoli, Peas","Compost, NPK, Urea, Biofertilizer, Vermicompost","Rice, Sugarcane, Lettuce, Broccoli, Peas","Peas, Wheat, Mustard, Potato, Oats",Winter,28.07,44,haze,220.0,350.0,25.0,40.0,250.0,400.0,6.0,7.0
train,Clay soil,C:\Users\Pranjal Yallurkar\OneDrive\Desktop\PROJECT\Final\soil_photos-20251020T144319Z-1-001\soil_photos\train\Clay soil\Copy of images22(1).jpg,Reddish,6.0–7.0,20–30,65–80,220–350,25–40,250–400,"Rice, Sugarcane, Lettuce, Broccoli, Peas","Compost, NPK, Urea, Biofertilizer, Vermicompost","Rice, Sugarcane, Lettuce, Broccoli, Peas","Peas, Wheat, Mustard, Potato, Oats",Winter,28.07,44,haze,220.0,350.0,25.0,40.0,250.0,400.0,6.0,7.0
train,Clay soil,C:\Users\Pranjal Yallurkar\OneDrive\Desktop\PROJECT\Final\soil_photos-20251020T144319Z-1-001\soil_photos\train\Clay soil\Copy of images22.jpg,Reddish,6.0–7.0,20–30,65–80,220–350,25–40,250–400,"Rice, Sugarcane, Lettuce, Broccoli, Peas","Compost, NPK, Urea, Biofertilizer, Vermicompost","Rice, Sugarcane, Lettuce, Broccoli, Peas","Peas, Wheat, Mustard, Potato, Oats",Winter,28.07,44,haze,220.0,350.0,25.0,40.0,250.0,400.0,6.0,7.0
train,Clay soil,C:\Users\Pranjal Yallurkar\OneDrive\Desktop\PROJECT\Final\soil_photos-20251020T144319Z-1-001\soil_photos\train\Clay soil\Copy of images24(1).jpg,Reddish,6.0–7.0,20–30,65–80,220–350,25–40,250–400,"Rice, Sugarcane, Lettuce, Broccoli, Peas","Compost, NPK, Urea, Biofertilizer, Vermicompost","Rice, Sugarcane, Lettuce, Broccoli, Peas","Peas, Wheat, Mustard, Potato, Oats",Winter,28.07,44,haze,220.0,350.0,25.0,40.0,250.0,400.0,6.0,7.0
train,Clay soil,C:\Users\Pranjal Yallurkar\OneDrive\Desktop\PROJECT\Final\soil_photos-20251020T144319Z-1-001\soil_photos\train\Clay soil\Copy of images24.jpg,Reddish,6.0–7.0,20–30,65–80,220–350,25–40,250–400,"Rice, Sugarcane, Lettuce, Broccoli, Peas","Compost, NPK, Urea, Biofertilizer, Vermicompost","Rice, Sugarcane, Lettuce, Broccoli, Peas","Peas, Wheat, Mustard, Potato, Oats",Winter,28.07,44,haze,220.0,350.0,25.0,40.0,250.0,400.0,6.0,7.0
train,Clay soil,C:\Users\Pranjal Yallurkar\OneDrive\Desktop\PROJECT\Final\soil_photos-20251020T144319Z-1-001\soil_photos\train\Clay soil\Copy of images34(1).jpg,Reddish,6.0–7.0,20–30,65–80,220–350,25–40,250–400,"Rice, Sugarcane, Lettuce, Broccoli, Peas","Compost, NPK, Urea, Biofertilizer, Vermicompost","Rice, Sugarcane, Lettuce, Broccoli, Peas","Peas, Wheat, Mustard, Potato, Oats",Winter,28.07,44,haze,220.0,350.0,25.0,40.0,250.0,400.0,6.0,7.0
train,Clay soil,C:\Users\Pranjal Yallurkar\OneDrive\Desktop\PROJECT\Final\soil_photos-20251020T144319Z-1-001\soil_photos\train\Clay soil\Copy of images34.jpg,Reddish,6.0–7.0,20–30,65–80,220–350,25–40,250–400,"Rice, Sugarcane, Lettuce, Broccoli, Peas","Compost, NPK, Urea, Biofertilizer, Vermicompost","Rice, Sugarcane, Lettuce, Broccoli, Peas","Peas, Wheat, Mustard, Potato, Oats",Winter,28.07,44,haze,220.0,350.0,25.0,40.0,250.0,400.0,6.0,7.0
train,Clay soil,C:\Users\Pranjal Yallurkar\OneDrive\Desktop\PROJECT\Final\soil_photos-20251020T144319Z-1-001\soil_photos\train\Clay soil\Copy of images407(1).jpg,Reddish,6.0–7.0,20–30,65–80,220–350,25–40,250–400,"Rice, Sugarcane, Lettuce, Broccoli, Peas","Compost, NPK, Urea, Biofertilizer, Vermicompost","Rice, Sugarcane, Lettuce, Broccoli, Peas","Peas, Wheat, Mustard, Potato, Oats",Winter,28.07,44,haze,220.0,350.0,25.0,40.0,250.0,400.0,6.0,7.0
train,Clay soil,C:\Users\Pranjal Yallurkar\OneDrive\Desktop\PROJECT\Final\soil_photos-20251020T144319Z-1-001\soil_photos\train\Clay soil\Copy of images407.jpg,Reddish,6.0–7.0,20–30,65–80,220–350,25–40,250–400,"Rice, Sugarcane, Lettuce, Broccoli, Peas","Compost, NPK, Urea, Biofertilizer, Vermicompost","Rice, Sugarcane, Lettuce, Broccoli, Peas","Peas, Wheat, Mustard, Potato, Oats",Winter,28.07,44,haze,220.0,350.0,25.0,40.0,250.0,400.0,6.0,7.0
train,Clay soil,C:\Users\Pranjal Yallurkar\OneDrive\Desktop\PROJECT\Final\soil_photos-20251020T144319Z-1-001\soil_photos\train\Clay soil\Copy of images43(1).jpg,Reddish,6.0–7.0,20–30,65–80,220–350,25–40,250–400,"Rice, Sugarcane, Lettuce, Broccoli, Peas","Compost, NPK, Urea, Biofertilizer, Vermicompost","Rice, Sugarcane, Lettuce, Broccoli, Peas","Peas, Wheat, Mustard, Potato, Oats",Winter,28.07,44,haze,220.0,350.0,25.0,40.0,250.0,400.0,6.0,7.0
train,Clay soil,C:\Users\Pranjal Yallurkar\OneDrive\Desktop\PROJECT\Final\soil_photos-20251020T144319Z-1-001\soil_photos\train\Clay soil\Copy of images43.jpg,Reddish,6.0–7.0,20–30,65–80,220–350,25–40,250–400,"Rice, Sugarcane, Lettuce, Broccoli, Peas","Compost, NPK, Urea, Biofertilizer, Vermicompost","Rice, Sugarcane, Lettuce, Broccoli, Peas","Peas, Wheat, Mustard, Potato, Oats",Winter,28.07,44,haze,220.0,350.0,25.0,40.0,250.0,400.0,6.0,7.0
train,Clay soil,C:\Users\Pranjal Yallurkar\OneDrive\Desktop\PROJECT\Final\soil_photos-20251020T144319Z-1-001\soil_photos\train\Clay soil\Copy of images72(1).jpg,Reddish,6.0–7.0,20–30,65–80,220–350,25–40,250–400,"Rice, Sugarcane, Lettuce, Broccoli, Peas","Compost, NPK, Urea, Biofertilizer, Vermicompost","Rice, Sugarcane, Lettuce, Broccoli, Peas","Peas, Wheat, Mustard, Potato, Oats",Winter,28.07,44,haze,220.0,350.0,25.0,40.0,250.0,400.0,6.0,7.0
train,Clay soil,C:\Users\Pranjal Yallurkar\OneDrive\Desktop\PROJECT\Final\soil_photos-20251020T144319Z-1-001\soil_photos\train\Clay soil\Copy of images72.jpg,Reddish,6.0–7.0,20–30,65–80,220–350,25–40,250–400,"Rice, Sugarcane, Lettuce, Broccoli, Peas","Compost, NPK, Urea, Biofertilizer, Vermicompost","Rice, Sugarcane, Lettuce, Broccoli, Peas","Peas, Wheat, Mustard, Potato, Oats",Winter,28.07,44,haze,220.0,350.0,25.0,40.0,250.0,400.0,6.0,7.0
train,Clay soil,C:\Users\Pranjal Yallurkar\OneDrive\Desktop\PROJECT\Final\soil_photos-20251020T144319Z-1-001\soil_photos\train\Clay soil\Copy of images76(1).jpg,Reddish,6.0–7.0,20–30,65–80,220–350,25–40,250–400,"Rice, Sugarcane, Lettuce, Broccoli, Peas","Compost, NPK, Urea, Biofertilizer, Vermicompost","Rice, Sugarcane, Lettuce, Broccoli, Peas","Peas, Wheat, Mustard, Potato, Oats",Winter,28.07,44,haze,220.0,350.0,25.0,40.0,250.0,400.0,6.0,7.0
train,Clay soil,C:\Users\Pranjal Yallurkar\OneDrive\Desktop\PROJECT\Final\soil_photos-20251020T144319Z-1-001\soil_photos\train\Clay soil\Copy of images76.jpg,Reddish,6.0–7.0,20–30,65–80,220–350,25–40,250–400,"Rice, Sugarcane, Lettuce, Broccoli, Peas","Compost, NPK, Urea, Biofertilizer, Vermicompost","Rice, Sugarcane, Lettuce, Broccoli, Peas","Peas, Wheat, Mustard, Potato, Oats",Winter,28.07,44,haze,220.0,350.0,25.0,40.0,250.0,400.0,6.0,7.0
train,Clay soil,C:\Users\Pranjal Yallurkar\OneDrive\Desktop\PROJECT\Final\soil_photos-20251020T144319Z-1-001\soil_photos\train\Clay soil\Copy of man-working-shovel-clay-260nw-639044377(1).jpg,Reddish,6.0–7.0,20–30,65–80,220–350,25–40,250–400,"Rice, Sugarcane, Lettuce, Broccoli, Peas","Compost, NPK, Urea, Biofertilizer, Vermicompost","Rice, Sugarcane, Lettuce, Broccoli, Peas","Peas, Wheat, Mustard, Potato, Oats",Winter,28.07,44,haze,220.0,350.0,25.0,40.0,250.0,400.0,6.0,7.0
train,Clay soil,C:\Users\Pranjal Yallurkar\OneDrive\Desktop\PROJECT\Final\soil_photos-20251020T144319Z-1-001\soil_photos\train\Clay soil\Copy of man-working-shovel-clay-260nw-639044377.jpg,Reddish,6.0–7.0,20–30,65–80,220–350,25–40,250–400,"Rice, Sugarcane, Lettuce, Broccoli, Peas","Compost, NPK, Urea, Biofertilizer, Vermicompost","Rice, Sugarcane, Lettuce, Broccoli, Peas","Peas, Wheat, Mustard, Potato, Oats",Winter,28.07,44,haze,220.0,350.0,25.0,40.0,250.0,400.0,6.0,7.0
train,Clay soil,C:\Users\Pranjal Yallurkar\OneDrive\Desktop\PROJECT\Final\soil_photos-20251020T144319Z-1-001\soil_photos\train\Clay soil\Copy of plants-clay-soil-intro.jpg,Reddish,6.0–7.0,20–30,65–80,220–350,25–40,250–400,"Rice, Sugarcane, Lettuce, Broccoli, Peas","Compost, NPK, Urea, Biofertilizer, Vermicompost","Rice, Sugarcane, Lettuce, Broccoli, Peas","Peas, Wheat, Mustard, Potato, Oats",Winter,28.07,44,haze,220.0,350.0,25.0,40.0,250.0,400.0,6.0,7.0
train,Clay soil,C:\Users\Pranjal Yallurkar\OneDrive\Desktop\PROJECT\Final\soil_photos-20251020T144319Z-1-001\soil_photos\train\Clay soil\Copy of red-clay-soil-closeup-red-clay-soil-closeup-as-natural-background-98921605.jpg,Reddish,6.0–7.0,20–30,65–80,220–350,25–40,250–400,"Rice, Sugarcane, Lettuce, Broccoli, Peas","Compost, NPK, Urea, Biofertilizer, Vermicompost","Rice, Sugarcane, Lettuce, Broccoli, Peas","Peas, Wheat, Mustard, Potato, Oats",Winter,28.07,44,haze,220.0,350.0,25.0,40.0,250.0,400.0,6.0,7.0
train,Clay soil,C:\Users\Pranjal Yallurkar\OneDrive\Desktop\PROJECT\Final\soil_photos-20251020T144319Z-1-001\soil_photos\train\Clay soil\Copy of red-clay-soil-closeup-red-clay-soil-closeup-as-natural-background-989216052.jpg,Reddish,6.0–7.0,20–30,65–80,220–350,25–40,250–400,"Rice, Sugarcane, Lettuce, Broccoli, Peas","Compost, NPK, Urea, Biofertilizer, Vermicompost","Rice, Sugarcane, Lettuce, Broccoli, Peas","Peas, Wheat, Mustard, Potato, Oats",Winter,28.07,44,haze,220.0,350.0,25.0,40.0,250.0,400.0,6.0,7.0
train,Clay soil,C:\Users\Pranjal Yallurkar\OneDrive\Desktop\PROJECT\Final\soil_photos-20251020T144319Z-1-001\soil_photos\train\Clay soil\Copy of Sample1.0.jpg,Reddish,6.0–7.0,20–30,65–80,220–350,25–40,250–400,"Rice, Sugarcane, Lettuce, Broccoli, Peas","Compost, NPK, Urea, Biofertilizer, Vermicompost","Rice, Sugarcane, Lettuce, Broccoli, Peas","Peas, Wheat, Mustard, Potato, Oats",Winter,28.07,44,haze,220.0,350.0,25.0,40.0,250.0,400.0,6.0,7.0
train,Clay soil,C:\Users\Pranjal Yallurkar\OneDrive\Desktop\PROJECT\Final\soil_photos-20251020T144319Z-1-001\soil_photos\train\Clay soil\Copy of Sample1.120.jpg,Reddish,6.0–7.0,20–30,65–80,220–350,25–40,250–400,"Rice, Sugarcane, Lettuce, Broccoli, Peas","Compost, NPK, Urea, Biofertilizer, Vermicompost","Rice, Sugarcane, Lettuce, Broccoli, Peas","Peas, Wheat, Mustard, Potato, Oats",Winter,28.07,44,haze,220.0,350.0,25.0,40.0,250.0,400.0,6.0,7.0
train,Clay soil,C:\Users\Pranjal Yallurkar\OneDrive\Desktop\PROJECT\Final\soil_photos-20251020T144319Z-1-001\soil_photos\train\Clay soil\Copy of Sample1.150.jpg,Reddish,6.0–7.0,20–30,65–80,220–350,25–40,250–400,"Rice, Sugarcane, Lettuce, Broccoli, Peas","Compost, NPK, Urea, Biofertilizer, Vermicompost","Rice, Sugarcane, Lettuce, Broccoli, Peas","Peas, Wheat, Mustard, Potato, Oats",Winter,28.07,44,haze,220.0,350.0,25.0,40.0,250.0,400.0,6.0,7.0
train,Clay soil,C:\Users\Pranjal Yallurkar\OneDrive\Desktop\PROJECT\Final\soil_photos-20251020T144319Z-1-001\soil_photos\train\Clay soil\Copy of Sample1.180.jpg,Reddish,6.0–7.0,20–30,65–80,220–350,25–40,250–400,"Rice, Sugarcane, Lettuce, Broccoli, Peas","Compost, NPK, Urea, Biofertilizer, Vermicompost","Rice, Sugarcane, Lettuce, Broccoli, Peas","Peas, Wheat, Mustard, Potato, Oats",Winter,28.07,44,haze,220.0,350.0,25.0,40.0,250.0,400.0,6.0,7.0
train,Clay soil,C:\Users\Pranjal Yallurkar\OneDrive\Desktop\PROJECT\Final\soil_photos-20251020T144319Z-1-001\soil_photos\train\Clay soil\Copy of Sample1.30.jpg,Reddish,6.0–7.0,20–30,65–80,220–350,25–40,250–400,"Rice, Sugarcane, Lettuce, Broccoli, Peas","Compost, NPK, Urea, Biofertilizer, Vermicompost","Rice, Sugarcane, Lettuce, Broccoli, Peas","Peas, Wheat, Mustard, Potato, Oats",Winter,28.07,44,haze,220.0,350.0,25.0,40.0,250.0,400.0,6.0,7.0
train,Clay soil,C:\Users\Pranjal Yallurkar\OneDrive\Desktop\PROJECT\Final\soil_photos-20251020T144319Z-1-001\soil_photos\train\Clay soil\Copy of Sample1.60.jpg,Reddish,6.0–7.0,20–30,65–80,220–350,25–40,250–400,"Rice, Sugarcane, Lettuce, Broccoli, Peas","Compost, NPK, Urea, Biofertilizer, Vermicompost","Rice, Sugarcane, Lettuce, Broccoli, Peas","Peas, Wheat, Mustard, Potato, Oats",Winter,28.07,44,haze,220.0,350.0,25.0,40.0,250.0,400.0,6.0,7.0
train,Clay soil,C:\Users\Pranjal Yallurkar\OneDrive\Desktop\PROJECT\Final\soil_photos-20251020T144319Z-1-001\soil_photos\train\Clay soil\Copy of Sample1.90.jpg,Reddish,6.0–7.0,20–30,65–80,220–350,25–40,250–400,"Rice, Sugarcane, Lettuce, Broccoli, Peas","Compost, NPK, Urea, Biofertilizer, Vermicompost","Rice, Sugarcane, Lettuce, Broccoli, Peas","Peas, Wheat, Mustard, Potato, Oats",Winter,28.07,44,haze,220.0,350.0,25.0,40.0,250.0,400.0,6.0,7.0
train,Clay soil,C:\Users\Pranjal Yallurkar\OneDrive\Desktop\PROJECT\Final\soil_photos-20251020T144319Z-1-001\soil_photos\train\Clay soil\Copy of Sample12.0.jpg,Reddish,6.0–7.0,20–30,65–80,220–350,25–40,250–400,"Rice, Sugarcane, Lettuce, Broccoli, Peas","Compost, NPK, Urea, Biofertilizer, Vermicompost","Rice, Sugarcane, Lettuce, Broccoli, Peas","Peas, Wheat, Mustard, Potato, Oats",Winter,28.07,44,haze,220.0,350.0,25.0,40.0,250.0,400.0,6.0,7.0
train,Clay soil,C:\Users\Pranjal Yallurkar\OneDrive\Desktop\PROJECT\Final\soil_photos-20251020T144319Z-1-001\soil_photos\train\Clay soil\Copy of Sample12.120.jpg,Reddish,6.0–7.0,20–30,65–80,220–350,25–40,250–400,"Rice, Sugarcane, Lettuce, Broccoli, Peas","Compost, NPK, Urea, Biofertilizer, Vermicompost","Rice, Sugarcane, Lettuce, Broccoli, Peas","Peas, Wheat, Mustard, Potato, Oats",Winter,28.07,44,haze,220.0,350.0,25.0,40.0,250.0,400.0,6.0,7.0
train,Clay soil,C:\Users\Pranjal Yallurkar\OneDrive\Desktop\PROJECT\Final\soil_photos-20251020T144319Z-1-001\soil_photos\train\Clay soil\Copy of Sample12.150.jpg,Reddish,6.0–7.0,20–30,65–80,220–350,25–40,250–400,"Rice, Sugarcane, Lettuce, Broccoli, Peas","Compost, NPK, Urea, Biofertilizer, Vermicompost","Rice, Sugarcane, Lettuce, Broccoli, Peas","Peas, Wheat, Mustard, Potato, Oats",Winter,28.07,44,haze,220.0,350.0,25.0,40.0,250.0,400.0,6.0,7.0
train,Clay soil,C:\Users\Pranjal Yallurkar\OneDrive\Desktop\PROJECT\Final\soil_photos-20251020T144319Z-1-001\soil_photos\train\Clay soil\Copy of Sample12.180.jpg,Reddish,6.0–7.0,20–30,65–80,220–350,25–40,250–400,"Rice, Sugarcane, Lettuce, Broccoli, Peas","Compost, NPK, Urea, Biofertilizer, Vermicompost","Rice, Sugarcane, Lettuce, Broccoli, Peas","Peas, Wheat, Mustard, Potato, Oats",Winter,28.07,44,haze,220.0,350.0,25.0,40.0,250.0,400.0,6.0,7.0
train,Clay soil,C:\Users\Pranjal Yallurkar\OneDrive\Desktop\PROJECT\Final\soil_photos-20251020T144319Z-1-001\soil_photos\train\Clay soil\Copy of Sample12.30.jpg,Reddish,6.0–7.0,20–30,65–80,220–350,25–40,250–400,"Rice, Sugarcane, Lettuce, Broccoli, Peas","Compost, NPK, Urea, Biofertilizer, Vermicompost","Rice, Sugarcane, Lettuce, Broccoli, Peas","Peas, Wheat, Mustard, Potato, Oats",Winter,28.07,44,haze,220.0,350.0,25.0,40.0,250.0,400.0,6.0,7.0
train,Clay soil,C:\Users\Pranjal Yallurkar\OneDrive\Desktop\PROJECT\Final\soil_photos-20251020T144319Z-1-001\soil_photos\train\Clay soil\Copy of Sample12.60.jpg,Reddish,6.0–7.0,20–30,65–80,220–350,25–40,250–400,"Rice, Sugarcane, Lettuce, Broccoli, Peas","Compost, NPK, Urea, Biofertilizer, Vermicompost","Rice, Sugarcane, Lettuce, Broccoli, Peas","Peas, Wheat, Mustard, Potato, Oats",Winter,28.07,44,haze,220.0,350.0,25.0,40.0,250.0,400.0,6.0,7.0
train,Clay soil,C:\Users\Pranjal Yallurkar\OneDrive\Desktop\PROJECT\Final\soil_photos-20251020T144319Z-1-001\soil_photos\train\Clay soil\Copy of Sample12.90.jpg,Reddish,6.0–7.0,20–30,65–80,220–350,25–40,250–400,"Rice, Sugarcane, Lettuce, Broccoli, Peas","Compost, NPK, Urea, Biofertilizer, Vermicompost","Rice, Sugarcane, Lettuce, Broccoli, Peas","Peas, Wheat, Mustard, Potato, Oats",Winter,28.07,44,haze,220.0,350.0,25.0,40.0,250.0,400.0,6.0,7.0
train,Clay soil,C:\Users\Pranjal Yallurkar\OneDrive\Desktop\PROJECT\Final\soil_photos-20251020T144319Z-1-001\soil_photos\train\Clay soil\Copy of Sample2.0.jpg,Reddish,6.0–7.0,20–30,65–80,220–350,25–40,250–400,"Rice, Sugarcane, Lettuce, Broccoli, Peas","Compost, NPK, Urea, Biofertilizer, Vermicompost","Rice, Sugarcane, Lettuce, Broccoli, Peas","Peas, Wheat, Mustard, Potato, Oats",Winter,28.07,44,haze,220.0,350.0,25.0,40.0,250.0,400.0,6.0,7.0
train,Clay soil,C:\Users\Pranjal Yallurkar\OneDrive\Desktop\PROJECT\Final\soil_photos-20251020T144319Z-1-001\soil_photos\train\Clay soil\Copy of Sample2.120.jpg,Reddish,6.0–7.0,20–30,65–80,220–350,25–40,250–400,"Rice, Sugarcane, Lettuce, Broccoli, Peas","Compost, NPK, Urea, Biofertilizer, Vermicompost","Rice, Sugarcane, Lettuce, Broccoli, Peas","Peas, Wheat, Mustard, Potato, Oats",Winter,28.07,44,haze,220.0,350.0,25.0,40.0,250.0,400.0,6.0,7.0
train,Clay soil,C:\Users\Pranjal Yallurkar\OneDrive\Desktop\PROJECT\Final\soil_photos-20251020T144319Z-1-001\soil_photos\train\Clay soil\Copy of Sample2.150.jpg,Reddish,6.0–7.0,20–30,65–80,220–350,25–40,250–400,"Rice, Sugarcane, Lettuce, Broccoli, Peas","Compost, NPK, Urea, Biofertilizer, Vermicompost","Rice, Sugarcane, Lettuce, Broccoli, Peas","Peas, Wheat, Mustard, Potato, Oats",Winter,28.07,44,haze,220.0,350.0,25.0,40.0,250.0,400.0,6.0,7.0
train,Clay soil,C:\Users\Pranjal Yallurkar\OneDrive\Desktop\PROJECT\Final\soil_photos-20251020T144319Z-1-001\soil_photos\train\Clay soil\Copy of Sample2.180.jpg,Reddish,6.0–7.0,20–30,65–80,220–350,25–40,250–400,"Rice, Sugarcane, Lettuce, Broccoli, Peas","Compost, NPK, Urea, Biofertilizer, Vermicompost","Rice, Sugarcane, Lettuce, Broccoli, Peas","Peas, Wheat, Mustard, Potato, Oats",Winter,28.07,44,haze,220.0,350.0,25.0,40.0,250.0,400.0,6.0,7.0
train,Clay soil,C:\Users\Pranjal Yallurkar\OneDrive\Desktop\PROJECT\Final\soil_photos-20251020T144319Z-1-001\soil_photos\train\Clay soil\Copy of Sample2.30.jpg,Reddish,6.0–7.0,20–30,65–80,220–350,25–40,250–400,"Rice, Sugarcane, Lettuce, Broccoli, Peas","Compost, NPK, Urea, Biofertilizer, Vermicompost","Rice, Sugarcane, Lettuce, Broccoli, Peas","Peas, Wheat, Mustard, Potato, Oats",Winter,28.07,44,haze,220.0,350.0,25.0,40.0,250.0,400.0,6.0,7.0
train,Clay soil,C:\Users\Pranjal Yallurkar\OneDrive\Desktop\PROJECT\Final\soil_photos-20251020T144319Z-1-001\soil_photos\train\Clay soil\Copy of Sample2.60.jpg,Reddish,6.0–7.0,20–30,65–80,220–350,25–40,250–400,"Rice, Sugarcane, Lettuce, Broccoli, Peas","Compost, NPK, Urea, Biofertilizer, Vermicompost","Rice, Sugarcane, Lettuce, Broccoli, Peas","Peas, Wheat, Mustard, Potato, Oats",Winter,28.07,44,haze,220.0,350.0,25.0,40.0,250.0,400.0,6.0,7.0
train,Clay soil,C:\Users\Pranjal Yallurkar\OneDrive\Desktop\PROJECT\Final\soil_photos-20251020T144319Z-1-001\soil_photos\train\Clay soil\Copy of Sample2.90.jpg,Reddish,6.0–7.0,20–30,65–80,220–350,25–40,250–400,"Rice, Sugarcane, Lettuce, Broccoli, Peas","Compost, NPK, Urea, Biofertilizer, Vermicompost","Rice, Sugarcane, Lettuce, Broccoli, Peas","Peas, Wheat, Mustard, Potato, Oats",Winter,28.07,44,haze,220.0,350.0,25.0,40.0,250.0,400.0,6.0,7.0
train,Clay soil,C:\Users\Pranjal Yallurkar\OneDrive\Desktop\PROJECT\Final\soil_photos-20251020T144319Z-1-001\soil_photos\train\Clay soil\Copy of Sample3.0.jpg,Reddish,6.0–7.0,20–30,65–80,220–350,25–40,250–400,"Rice, Sugarcane, Lettuce, Broccoli, Peas","Compost, NPK, Urea, Biofertilizer, Vermicompost","Rice, Sugarcane, Lettuce, Broccoli, Peas","Peas, Wheat, Mustard, Potato, Oats",Winter,28.07,44,haze,220.0,350.0,25.0,40.0,250.0,400.0,6.0,7.0
train,Clay soil,C:\Users\Pranjal Yallurkar\OneDrive\Desktop\PROJECT\Final\soil_photos-20251020T144319Z-1-001\soil_photos\train\Clay soil\Copy of Sample3.120.jpg,Reddish,6.0–7.0,20–30,65–80,220–350,25–40,250–400,"Rice, Sugarcane, Lettuce, Broccoli, Peas","Compost, NPK, Urea, Biofertilizer, Vermicompost","Rice, Sugarcane, Lettuce, Broccoli, Peas","Peas, Wheat, Mustard, Potato, Oats",Winter,28.07,44,haze,220.0,350.0,25.0,40.0,250.0,400.0,6.0,7.0
train,Clay soil,C:\Users\Pranjal Yallurkar\OneDrive\Desktop\PROJECT\Final\soil_photos-20251020T144319Z-1-001\soil_photos\train\Clay soil\Copy of Sample3.150.jpg,Reddish,6.0–7.0,20–30,65–80,220–350,25–40,250–400,"Rice, Sugarcane, Lettuce, Broccoli, Peas","Compost, NPK, Urea, Biofertilizer, Vermicompost","Rice, Sugarcane, Lettuce, Broccoli, Peas","Peas, Wheat, Mustard, Potato, Oats",Winter,28.07,44,haze,220.0,350.0,25.0,40.0,250.0,400.0,6.0,7.0
train,Clay soil,C:\Users\Pranjal Yallurkar\OneDrive\Desktop\PROJECT\Final\soil_photos-20251020T144319Z-1-001\soil_photos\train\Clay soil\Copy of Sample3.180.jpg,Reddish,6.0–7.0,20–30,65–80,220–350,25–40,250–400,"Rice, Sugarcane, Lettuce, Broccoli, Peas","Compost, NPK, Urea, Biofertilizer, Vermicompost","Rice, Sugarcane, Lettuce, Broccoli, Peas","Peas, Wheat, Mustard, Potato, Oats",Winter,28.07,44,haze,220.0,350.0,25.0,40.0,250.0,400.0,6.0,7.0
train,Clay soil,C:\Users\Pranjal Yallurkar\OneDrive\Desktop\PROJECT\Final\soil_photos-20251020T144319Z-1-001\soil_photos\train\Clay soil\Copy of Sample3.30.jpg,Reddish,6.0–7.0,20–30,65–80,220–350,25–40,250–400,"Rice, Sugarcane, Lettuce, Broccoli, Peas","Compost, NPK, Urea, Biofertilizer, Vermicompost","Rice, Sugarcane, Lettuce, Broccoli, Peas","Peas, Wheat, Mustard, Potato, Oats",Winter,28.07,44,haze,220.0,350.0,25.0,40.0,250.0,400.0,6.0,7.0
train,Clay soil,C:\Users\Pranjal Yallurkar\OneDrive\Desktop\PROJECT\Final\soil_photos-20251020T144319Z-1-001\soil_photos\train\Clay soil\Copy of Sample3.60.jpg,Reddish,6.0–7.0,20–30,65–80,220–350,25–40,250–400,"Rice, Sugarcane, Lettuce, Broccoli, Peas","Compost, NPK, Urea, Biofertilizer, Vermicompost","Rice, Sugarcane, Lettuce, Broccoli, Peas","Peas, Wheat, Mustard, Potato, Oats",Winter,28.07,44,haze,220.0,350.0,25.0,40.0,250.0,400.0,6.0,7.0
train,Clay soil,C:\Users\Pranjal Yallurkar\OneDrive\Desktop\PROJECT\Final\soil_photos-20251020T144319Z-1-001\soil_photos\train\Clay soil\Copy of Sample3.90.jpg,Reddish,6.0–7.0,20–30,65–80,220–350,25–40,250–400,"Rice, Sugarcane, Lettuce, Broccoli, Peas","Compost, NPK, Urea, Biofertilizer, Vermicompost","Rice, Sugarcane, Lettuce, Broccoli, Peas","Peas, Wheat, Mustard, Potato, Oats",Winter,28.07,44,haze,220.0,350.0,25.0,40.0,250.0,400.0,6.0,7.0
train,Clay soil,C:\Users\Pranjal Yallurkar\OneDrive\Desktop\PROJECT\Final\soil_photos-20251020T144319Z-1-001\soil_photos\train\Clay soil\Copy of Shovel-In-Clay-1-of-1-600x409.jpg,Reddish,6.0–7.0,20–30,65–80,220–350,25–40,250–400,"Rice, Sugarcane, Lettuce, Broccoli, Peas","Compost, NPK, Urea, Biofertilizer, Vermicompost","Rice, Sugarcane, Lettuce, Broccoli, Peas","Peas, Wheat, Mustard, Potato, Oats",Winter,28.07,44,haze,220.0,350.0,25.0,40.0,250.0,400.0,6.0,7.0
train,Clay soil,C:\Users\Pranjal Yallurkar\OneDrive\Desktop\PROJECT\Final\soil_photos-20251020T144319Z-1-001\soil_photos\train\Clay soil\cracked-clay-soil-12498989.jpg,Reddish,6.0–7.0,20–30,65–80,220–350,25–40,250–400,"Rice, Sugarcane, Lettuce, Broccoli, Peas","Compost, NPK, Urea, Biofertilizer, Vermicompost","Rice, Sugarcane, Lettuce, Broccoli, Peas","Peas, Wheat, Mustard, Potato, Oats",Winter,28.07,44,haze,220.0,350.0,25.0,40.0,250.0,400.0,6.0,7.0
train,Clay soil,C:\Users\Pranjal Yallurkar\OneDrive\Desktop\PROJECT\Final\soil_photos-20251020T144319Z-1-001\soil_photos\train\Clay soil\depositphotos_5508133-stock-photo-dry-red-clay-soil-texture.jpg,Reddish,6.0–7.0,20–30,65–80,220–350,25–40,250–400,"Rice, Sugarcane, Lettuce, Broccoli, Peas","Compost, NPK, Urea, Biofertilizer, Vermicompost","Rice, Sugarcane, Lettuce, Broccoli, Peas","Peas, Wheat, Mustard, Potato, Oats",Winter,28.07,44,haze,220.0,350.0,25.0,40.0,250.0,400.0,6.0,7.0
train,Clay soil,C:\Users\Pranjal Yallurkar\OneDrive\Desktop\PROJECT\Final\soil_photos-20251020T144319Z-1-001\soil_photos\train\Clay soil\drought-964339_1920.jpg,Reddish,6.0–7.0,20–30,65–80,220–350,25–40,250–400,"Rice, Sugarcane, Lettuce, Broccoli, Peas","Compost, NPK, Urea, Biofertilizer, Vermicompost","Rice, Sugarcane, Lettuce, Broccoli, Peas","Peas, Wheat, Mustard, Potato, Oats",Winter,28.07,44,haze,220.0,350.0,25.0,40.0,250.0,400.0,6.0,7.0
train,Clay soil,C:\Users\Pranjal Yallurkar\OneDrive\Desktop\PROJECT\Final\soil_photos-20251020T144319Z-1-001\soil_photos\train\Clay soil\dry-clay-soil-in-lanzarote-M4A2DW.jpg,Reddish,6.0–7.0,20–30,65–80,220–350,25–40,250–400,"Rice, Sugarcane, Lettuce, Broccoli, Peas","Compost, NPK, Urea, Biofertilizer, Vermicompost","Rice, Sugarcane, Lettuce, Broccoli, Peas","Peas, Wheat, Mustard, Potato, Oats",Winter,28.07,44,haze,220.0,350.0,25.0,40.0,250.0,400.0,6.0,7.0
train,Clay soil,C:\Users\Pranjal Yallurkar\OneDrive\Desktop\PROJECT\Final\soil_photos-20251020T144319Z-1-001\soil_photos\train\Clay soil\e2913e6eff5701c471f4dddbe7f66c92.jpg,Reddish,6.0–7.0,20–30,65–80,220–350,25–40,250–400,"Rice, Sugarcane, Lettuce, Broccoli, Peas","Compost, NPK, Urea, Biofertilizer, Vermicompost","Rice, Sugarcane, Lettuce, Broccoli, Peas","Peas, Wheat, Mustard, Potato, Oats",Winter,28.07,44,haze,220.0,350.0,25.0,40.0,250.0,400.0,6.0,7.0
train,Clay soil,C:\Users\Pranjal Yallurkar\OneDrive\Desktop\PROJECT\Final\soil_photos-20251020T144319Z-1-001\soil_photos\train\Clay soil\Heres-How-To-Improve-Your-Clay-Soil-the-Easy-Way-FI.jpg,Reddish,6.0–7.0,20–30,65–80,220–350,25–40,250–400,"Rice, Sugarcane, Lettuce, Broccoli, Peas","Compost, NPK, Urea, Biofertilizer, Vermicompost","Rice, Sugarcane, Lettuce, Broccoli, Peas","Peas, Wheat, Mustard, Potato, Oats",Winter,28.07,44,haze,220.0,350.0,25.0,40.0,250.0,400.0,6.0,7.0
train,Clay soil,C:\Users\Pranjal Yallurkar\OneDrive\Desktop\PROJECT\Final\soil_photos-20251020T144319Z-1-001\soil_photos\train\Clay soil\image21.jpeg,Reddish,6.0–7.0,20–30,65–80,220–350,25–40,250–400,"Rice, Sugarcane, Lettuce, Broccoli, Peas","Compost, NPK, Urea, Biofertilizer, Vermicompost","Rice, Sugarcane, Lettuce, Broccoli, Peas","Peas, Wheat, Mustard, Potato, Oats",Winter,28.07,44,haze,220.0,350.0,25.0,40.0,250.0,400.0,6.0,7.0
train,Clay soil,C:\Users\Pranjal Yallurkar\OneDrive\Desktop\PROJECT\Final\soil_photos-20251020T144319Z-1-001\soil_photos\train\Clay soil\image23 (2).jpeg,Reddish,6.0–7.0,20–30,65–80,220–350,25–40,250–400,"Rice, Sugarcane, Lettuce, Broccoli, Peas","Compost, NPK, Urea, Biofertilizer, Vermicompost","Rice, Sugarcane, Lettuce, Broccoli, Peas","Peas, Wheat, Mustard, Potato, Oats",Winter,28.07,44,haze,220.0,350.0,25.0,40.0,250.0,400.0,6.0,7.0
train,Clay soil,C:\Users\Pranjal Yallurkar\OneDrive\Desktop\PROJECT\Final\soil_photos-20251020T144319Z-1-001\soil_photos\train\Clay soil\image6.jpeg,Reddish,6.0–7.0,20–30,65–80,220–350,25–40,250–400,"Rice, Sugarcane, Lettuce, Broccoli, Peas","Compost, NPK, Urea, Biofertilizer, Vermicompost","Rice, Sugarcane, Lettuce, Broccoli, Peas","Peas, Wheat, Mustard, Potato, Oats",Winter,28.07,44,haze,220.0,350.0,25.0,40.0,250.0,400.0,6.0,7.0
train,Clay soil,C:\Users\Pranjal Yallurkar\OneDrive\Desktop\PROJECT\Final\soil_photos-20251020T144319Z-1-001\soil_photos\train\Clay soil\images22.jpg,Reddish,6.0–7.0,20–30,65–80,220–350,25–40,250–400,"Rice, Sugarcane, Lettuce, Broccoli, Peas","Compost, NPK, Urea, Biofertilizer, Vermicompost","Rice, Sugarcane, Lettuce, Broccoli, Peas","Peas, Wheat, Mustard, Potato, Oats",Winter,28.07,44,haze,220.0,350.0,25.0,40.0,250.0,400.0,6.0,7.0
train,Clay soil,C:\Users\Pranjal Yallurkar\OneDrive\Desktop\PROJECT\Final\soil_photos-20251020T144319Z-1-001\soil_photos\train\Clay soil\images24.jpg,Reddish,6.0–7.0,20–30,65–80,220–350,25–40,250–400,"Rice, Sugarcane, Lettuce, Broccoli, Peas","Compost, NPK, Urea, Biofertilizer, Vermicompost","Rice, Sugarcane, Lettuce, Broccoli, Peas","Peas, Wheat, Mustard, Potato, Oats",Winter,28.07,44,haze,220.0,350.0,25.0,40.0,250.0,400.0,6.0,7.0
train,Clay soil,C:\Users\Pranjal Yallurkar\OneDrive\Desktop\PROJECT\Final\soil_photos-20251020T144319Z-1-001\soil_photos\train\Clay soil\images34.jpg,Reddish,6.0–7.0,20–30,65–80,220–350,25–40,250–400,"Rice, Sugarcane, Lettuce, Broccoli, Peas","Compost, NPK, Urea, Biofertilizer, Vermicompost","Rice, Sugarcane, Lettuce, Broccoli, Peas","Peas, Wheat, Mustard, Potato, Oats",Winter,28.07,44,haze,220.0,350.0,25.0,40.0,250.0,400.0,6.0,7.0
train,Clay soil,C:\Users\Pranjal Yallurkar\OneDrive\Desktop\PROJECT\Final\soil_photos-20251020T144319Z-1-001\soil_photos\train\Clay soil\images407.jpg,Reddish,6.0–7.0,20–30,65–80,220–350,25–40,250–400,"Rice, Sugarcane, Lettuce, Broccoli, Peas","Compost, NPK, Urea, Biofertilizer, Vermicompost","Rice, Sugarcane, Lettuce, Broccoli, Peas","Peas, Wheat, Mustard, Potato, Oats",Winter,28.07,44,haze,220.0,350.0,25.0,40.0,250.0,400.0,6.0,7.0
train,Clay soil,C:\Users\Pranjal Yallurkar\OneDrive\Desktop\PROJECT\Final\soil_photos-20251020T144319Z-1-001\soil_photos\train\Clay soil\images43.jpg,Reddish,6.0–7.0,20–30,65–80,220–350,25–40,250–400,"Rice, Sugarcane, Lettuce, Broccoli, Peas","Compost, NPK, Urea, Biofertilizer, Vermicompost","Rice, Sugarcane, Lettuce, Broccoli, Peas","Peas, Wheat, Mustard, Potato, Oats",Winter,28.07,44,haze,220.0,350.0,25.0,40.0,250.0,400.0,6.0,7.0
train,Clay soil,C:\Users\Pranjal Yallurkar\OneDrive\Desktop\PROJECT\Final\soil_photos-20251020T144319Z-1-001\soil_photos\train\Clay soil\images72.jpg,Reddish,6.0–7.0,20–30,65–80,220–350,25–40,250–400,"Rice, Sugarcane, Lettuce, Broccoli, Peas","Compost, NPK, Urea, Biofertilizer, Vermicompost","Rice, Sugarcane, Lettuce, Broccoli, Peas","Peas, Wheat, Mustard, Potato, Oats",Winter,28.07,44,haze,220.0,350.0,25.0,40.0,250.0,400.0,6.0,7.0
train,Clay soil,C:\Users\Pranjal Yallurkar\OneDrive\Desktop\PROJECT\Final\soil_photos-20251020T144319Z-1-001\soil_photos\train\Clay soil\images76.jpg,Reddish,6.0–7.0,20–30,65–80,220–350,25–40,250–400,"Rice, Sugarcane, Lettuce, Broccoli, Peas","Compost, NPK, Urea, Biofertilizer, Vermicompost","Rice, Sugarcane, Lettuce, Broccoli, Peas","Peas, Wheat, Mustard, Potato, Oats",Winter,28.07,44,haze,220.0,350.0,25.0,40.0,250.0,400.0,6.0,7.0
train,Clay soil,C:\Users\Pranjal Yallurkar\OneDrive\Desktop\PROJECT\Final\soil_photos-20251020T144319Z-1-001\soil_photos\train\Clay soil\man-working-shovel-clay-260nw-639044377.jpg,Reddish,6.0–7.0,20–30,65–80,220–350,25–40,250–400,"Rice, Sugarcane, Lettuce, Broccoli, Peas","Compost, NPK, Urea, Biofertilizer, Vermicompost","Rice, Sugarcane, Lettuce, Broccoli, Peas","Peas, Wheat, Mustard, Potato, Oats",Winter,28.07,44,haze,220.0,350.0,25.0,40.0,250.0,400.0,6.0,7.0
train,Clay soil,C:\Users\Pranjal Yallurkar\OneDrive\Desktop\PROJECT\Final\soil_photos-20251020T144319Z-1-001\soil_photos\train\Clay soil\plants-clay-soil-intro.jpg,Reddish,6.0–7.0,20–30,65–80,220–350,25–40,250–400,"Rice, Sugarcane, Lettuce, Broccoli, Peas","Compost, NPK, Urea, Biofertilizer, Vermicompost","Rice, Sugarcane, Lettuce, Broccoli, Peas","Peas, Wheat, Mustard, Potato, Oats",Winter,28.07,44,haze,220.0,350.0,25.0,40.0,250.0,400.0,6.0,7.0
train,Clay soil,C:\Users\Pranjal Yallurkar\OneDrive\Desktop\PROJECT\Final\soil_photos-20251020T144319Z-1-001\soil_photos\train\Clay soil\red-clay-soil-closeup-red-clay-soil-closeup-as-natural-background-98921605.jpg,Reddish,6.0–7.0,20–30,65–80,220–350,25–40,250–400,"Rice, Sugarcane, Lettuce, Broccoli, Peas","Compost, NPK, Urea, Biofertilizer, Vermicompost","Rice, Sugarcane, Lettuce, Broccoli, Peas","Peas, Wheat, Mustard, Potato, Oats",Winter,28.07,44,haze,220.0,350.0,25.0,40.0,250.0,400.0,6.0,7.0
train,Clay soil,C:\Users\Pranjal Yallurkar\OneDrive\Desktop\PROJECT\Final\soil_photos-20251020T144319Z-1-001\soil_photos\train\Clay soil\red-clay-soil-closeup-red-clay-soil-closeup-as-natural-background-989216052.jpg,Reddish,6.0–7.0,20–30,65–80,220–350,25–40,250–400,"Rice, Sugarcane, Lettuce, Broccoli, Peas","Compost, NPK, Urea, Biofertilizer, Vermicompost","Rice, Sugarcane, Lettuce, Broccoli, Peas","Peas, Wheat, Mustard, Potato, Oats",Winter,28.07,44,haze,220.0,350.0,25.0,40.0,250.0,400.0,6.0,7.0
train,Clay soil,C:\Users\Pranjal Yallurkar\OneDrive\Desktop\PROJECT\Final\soil_photos-20251020T144319Z-1-001\soil_photos\train\Clay soil\Sample1.0.jpg,Reddish,6.0–7.0,20–30,65–80,220–350,25–40,250–400,"Rice, Sugarcane, Lettuce, Broccoli, Peas","Compost, NPK, Urea, Biofertilizer, Vermicompost","Rice, Sugarcane, Lettuce, Broccoli, Peas","Peas, Wheat, Mustard, Potato, Oats",Winter,28.07,44,haze,220.0,350.0,25.0,40.0,250.0,400.0,6.0,7.0
train,Clay soil,C:\Users\Pranjal Yallurkar\OneDrive\Desktop\PROJECT\Final\soil_photos-20251020T144319Z-1-001\soil_photos\train\Clay soil\Sample1.120.jpg,Reddish,6.0–7.0,20–30,65–80,220–350,25–40,250–400,"Rice, Sugarcane, Lettuce, Broccoli, Peas","Compost, NPK, Urea, Biofertilizer, Vermicompost","Rice, Sugarcane, Lettuce, Broccoli, Peas","Peas, Wheat, Mustard, Potato, Oats",Winter,28.07,44,haze,220.0,350.0,25.0,40.0,250.0,400.0,6.0,7.0
train,Clay soil,C:\Users\Pranjal Yallurkar\OneDrive\Desktop\PROJECT\Final\soil_photos-20251020T144319Z-1-001\soil_photos\train\Clay soil\Sample1.150.jpg,Reddish,6.0–7.0,20–30,65–80,220–350,25–40,250–400,"Rice, Sugarcane, Lettuce, Broccoli, Peas","Compost, NPK, Urea, Biofertilizer, Vermicompost","Rice, Sugarcane, Lettuce, Broccoli, Peas","Peas, Wheat, Mustard, Potato, Oats",Winter,28.07,44,haze,220.0,350.0,25.0,40.0,250.0,400.0,6.0,7.0
train,Clay soil,C:\Users\Pranjal Yallurkar\OneDrive\Desktop\PROJECT\Final\soil_photos-20251020T144319Z-1-001\soil_photos\train\Clay soil\Sample1.180.jpg,Reddish,6.0–7.0,20–30,65–80,220–350,25–40,250–400,"Rice, Sugarcane, Lettuce, Broccoli, Peas","Compost, NPK, Urea, Biofertilizer, Vermicompost","Rice, Sugarcane, Lettuce, Broccoli, Peas","Peas, Wheat, Mustard, Potato, Oats",Winter,28.07,44,haze,220.0,350.0,25.0,40.0,250.0,400.0,6.0,7.0
train,Clay soil,C:\Users\Pranjal Yallurkar\OneDrive\Desktop\PROJECT\Final\soil_photos-20251020T144319Z-1-001\soil_photos\train\Clay soil\Sample1.30.jpg,Reddish,6.0–7.0,20–30,65–80,220–350,25–40,250–400,"Rice, Sugarcane, Lettuce, Broccoli, Peas","Compost, NPK, Urea, Biofertilizer, Vermicompost","Rice, Sugarcane, Lettuce, Broccoli, Peas","Peas, Wheat, Mustard, Potato, Oats",Winter,28.07,44,haze,220.0,350.0,25.0,40.0,250.0,400.0,6.0,7.0
train,Clay soil,C:\Users\Pranjal Yallurkar\OneDrive\Desktop\PROJECT\Final\soil_photos-20251020T144319Z-1-001\soil_photos\train\Clay soil\Sample1.60.jpg,Reddish,6.0–7.0,20–30,65–80,220–350,25–40,250–400,"Rice, Sugarcane, Lettuce, Broccoli, Peas","Compost, NPK, Urea, Biofertilizer, Vermicompost","Rice, Sugarcane, Lettuce, Broccoli, Peas","Peas, Wheat, Mustard, Potato, Oats",Winter,28.07,44,haze,220.0,350.0,25.0,40.0,250.0,400.0,6.0,7.0
train,Clay soil,C:\Users\Pranjal Yallurkar\OneDrive\Desktop\PROJECT\Final\soil_photos-20251020T144319Z-1-001\soil_photos\train\Clay soil\Sample1.90.jpg,Reddish,6.0–7.0,20–30,65–80,220–350,25–40,250–400,"Rice, Sugarcane, Lettuce, Broccoli, Peas","Compost, NPK, Urea, Biofertilizer, Vermicompost","Rice, Sugarcane, Lettuce, Broccoli, Peas","Peas, Wheat, Mustard, Potato, Oats",Winter,28.07,44,haze,220.0,350.0,25.0,40.0,250.0,400.0,6.0,7.0
train,Clay soil,C:\Users\Pranjal Yallurkar\OneDrive\Desktop\PROJECT\Final\soil_photos-20251020T144319Z-1-001\soil_photos\train\Clay soil\Sample12.0.jpg,Reddish,6.0–7.0,20–30,65–80,220–350,25–40,250–400,"Rice, Sugarcane, Lettuce, Broccoli, Peas","Compost, NPK, Urea, Biofertilizer, Vermicompost","Rice, Sugarcane, Lettuce, Broccoli, Peas","Peas, Wheat, Mustard, Potato, Oats",Winter,28.07,44,haze,220.0,350.0,25.0,40.0,250.0,400.0,6.0,7.0
train,Clay soil,C:\Users\Pranjal Yallurkar\OneDrive\Desktop\PROJECT\Final\soil_photos-20251020T144319Z-1-001\soil_photos\train\Clay soil\Sample12.120.jpg,Reddish,6.0–7.0,20–30,65–80,220–350,25–40,250–400,"Rice, Sugarcane, Lettuce, Broccoli, Peas","Compost, NPK, Urea, Biofertilizer, Vermicompost","Rice, Sugarcane, Lettuce, Broccoli, Peas","Peas, Wheat, Mustard, Potato, Oats",Winter,28.07,44,haze,220.0,350.0,25.0,40.0,250.0,400.0,6.0,7.0
train,Clay soil,C:\Users\Pranjal Yallurkar\OneDrive\Desktop\PROJECT\Final\soil_photos-20251020T144319Z-1-001\soil_photos\train\Clay soil\Sample12.150.jpg,Reddish,6.0–7.0,20–30,65–80,220–350,25–40,250–400,"Rice, Sugarcane, Lettuce, Broccoli, Peas","Compost, NPK, Urea, Biofertilizer, Vermicompost","Rice, Sugarcane, Lettuce, Broccoli, Peas","Peas, Wheat, Mustard, Potato, Oats",Winter,28.07,44,haze,220.0,350.0,25.0,40.0,250.0,400.0,6.0,7.0
train,Clay soil,C:\Users\Pranjal Yallurkar\OneDrive\Desktop\PROJECT\Final\soil_photos-20251020T144319Z-1-001\soil_photos\train\Clay soil\Sample12.180.jpg,Reddish,6.0–7.0,20–30,65–80,220–350,25–40,250–400,"Rice, Sugarcane, Lettuce, Broccoli, Peas","Compost, NPK, Urea, Biofertilizer, Vermicompost","Rice, Sugarcane, Lettuce, Broccoli, Peas","Peas, Wheat, Mustard, Potato, Oats",Winter,28.07,44,haze,220.0,350.0,25.0,40.0,250.0,400.0,6.0,7.0
train,Clay soil,C:\Users\Pranjal Yallurkar\OneDrive\Desktop\PROJECT\Final\soil_photos-20251020T144319Z-1-001\soil_photos\train\Clay soil\Sample12.30.jpg,Reddish,6.0–7.0,20–30,65–80,220–350,25–40,250–400,"Rice, Sugarcane, Lettuce, Broccoli, Peas","Compost, NPK, Urea, Biofertilizer, Vermicompost","Rice, Sugarcane, Lettuce, Broccoli, Peas","Peas, Wheat, Mustard, Potato, Oats",Winter,28.07,44,haze,220.0,350.0,25.0,40.0,250.0,400.0,6.0,7.0
train,Clay soil,C:\Users\Pranjal Yallurkar\OneDrive\Desktop\PROJECT\Final\soil_photos-20251020T144319Z-1-001\soil_photos\train\Clay soil\Sample12.60.jpg,Reddish,6.0–7.0,20–30,65–80,220–350,25–40,250–400,"Rice, Sugarcane, Lettuce, Broccoli, Peas","Compost, NPK, Urea, Biofertilizer, Vermicompost","Rice, Sugarcane, Lettuce, Broccoli, Peas","Peas, Wheat, Mustard, Potato, Oats",Winter,28.07,44,haze,220.0,350.0,25.0,40.0,250.0,400.0,6.0,7.0
train,Clay soil,C:\Users\Pranjal Yallurkar\OneDrive\Desktop\PROJECT\Final\soil_photos-20251020T144319Z-1-001\soil_photos\train\Clay soil\Sample12.90.jpg,Reddish,6.0–7.0,20–30,65–80,220–350,25–40,250–400,"Rice, Sugarcane, Lettuce, Broccoli, Peas","Compost, NPK, Urea, Biofertilizer, Vermicompost","Rice, Sugarcane, Lettuce, Broccoli, Peas","Peas, Wheat, Mustard, Potato, Oats",Winter,28.07,44,haze,220.0,350.0,25.0,40.0,250.0,400.0,6.0,7.0
train,Clay soil,C:\Users\Pranjal Yallurkar\OneDrive\Desktop\PROJECT\Final\soil_photos-20251020T144319Z-1-001\soil_photos\train\Clay soil\Sample2.0.jpg,Reddish,6.0–7.0,20–30,65–80,220–350,25–40,250–400,"Rice, Sugarcane, Lettuce, Broccoli, Peas","Compost, NPK, Urea, Biofertilizer, Vermicompost","Rice, Sugarcane, Lettuce, Broccoli, Peas","Peas, Wheat, Mustard, Potato, Oats",Winter,28.07,44,haze,220.0,350.0,25.0,40.0,250.0,400.0,6.0,7.0
train,Clay soil,C:\Users\Pranjal Yallurkar\OneDrive\Desktop\PROJECT\Final\soil_photos-20251020T144319Z-1-001\soil_photos\train\Clay soil\Sample2.120.jpg,Reddish,6.0–7.0,20–30,65–80,220–350,25–40,250–400,"Rice, Sugarcane, Lettuce, Broccoli, Peas","Compost, NPK, Urea, Biofertilizer, Vermicompost","Rice, Sugarcane, Lettuce, Broccoli, Peas","Peas, Wheat, Mustard, Potato, Oats",Winter,28.07,44,haze,220.0,350.0,25.0,40.0,250.0,400.0,6.0,7.0
train,Clay soil,C:\Users\Pranjal Yallurkar\OneDrive\Desktop\PROJECT\Final\soil_photos-20251020T144319Z-1-001\soil_photos\train\Clay soil\Sample2.150.jpg,Reddish,6.0–7.0,20–30,65–80,220–350,25–40,250–400,"Rice, Sugarcane, Lettuce, Broccoli, Peas","Compost, NPK, Urea, Biofertilizer, Vermicompost","Rice, Sugarcane, Lettuce, Broccoli, Peas","Peas, Wheat, Mustard, Potato, Oats",Winter,28.07,44,haze,220.0,350.0,25.0,40.0,250.0,400.0,6.0,7.0
train,Clay soil,C:\Users\Pranjal Yallurkar\OneDrive\Desktop\PROJECT\Final\soil_photos-20251020T144319Z-1-001\soil_photos\train\Clay soil\Sample2.180.jpg,Reddish,6.0–7.0,20–30,65–80,220–350,25–40,250–400,"Rice, Sugarcane, Lettuce, Broccoli, Peas","Compost, NPK, Urea, Biofertilizer, Vermicompost","Rice, Sugarcane, Lettuce, Broccoli, Peas","Peas, Wheat, Mustard, Potato, Oats",Winter,28.07,44,haze,220.0,350.0,25.0,40.0,250.0,400.0,6.0,7.0
train,Clay soil,C:\Users\Pranjal Yallurkar\OneDrive\Desktop\PROJECT\Final\soil_photos-20251020T144319Z-1-001\soil_photos\train\Clay soil\Sample2.30.jpg,Reddish,6.0–7.0,20–30,65–80,220–350,25–40,250–400,"Rice, Sugarcane, Lettuce, Broccoli, Peas","Compost, NPK, Urea, Biofertilizer, Vermicompost","Rice, Sugarcane, Lettuce, Broccoli, Peas","Peas, Wheat, Mustard, Potato, Oats",Winter,28.07,44,haze,220.0,350.0,25.0,40.0,250.0,400.0,6.0,7.0
train,Clay soil,C:\Users\Pranjal Yallurkar\OneDrive\Desktop\PROJECT\Final\soil_photos-20251020T144319Z-1-001\soil_photos\train\Clay soil\Sample2.60.jpg,Reddish,6.0–7.0,20–30,65–80,220–350,25–40,250–400,"Rice, Sugarcane, Lettuce, Broccoli, Peas","Compost, NPK, Urea, Biofertilizer, Vermicompost","Rice, Sugarcane, Lettuce, Broccoli, Peas","Peas, Wheat, Mustard, Potato, Oats",Winter,28.07,44,haze,220.0,350.0,25.0,40.0,250.0,400.0,6.0,7.0
train,Clay soil,C:\Users\Pranjal Yallurkar\OneDrive\Desktop\PROJECT\Final\soil_photos-20251020T144319Z-1-001\soil_photos\train\Clay soil\Sample2.90.jpg,Reddish,6.0–7.0,20–30,65–80,220–350,25–40,250–400,"Rice, Sugarcane, Lettuce, Broccoli, Peas","Compost, NPK, Urea, Biofertilizer, Vermicompost","Rice, Sugarcane, Lettuce, Broccoli, Peas","Peas, Wheat, Mustard, Potato, Oats",Winter,28.07,44,haze,220.0,350.0,25.0,40.0,250.0,400.0,6.0,7.0
train,Clay soil,C:\Users\Pranjal Yallurkar\OneDrive\Desktop\PROJECT\Final\soil_photos-20251020T144319Z-1-001\soil_photos\train\Clay soil\Sample3.0.jpg,Reddish,6.0–7.0,20–30,65–80,220–350,25–40,250–400,"Rice, Sugarcane, Lettuce, Broccoli, Peas","Compost, NPK, Urea, Biofertilizer, Vermicompost","Rice, Sugarcane, Lettuce, Broccoli, Peas","Peas, Wheat, Mustard, Potato, Oats",Winter,28.07,44,haze,220.0,350.0,25.0,40.0,250.0,400.0,6.0,7.0
train,Clay soil,C:\Users\Pranjal Yallurkar\OneDrive\Desktop\PROJECT\Final\soil_photos-20251020T144319Z-1-001\soil_photos\train\Clay soil\Sample3.120.jpg,Reddish,6.0–7.0,20–30,65–80,220–350,25–40,250–400,"Rice, Sugarcane, Lettuce, Broccoli, Peas","Compost, NPK, Urea, Biofertilizer, Vermicompost","Rice, Sugarcane, Lettuce, Broccoli, Peas","Peas, Wheat, Mustard, Potato, Oats",Winter,28.07,44,haze,220.0,350.0,25.0,40.0,250.0,400.0,6.0,7.0
train,Clay soil,C:\Users\Pranjal Yallurkar\OneDrive\Desktop\PROJECT\Final\soil_photos-20251020T144319Z-1-001\soil_photos\train\Clay soil\Sample3.150.jpg,Reddish,6.0–7.0,20–30,65–80,220–350,25–40,250–400,"Rice, Sugarcane, Lettuce, Broccoli, Peas","Compost, NPK, Urea, Biofertilizer, Vermicompost","Rice, Sugarcane, Lettuce, Broccoli, Peas","Peas, Wheat, Mustard, Potato, Oats",Winter,28.07,44,haze,220.0,350.0,25.0,40.0,250.0,400.0,6.0,7.0
train,Clay soil,C:\Users\Pranjal Yallurkar\OneDrive\Desktop\PROJECT\Final\soil_photos-20251020T144319Z-1-001\soil_photos\train\Clay soil\Sample3.180.jpg,Reddish,6.0–7.0,20–30,65–80,220–350,25–40,250–400,"Rice, Sugarcane, Lettuce, Broccoli, Peas","Compost, NPK, Urea, Biofertilizer, Vermicompost","Rice, Sugarcane, Lettuce, Broccoli, Peas","Peas, Wheat, Mustard, Potato, Oats",Winter,28.07,44,haze,220.0,350.0,25.0,40.0,250.0,400.0,6.0,7.0
train,Clay soil,C:\Users\Pranjal Yallurkar\OneDrive\Desktop\PROJECT\Final\soil_photos-20251020T144319Z-1-001\soil_photos\train\Clay soil\Sample3.30.jpg,Reddish,6.0–7.0,20–30,65–80,220–350,25–40,250–400,"Rice, Sugarcane, Lettuce, Broccoli, Peas","Compost, NPK, Urea, Biofertilizer, Vermicompost","Rice, Sugarcane, Lettuce, Broccoli, Peas","Peas, Wheat, Mustard, Potato, Oats",Winter,28.07,44,haze,220.0,350.0,25.0,40.0,250.0,400.0,6.0,7.0
train,Clay soil,C:\Users\Pranjal Yallurkar\OneDrive\Desktop\PROJECT\Final\soil_photos-20251020T144319Z-1-001\soil_photos\train\Clay soil\Sample3.60.jpg,Reddish,6.0–7.0,20–30,65–80,220–350,25–40,250–400,"Rice, Sugarcane, Lettuce, Broccoli, Peas","Compost, NPK, Urea, Biofertilizer, Vermicompost","Rice, Sugarcane, Lettuce, Broccoli, Peas","Peas, Wheat, Mustard, Potato, Oats",Winter,28.07,44,haze,220.0,350.0,25.0,40.0,250.0,400.0,6.0,7.0
train,Clay soil,C:\Users\Pranjal Yallurkar\OneDrive\Desktop\PROJECT\Final\soil_photos-20251020T144319Z-1-001\soil_photos\train\Clay soil\Sample3.90.jpg,Reddish,6.0–7.0,20–30,65–80,220–350,25–40,250–400,"Rice, Sugarcane, Lettuce, Broccoli, Peas","Compost, NPK, Urea, Biofertilizer, Vermicompost","Rice, Sugarcane, Lettuce, Broccoli, Peas","Peas, Wheat, Mustard, Potato, Oats",Winter,28.07,44,haze,220.0,350.0,25.0,40.0,250.0,400.0,6.0,7.0
train,Clay soil,C:\Users\Pranjal Yallurkar\OneDrive\Desktop\PROJECT\Final\soil_photos-20251020T144319Z-1-001\soil_photos\train\Clay soil\Shovel-In-Clay-1-of-1-600x409.jpg,Reddish,6.0–7.0,20–30,65–80,220–350,25–40,250–400,"Rice, Sugarcane, Lettuce, Broccoli, Peas","Compost, NPK, Urea, Biofertilizer, Vermicompost","Rice, Sugarcane, Lettuce, Broccoli, Peas","Peas, Wheat, Mustard, Potato, Oats",Winter,28.07,44,haze,220.0,350.0,25.0,40.0,250.0,400.0,6.0,7.0
train,Red soil,C:\Users\Pranjal Yallurkar\OneDrive\Desktop\PROJECT\Final\soil_photos-20251020T144319Z-1-001\soil_photos\train\Red soil\1000_F_233167094_JhQz9xvHtlN5UyT3zt748JiJolOSid7s.jpg,Reddish,6.0–7.0,24–34,45–65,180–300,20–40,200–350,"Groundnut, Millet, Maize, Pulses, Ragi","DAP, Organic Manure, Compost, NPK, Biofertilizer","millet, maize","Wheat, Mustard, Gram, Onion, Garlic",Winter,28.07,44,haze,180.0,300.0,20.0,40.0,200.0,350.0,6.0,7.0
train,Red soil,C:\Users\Pranjal Yallurkar\OneDrive\Desktop\PROJECT\Final\soil_photos-20251020T144319Z-1-001\soil_photos\train\Red soil\15kg-red-soil-500x500.png,Reddish,6.0–7.0,24–34,45–65,180–300,20–40,200–350,"Groundnut, Millet, Maize, Pulses, Ragi","DAP, Organic Manure, Compost, NPK, Biofertilizer","millet, maize","Wheat, Mustard, Gram, Onion, Garlic",Winter,28.07,44,haze,180.0,300.0,20.0,40.0,200.0,350.0,6.0,7.0
train,Red soil,C:\Users\Pranjal Yallurkar\OneDrive\Desktop\PROJECT\Final\soil_photos-20251020T144319Z-1-001\soil_photos\train\Red soil\250px-Ultisol.jpg,Reddish,6.0–7.0,24–34,45–65,180–300,20–40,200–350,"Groundnut, Millet, Maize, Pulses, Ragi","DAP, Organic Manure, Compost, NPK, Biofertilizer","millet, maize","Wheat, Mustard, Gram, Onion, Garlic",Winter,28.07,44,haze,180.0,300.0,20.0,40.0,200.0,350.0,6.0,7.0
train,Red soil,C:\Users\Pranjal Yallurkar\OneDrive\Desktop\PROJECT\Final\soil_photos-20251020T144319Z-1-001\soil_photos\train\Red soil\2560px-A_red_soil_crop_field.JPG.jpg,Reddish,6.0–7.0,24–34,45–65,180–300,20–40,200–350,"Groundnut, Millet, Maize, Pulses, Ragi","DAP, Organic Manure, Compost, NPK, Biofertilizer","millet, maize","Wheat, Mustard, Gram, Onion, Garlic",Winter,28.07,44,haze,180.0,300.0,20.0,40.0,200.0,350.0,6.0,7.0
train,Red soil,C:\Users\Pranjal Yallurkar\OneDrive\Desktop\PROJECT\Final\soil_photos-20251020T144319Z-1-001\soil_photos\train\Red soil\3.jpg,Reddish,6.0–7.0,24–34,45–65,180–300,20–40,200–350,"Groundnut, Millet, Maize, Pulses, Ragi","DAP, Organic Manure, Compost, NPK, Biofertilizer","millet, maize","Wheat, Mustard, Gram, Onion, Garlic",Winter,28.07,44,haze,180.0,300.0,20.0,40.0,200.0,350.0,6.0,7.0
train,Red soil,C:\Users\Pranjal Yallurkar\OneDrive\Desktop\PROJECT\Final\soil_photos-20251020T144319Z-1-001\soil_photos\train\Red soil\5-red-soil-topspot-original-imaftmfanswghcfr.jpeg,Reddish,6.0–7.0,24–34,45–65,180–300,20–40,200–350,"Groundnut, Millet, Maize, Pulses, Ragi","DAP, Organic Manure, Compost, NPK, Biofertilizer","millet, maize","Wheat, Mustard, Gram, Onion, Garlic",Winter,28.07,44,haze,180.0,300.0,20.0,40.0,200.0,350.0,6.0,7.0
train,Red soil,C:\Users\Pranjal Yallurkar\OneDrive\Desktop\PROJECT\Final\soil_photos-20251020T144319Z-1-001\soil_photos\train\Red soil\5.jpg,Reddish,6.0–7.0,24–34,45–65,180–300,20–40,200–350,"Groundnut, Millet, Maize, Pulses, Ragi","DAP, Organic Manure, Compost, NPK, Biofertilizer","millet, maize","Wheat, Mustard, Gram, Onion, Garlic",Winter,28.07,44,haze,180.0,300.0,20.0,40.0,200.0,350.0,6.0,7.0
train,Red soil,C:\Users\Pranjal Yallurkar\OneDrive\Desktop\PROJECT\Final\soil_photos-20251020T144319Z-1-001\soil_photos\train\Red soil\51em0GmiApL._SX466_.jpg,Reddish,6.0–7.0,24–34,45–65,180–300,20–40,200–350,"Groundnut, Millet, Maize, Pulses, Ragi","DAP, Organic Manure, Compost, NPK, Biofertilizer","millet, maize","Wheat, Mustard, Gram, Onion, Garlic",Winter,28.07,44,haze,180.0,300.0,20.0,40.0,200.0,350.0,6.0,7.0
train,Red soil,C:\Users\Pranjal Yallurkar\OneDrive\Desktop\PROJECT\Final\soil_photos-20251020T144319Z-1-001\soil_photos\train\Red soil\61050549-red-soil-texture-background.jpg,Reddish,6.0–7.0,24–34,45–65,180–300,20–40,200–350,"Groundnut, Millet, Maize, Pulses, Ragi","DAP, Organic Manure, Compost, NPK, Biofertilizer","millet, maize","Wheat, Mustard, Gram, Onion, Garlic",Winter,28.07,44,haze,180.0,300.0,20.0,40.0,200.0,350.0,6.0,7.0
train,Red soil,C:\Users\Pranjal Yallurkar\OneDrive\Desktop\PROJECT\Final\soil_photos-20251020T144319Z-1-001\soil_photos\train\Red soil\61AysVsqgL.jpg,Reddish,6.0–7.0,24–34,45–65,180–300,20–40,200–350,"Groundnut, Millet, Maize, Pulses, Ragi","DAP, Organic Manure, Compost, NPK, Biofertilizer","millet, maize","Wheat, Mustard, Gram, Onion, Garlic",Winter,28.07,44,haze,180.0,300.0,20.0,40.0,200.0,350.0,6.0,7.0
train,Red soil,C:\Users\Pranjal Yallurkar\OneDrive\Desktop\PROJECT\Final\soil_photos-20251020T144319Z-1-001\soil_photos\train\Red soil\835254_2.jpg,Reddish,6.0–7.0,24–34,45–65,180–300,20–40,200–350,"Groundnut, Millet, Maize, Pulses, Ragi","DAP, Organic Manure, Compost, NPK, Biofertilizer","millet, maize","Wheat, Mustard, Gram, Onion, Garlic",Winter,28.07,44,haze,180.0,300.0,20.0,40.0,200.0,350.0,6.0,7.0
train,Red soil,C:\Users\Pranjal Yallurkar\OneDrive\Desktop\PROJECT\Final\soil_photos-20251020T144319Z-1-001\soil_photos\train\Red soil\95424d278d0b71fa4b398f406303a4a9.jpg,Reddish,6.0–7.0,24–34,45–65,180–300,20–40,200–350,"Groundnut, Millet, Maize, Pulses, Ragi","DAP, Organic Manure, Compost, NPK, Biofertilizer","millet, maize","Wheat, Mustard, Gram, Onion, Garlic",Winter,28.07,44,haze,180.0,300.0,20.0,40.0,200.0,350.0,6.0,7.0
train,Red soil,C:\Users\Pranjal Yallurkar\OneDrive\Desktop\PROJECT\Final\soil_photos-20251020T144319Z-1-001\soil_photos\train\Red soil\annamalai-red-soil-suppliers-kotturpuram-chennai-red-soil-dealers-ey0ylh5r3e.jpg,Reddish,6.0–7.0,24–34,45–65,180–300,20–40,200–350,"Groundnut, Millet, Maize, Pulses, Ragi","DAP, Organic Manure, Compost, NPK, Biofertilizer","millet, maize","Wheat, Mustard, Gram, Onion, Garlic",Winter,28.07,44,haze,180.0,300.0,20.0,40.0,200.0,350.0,6.0,7.0
train,Red soil,C:\Users\Pranjal Yallurkar\OneDrive\Desktop\PROJECT\Final\soil_photos-20251020T144319Z-1-001\soil_photos\train\Red soil\brown-soil.jpg,Reddish,6.0–7.0,24–34,45–65,180–300,20–40,200–350,"Groundnut, Millet, Maize, Pulses, Ragi","DAP, Organic Manure, Compost, NPK, Biofertilizer","millet, maize","Wheat, Mustard, Gram, Onion, Garlic",Winter,28.07,44,haze,180.0,300.0,20.0,40.0,200.0,350.0,6.0,7.0
train,Red soil,C:\Users\Pranjal Yallurkar\OneDrive\Desktop\PROJECT\Final\soil_photos-20251020T144319Z-1-001\soil_photos\train\Red soil\Copy of 1000_F_233167094_JhQz9xvHtlN5UyT3zt748JiJolOSid7s.jpg,Reddish,6.0–7.0,24–34,45–65,180–300,20–40,200–350,"Groundnut, Millet, Maize, Pulses, Ragi","DAP, Organic Manure, Compost, NPK, Biofertilizer","millet, maize","Wheat, Mustard, Gram, Onion, Garlic",Winter,28.07,44,haze,180.0,300.0,20.0,40.0,200.0,350.0,6.0,7.0
train,Red soil,C:\Users\Pranjal Yallurkar\OneDrive\Desktop\PROJECT\Final\soil_photos-20251020T144319Z-1-001\soil_photos\train\Red soil\Copy of 15kg-red-soil-500x500.png,Reddish,6.0–7.0,24–34,45–65,180–300,20–40,200–350,"Groundnut, Millet, Maize, Pulses, Ragi","DAP, Organic Manure, Compost, NPK, Biofertilizer","millet, maize","Wheat, Mustard, Gram, Onion, Garlic",Winter,28.07,44,haze,180.0,300.0,20.0,40.0,200.0,350.0,6.0,7.0
train,Red soil,C:\Users\Pranjal Yallurkar\OneDrive\Desktop\PROJECT\Final\soil_photos-20251020T144319Z-1-001\soil_photos\train\Red soil\Copy of 250px-Ultisol.jpg,Reddish,6.0–7.0,24–34,45–65,180–300,20–40,200–350,"Groundnut, Millet, Maize, Pulses, Ragi","DAP, Organic Manure, Compost, NPK, Biofertilizer","millet, maize","Wheat, Mustard, Gram, Onion, Garlic",Winter,28.07,44,haze,180.0,300.0,20.0,40.0,200.0,350.0,6.0,7.0
train,Red soil,C:\Users\Pranjal Yallurkar\OneDrive\Desktop\PROJECT\Final\soil_photos-20251020T144319Z-1-001\soil_photos\train\Red soil\Copy of 2560px-A_red_soil_crop_field.JPG.jpg,Reddish,6.0–7.0,24–34,45–65,180–300,20–40,200–350,"Groundnut, Millet, Maize, Pulses, Ragi","DAP, Organic Manure, Compost, NPK, Biofertilizer","millet, maize","Wheat, Mustard, Gram, Onion, Garlic",Winter,28.07,44,haze,180.0,300.0,20.0,40.0,200.0,350.0,6.0,7.0
train,Red soil,C:\Users\Pranjal Yallurkar\OneDrive\Desktop\PROJECT\Final\soil_photos-20251020T144319Z-1-001\soil_photos\train\Red soil\Copy of 3.jpg,Reddish,6.0–7.0,24–34,45–65,180–300,20–40,200–350,"Groundnut, Millet, Maize, Pulses, Ragi","DAP, Organic Manure, Compost, NPK, Biofertilizer","millet, maize","Wheat, Mustard, Gram, Onion, Garlic",Winter,28.07,44,haze,180.0,300.0,20.0,40.0,200.0,350.0,6.0,7.0
train,Red soil,C:\Users\Pranjal Yallurkar\OneDrive\Desktop\PROJECT\Final\soil_photos-20251020T144319Z-1-001\soil_photos\train\Red soil\Copy of 5-red-soil-topspot-original-imaftmfanswghcfr.jpeg,Reddish,6.0–7.0,24–34,45–65,180–300,20–40,200–350,"Groundnut, Millet, Maize, Pulses, Ragi","DAP, Organic Manure, Compost, NPK, Biofertilizer","millet, maize","Wheat, Mustard, Gram, Onion, Garlic",Winter,28.07,44,haze,180.0,300.0,20.0,40.0,200.0,350.0,6.0,7.0
train,Red soil,C:\Users\Pranjal Yallurkar\OneDrive\Desktop\PROJECT\Final\soil_photos-20251020T144319Z-1-001\soil_photos\train\Red soil\Copy of 5.jpg,Reddish,6.0–7.0,24–34,45–65,180–300,20–40,200–350,"Groundnut, Millet, Maize, Pulses, Ragi","DAP, Organic Manure, Compost, NPK, Biofertilizer","millet, maize","Wheat, Mustard, Gram, Onion, Garlic",Winter,28.07,44,haze,180.0,300.0,20.0,40.0,200.0,350.0,6.0,7.0
train,Red soil,C:\Users\Pranjal Yallurkar\OneDrive\Desktop\PROJECT\Final\soil_photos-20251020T144319Z-1-001\soil_photos\train\Red soil\Copy of 51em0GmiApL._SX466_.jpg,Reddish,6.0–7.0,24–34,45–65,180–300,20–40,200–350,"Groundnut, Millet, Maize, Pulses, Ragi","DAP, Organic Manure, Compost, NPK, Biofertilizer","millet, maize","Wheat, Mustard, Gram, Onion, Garlic",Winter,28.07,44,haze,180.0,300.0,20.0,40.0,200.0,350.0,6.0,7.0
train,Red soil,C:\Users\Pranjal Yallurkar\OneDrive\Desktop\PROJECT\Final\soil_photos-20251020T144319Z-1-001\soil_photos\train\Red soil\Copy of 61050549-red-soil-texture-background.jpg,Reddish,6.0–7.0,24–34,45–65,180–300,20–40,200–350,"Groundnut, Millet, Maize, Pulses, Ragi","DAP, Organic Manure, Compost, NPK, Biofertilizer","millet, maize","Wheat, Mustard, Gram, Onion, Garlic",Winter,28.07,44,haze,180.0,300.0,20.0,40.0,200.0,350.0,6.0,7.0
train,Red soil,C:\Users\Pranjal Yallurkar\OneDrive\Desktop\PROJECT\Final\soil_photos-20251020T144319Z-1-001\soil_photos\train\Red soil\Copy of 61AysVsqgL.jpg,Reddish,6.0–7.0,24–34,45–65,180–300,20–40,200–350,"Groundnut, Millet, Maize, Pulses, Ragi","DAP, Organic Manure, Compost, NPK, Biofertilizer","millet, maize","Wheat, Mustard, Gram, Onion, Garlic",Winter,28.07,44,haze,180.0,300.0,20.0,40.0,200.0,350.0,6.0,7.0
train,Red soil,C:\Users\Pranjal Yallurkar\OneDrive\Desktop\PROJECT\Final\soil_photos-20251020T144319Z-1-001\soil_photos\train\Red soil\Copy of 835254_2.jpg,Reddish,6.0–7.0,24–34,45–65,180–300,20–40,200–350,"Groundnut, Millet, Maize, Pulses, Ragi","DAP, Organic Manure, Compost, NPK, Biofertilizer","millet, maize","Wheat, Mustard, Gram, Onion, Garlic",Winter,28.07,44,haze,180.0,300.0,20.0,40.0,200.0,350.0,6.0,7.0
train,Red soil,C:\Users\Pranjal Yallurkar\OneDrive\Desktop\PROJECT\Final\soil_photos-20251020T144319Z-1-001\soil_photos\train\Red soil\Copy of 95424d278d0b71fa4b398f406303a4a9.jpg,Reddish,6.0–7.0,24–34,45–65,180–300,20–40,200–350,"Groundnut, Millet, Maize, Pulses, Ragi","DAP, Organic Manure, Compost, NPK, Biofertilizer","millet, maize","Wheat, Mustard, Gram, Onion, Garlic",Winter,28.07,44,haze,180.0,300.0,20.0,40.0,200.0,350.0,6.0,7.0
train,Red soil,C:\Users\Pranjal Yallurkar\OneDrive\Desktop\PROJECT\Final\soil_photos-20251020T144319Z-1-001\soil_photos\train\Red soil\Copy of annamalai-red-soil-suppliers-kotturpuram-chennai-red-soil-dealers-ey0ylh5r3e.jpg,Reddish,6.0–7.0,24–34,45–65,180–300,20–40,200–350,"Groundnut, Millet, Maize, Pulses, Ragi","DAP, Organic Manure, Compost, NPK, Biofertilizer","millet, maize","Wheat, Mustard, Gram, Onion, Garlic",Winter,28.07,44,haze,180.0,300.0,20.0,40.0,200.0,350.0,6.0,7.0
train,Red soil,C:\Users\Pranjal Yallurkar\OneDrive\Desktop\PROJECT\Final\soil_photos-20251020T144319Z-1-001\soil_photos\train\Red soil\Copy of brown-soil.jpg,Reddish,6.0–7.0,24–34,45–65,180–300,20–40,200–350,"Groundnut, Millet, Maize, Pulses, Ragi","DAP, Organic Manure, Compost, NPK, Biofertilizer","millet, maize","Wheat, Mustard, Gram, Onion, Garlic",Winter,28.07,44,haze,180.0,300.0,20.0,40.0,200.0,350.0,6.0,7.0
train,Red soil,C:\Users\Pranjal Yallurkar\OneDrive\Desktop\PROJECT\Final\soil_photos-20251020T144319Z-1-001\soil_photos\train\Red soil\Copy of download (1).jpg,Reddish,6.0–7.0,24–34,45–65,180–300,20–40,200–350,"Groundnut, Millet, Maize, Pulses, Ragi","DAP, Organic Manure, Compost, NPK, Biofertilizer","millet, maize","Wheat, Mustard, Gram, Onion, Garlic",Winter,28.07,44,haze,180.0,300.0,20.0,40.0,200.0,350.0,6.0,7.0
train,Red soil,C:\Users\Pranjal Yallurkar\OneDrive\Desktop\PROJECT\Final\soil_photos-20251020T144319Z-1-001\soil_photos\train\Red soil\Copy of download (2).jpg,Reddish,6.0–7.0,24–34,45–65,180–300,20–40,200–350,"Groundnut, Millet, Maize, Pulses, Ragi","DAP, Organic Manure, Compost, NPK, Biofertilizer","millet, maize","Wheat, Mustard, Gram, Onion, Garlic",Winter,28.07,44,haze,180.0,300.0,20.0,40.0,200.0,350.0,6.0,7.0
train,Red soil,C:\Users\Pranjal Yallurkar\OneDrive\Desktop\PROJECT\Final\soil_photos-20251020T144319Z-1-001\soil_photos\train\Red soil\Copy of download.jpg,Reddish,6.0–7.0,24–34,45–65,180–300,20–40,200–350,"Groundnut, Millet, Maize, Pulses, Ragi","DAP, Organic Manure, Compost, NPK, Biofertilizer","millet, maize","Wheat, Mustard, Gram, Onion, Garlic",Winter,28.07,44,haze,180.0,300.0,20.0,40.0,200.0,350.0,6.0,7.0
train,Red soil,C:\Users\Pranjal Yallurkar\OneDrive\Desktop\PROJECT\Final\soil_photos-20251020T144319Z-1-001\soil_photos\train\Red soil\Copy of image-red-soil-texture-260nw-243951718.jpg,Reddish,6.0–7.0,24–34,45–65,180–300,20–40,200–350,"Groundnut, Millet, Maize, Pulses, Ragi","DAP, Organic Manure, Compost, NPK, Biofertilizer","millet, maize","Wheat, Mustard, Gram, Onion, Garlic",Winter,28.07,44,haze,180.0,300.0,20.0,40.0,200.0,350.0,6.0,7.0
train,Red soil,C:\Users\Pranjal Yallurkar\OneDrive\Desktop\PROJECT\Final\soil_photos-20251020T144319Z-1-001\soil_photos\train\Red soil\Copy of image.jpeg,Reddish,6.0–7.0,24–34,45–65,180–300,20–40,200–350,"Groundnut, Millet, Maize, Pulses, Ragi","DAP, Organic Manure, Compost, NPK, Biofertilizer","millet, maize","Wheat, Mustard, Gram, Onion, Garlic",Winter,28.07,44,haze,180.0,300.0,20.0,40.0,200.0,350.0,6.0,7.0
train,Red soil,C:\Users\Pranjal Yallurkar\OneDrive\Desktop\PROJECT\Final\soil_photos-20251020T144319Z-1-001\soil_photos\train\Red soil\Copy of image12.jpeg,Reddish,6.0–7.0,24–34,45–65,180–300,20–40,200–350,"Groundnut, Millet, Maize, Pulses, Ragi","DAP, Organic Manure, Compost, NPK, Biofertilizer","millet, maize","Wheat, Mustard, Gram, Onion, Garlic",Winter,28.07,44,haze,180.0,300.0,20.0,40.0,200.0,350.0,6.0,7.0
train,Red soil,C:\Users\Pranjal Yallurkar\OneDrive\Desktop\PROJECT\Final\soil_photos-20251020T144319Z-1-001\soil_photos\train\Red soil\Copy of image14.jpeg,Reddish,6.0–7.0,24–34,45–65,180–300,20–40,200–350,"Groundnut, Millet, Maize, Pulses, Ragi","DAP, Organic Manure, Compost, NPK, Biofertilizer","millet, maize","Wheat, Mustard, Gram, Onion, Garlic",Winter,28.07,44,haze,180.0,300.0,20.0,40.0,200.0,350.0,6.0,7.0
train,Red soil,C:\Users\Pranjal Yallurkar\OneDrive\Desktop\PROJECT\Final\soil_photos-20251020T144319Z-1-001\soil_photos\train\Red soil\Copy of image15.jpeg,Reddish,6.0–7.0,24–34,45–65,180–300,20–40,200–350,"Groundnut, Millet, Maize, Pulses, Ragi","DAP, Organic Manure, Compost, NPK, Biofertilizer","millet, maize","Wheat, Mustard, Gram, Onion, Garlic",Winter,28.07,44,haze,180.0,300.0,20.0,40.0,200.0,350.0,6.0,7.0
train,Red soil,C:\Users\Pranjal Yallurkar\OneDrive\Desktop\PROJECT\Final\soil_photos-20251020T144319Z-1-001\soil_photos\train\Red soil\Copy of image16.jpeg,Reddish,6.0–7.0,24–34,45–65,180–300,20–40,200–350,"Groundnut, Millet, Maize, Pulses, Ragi","DAP, Organic Manure, Compost, NPK, Biofertilizer","millet, maize","Wheat, Mustard, Gram, Onion, Garlic",Winter,28.07,44,haze,180.0,300.0,20.0,40.0,200.0,350.0,6.0,7.0
train,Red soil,C:\Users\Pranjal Yallurkar\OneDrive\Desktop\PROJECT\Final\soil_photos-20251020T144319Z-1-001\soil_photos\train\Red soil\Copy of image17.jpeg,Reddish,6.0–7.0,24–34,45–65,180–300,20–40,200–350,"Groundnut, Millet, Maize, Pulses, Ragi","DAP, Organic Manure, Compost, NPK, Biofertilizer","millet, maize","Wheat, Mustard, Gram, Onion, Garlic",Winter,28.07,44,haze,180.0,300.0,20.0,40.0,200.0,350.0,6.0,7.0
train,Red soil,C:\Users\Pranjal Yallurkar\OneDrive\Desktop\PROJECT\Final\soil_photos-20251020T144319Z-1-001\soil_photos\train\Red soil\Copy of image19.jpeg,Reddish,6.0–7.0,24–34,45–65,180–300,20–40,200–350,"Groundnut, Millet, Maize, Pulses, Ragi","DAP, Organic Manure, Compost, NPK, Biofertilizer","millet, maize","Wheat, Mustard, Gram, Onion, Garlic",Winter,28.07,44,haze,180.0,300.0,20.0,40.0,200.0,350.0,6.0,7.0
train,Red soil,C:\Users\Pranjal Yallurkar\OneDrive\Desktop\PROJECT\Final\soil_photos-20251020T144319Z-1-001\soil_photos\train\Red soil\Copy of image2.jpeg,Reddish,6.0–7.0,24–34,45–65,180–300,20–40,200–350,"Groundnut, Millet, Maize, Pulses, Ragi","DAP, Organic Manure, Compost, NPK, Biofertilizer","millet, maize","Wheat, Mustard, Gram, Onion, Garlic",Winter,28.07,44,haze,180.0,300.0,20.0,40.0,200.0,350.0,6.0,7.0
train,Red soil,C:\Users\Pranjal Yallurkar\OneDrive\Desktop\PROJECT\Final\soil_photos-20251020T144319Z-1-001\soil_photos\train\Red soil\Copy of image20.jpeg,Reddish,6.0–7.0,24–34,45–65,180–300,20–40,200–350,"Groundnut, Millet, Maize, Pulses, Ragi","DAP, Organic Manure, Compost, NPK, Biofertilizer","millet, maize","Wheat, Mustard, Gram, Onion, Garlic",Winter,28.07,44,haze,180.0,300.0,20.0,40.0,200.0,350.0,6.0,7.0
train,Red soil,C:\Users\Pranjal Yallurkar\OneDrive\Desktop\PROJECT\Final\soil_photos-20251020T144319Z-1-001\soil_photos\train\Red soil\Copy of image23.jpeg,Reddish,6.0–7.0,24–34,45–65,180–300,20–40,200–350,"Groundnut, Millet, Maize, Pulses, Ragi","DAP, Organic Manure, Compost, NPK, Biofertilizer","millet, maize","Wheat, Mustard, Gram, Onion, Garlic",Winter,28.07,44,haze,180.0,300.0,20.0,40.0,200.0,350.0,6.0,7.0
train,Red soil,C:\Users\Pranjal Yallurkar\OneDrive\Desktop\PROJECT\Final\soil_photos-20251020T144319Z-1-001\soil_photos\train\Red soil\Copy of image24.jpeg,Reddish,6.0–7.0,24–34,45–65,180–300,20–40,200–350,"Groundnut, Millet, Maize, Pulses, Ragi","DAP, Organic Manure, Compost, NPK, Biofertilizer","millet, maize","Wheat, Mustard, Gram, Onion, Garlic",Winter,28.07,44,haze,180.0,300.0,20.0,40.0,200.0,350.0,6.0,7.0
train,Red soil,C:\Users\Pranjal Yallurkar\OneDrive\Desktop\PROJECT\Final\soil_photos-20251020T144319Z-1-001\soil_photos\train\Red soil\Copy of image25.jpeg,Reddish,6.0–7.0,24–34,45–65,180–300,20–40,200–350,"Groundnut, Millet, Maize, Pulses, Ragi","DAP, Organic Manure, Compost, NPK, Biofertilizer","millet, maize","Wheat, Mustard, Gram, Onion, Garlic",Winter,28.07,44,haze,180.0,300.0,20.0,40.0,200.0,350.0,6.0,7.0
train,Red soil,C:\Users\Pranjal Yallurkar\OneDrive\Desktop\PROJECT\Final\soil_photos-20251020T144319Z-1-001\soil_photos\train\Red soil\Copy of image26.jpeg,Reddish,6.0–7.0,24–34,45–65,180–300,20–40,200–350,"Groundnut, Millet, Maize, Pulses, Ragi","DAP, Organic Manure, Compost, NPK, Biofertilizer","millet, maize","Wheat, Mustard, Gram, Onion, Garlic",Winter,28.07,44,haze,180.0,300.0,20.0,40.0,200.0,350.0,6.0,7.0
train,Red soil,C:\Users\Pranjal Yallurkar\OneDrive\Desktop\PROJECT\Final\soil_photos-20251020T144319Z-1-001\soil_photos\train\Red soil\Copy of image3.jpeg,Reddish,6.0–7.0,24–34,45–65,180–300,20–40,200–350,"Groundnut, Millet, Maize, Pulses, Ragi","DAP, Organic Manure, Compost, NPK, Biofertilizer","millet, maize","Wheat, Mustard, Gram, Onion, Garlic",Winter,28.07,44,haze,180.0,300.0,20.0,40.0,200.0,350.0,6.0,7.0
train,Red soil,C:\Users\Pranjal Yallurkar\OneDrive\Desktop\PROJECT\Final\soil_photos-20251020T144319Z-1-001\soil_photos\train\Red soil\Copy of image30.jpeg,Reddish,6.0–7.0,24–34,45–65,180–300,20–40,200–350,"Groundnut, Millet, Maize, Pulses, Ragi","DAP, Organic Manure, Compost, NPK, Biofertilizer","millet, maize","Wheat, Mustard, Gram, Onion, Garlic",Winter,28.07,44,haze,180.0,300.0,20.0,40.0,200.0,350.0,6.0,7.0
train,Red soil,C:\Users\Pranjal Yallurkar\OneDrive\Desktop\PROJECT\Final\soil_photos-20251020T144319Z-1-001\soil_photos\train\Red soil\Copy of image31.jpeg,Reddish,6.0–7.0,24–34,45–65,180–300,20–40,200–350,"Groundnut, Millet, Maize, Pulses, Ragi","DAP, Organic Manure, Compost, NPK, Biofertilizer","millet, maize","Wheat, Mustard, Gram, Onion, Garlic",Winter,28.07,44,haze,180.0,300.0,20.0,40.0,200.0,350.0,6.0,7.0
train,Red soil,C:\Users\Pranjal Yallurkar\OneDrive\Desktop\PROJECT\Final\soil_photos-20251020T144319Z-1-001\soil_photos\train\Red soil\Copy of image5.jpeg,Reddish,6.0–7.0,24–34,45–65,180–300,20–40,200–350,"Groundnut, Millet, Maize, Pulses, Ragi","DAP, Organic Manure, Compost, NPK, Biofertilizer","millet, maize","Wheat, Mustard, Gram, Onion, Garlic",Winter,28.07,44,haze,180.0,300.0,20.0,40.0,200.0,350.0,6.0,7.0
train,Red soil,C:\Users\Pranjal Yallurkar\OneDrive\Desktop\PROJECT\Final\soil_photos-20251020T144319Z-1-001\soil_photos\train\Red soil\Copy of image8.jpeg,Reddish,6.0–7.0,24–34,45–65,180–300,20–40,200–350,"Groundnut, Millet, Maize, Pulses, Ragi","DAP, Organic Manure, Compost, NPK, Biofertilizer","millet, maize","Wheat, Mustard, Gram, Onion, Garlic",Winter,28.07,44,haze,180.0,300.0,20.0,40.0,200.0,350.0,6.0,7.0
train,Red soil,C:\Users\Pranjal Yallurkar\OneDrive\Desktop\PROJECT\Final\soil_photos-20251020T144319Z-1-001\soil_photos\train\Red soil\Copy of images (1).jpg,Reddish,6.0–7.0,24–34,45–65,180–300,20–40,200–350,"Groundnut, Millet, Maize, Pulses, Ragi","DAP, Organic Manure, Compost, NPK, Biofertilizer","millet, maize","Wheat, Mustard, Gram, Onion, Garlic",Winter,28.07,44,haze,180.0,300.0,20.0,40.0,200.0,350.0,6.0,7.0
train,Red soil,C:\Users\Pranjal Yallurkar\OneDrive\Desktop\PROJECT\Final\soil_photos-20251020T144319Z-1-001\soil_photos\train\Red soil\Copy of images.jpg,Reddish,6.0–7.0,24–34,45–65,180–300,20–40,200–350,"Groundnut, Millet, Maize, Pulses, Ragi","DAP, Organic Manure, Compost, NPK, Biofertilizer","millet, maize","Wheat, Mustard, Gram, Onion, Garlic",Winter,28.07,44,haze,180.0,300.0,20.0,40.0,200.0,350.0,6.0,7.0
train,Red soil,C:\Users\Pranjal Yallurkar\OneDrive\Desktop\PROJECT\Final\soil_photos-20251020T144319Z-1-001\soil_photos\train\Red soil\Copy of images10.jpg,Reddish,6.0–7.0,24–34,45–65,180–300,20–40,200–350,"Groundnut, Millet, Maize, Pulses, Ragi","DAP, Organic Manure, Compost, NPK, Biofertilizer","millet, maize","Wheat, Mustard, Gram, Onion, Garlic",Winter,28.07,44,haze,180.0,300.0,20.0,40.0,200.0,350.0,6.0,7.0
train,Red soil,C:\Users\Pranjal Yallurkar\OneDrive\Desktop\PROJECT\Final\soil_photos-20251020T144319Z-1-001\soil_photos\train\Red soil\Copy of images102.jpg,Reddish,6.0–7.0,24–34,45–65,180–300,20–40,200–350,"Groundnut, Millet, Maize, Pulses, Ragi","DAP, Organic Manure, Compost, NPK, Biofertilizer","millet, maize","Wheat, Mustard, Gram, Onion, Garlic",Winter,28.07,44,haze,180.0,300.0,20.0,40.0,200.0,350.0,6.0,7.0
train,Red soil,C:\Users\Pranjal Yallurkar\OneDrive\Desktop\PROJECT\Final\soil_photos-20251020T144319Z-1-001\soil_photos\train\Red soil\Copy of images104.jpg,Reddish,6.0–7.0,24–34,45–65,180–300,20–40,200–350,"Groundnut, Millet, Maize, Pulses, Ragi","DAP, Organic Manure, Compost, NPK, Biofertilizer","millet, maize","Wheat, Mustard, Gram, Onion, Garlic",Winter,28.07,44,haze,180.0,300.0,20.0,40.0,200.0,350.0,6.0,7.0
train,Red soil,C:\Users\Pranjal Yallurkar\OneDrive\Desktop\PROJECT\Final\soil_photos-20251020T144319Z-1-001\soil_photos\train\Red soil\Copy of images105.jpg,Reddish,6.0–7.0,24–34,45–65,180–300,20–40,200–350,"Groundnut, Millet, Maize, Pulses, Ragi","DAP, Organic Manure, Compost, NPK, Biofertilizer","millet, maize","Wheat, Mustard, Gram, Onion, Garlic",Winter,28.07,44,haze,180.0,300.0,20.0,40.0,200.0,350.0,6.0,7.0
train,Red soil,C:\Users\Pranjal Yallurkar\OneDrive\Desktop\PROJECT\Final\soil_photos-20251020T144319Z-1-001\soil_photos\train\Red soil\Copy of images113.jpg,Reddish,6.0–7.0,24–34,45–65,180–300,20–40,200–350,"Groundnut, Millet, Maize, Pulses, Ragi","DAP, Organic Manure, Compost, NPK, Biofertilizer","millet, maize","Wheat, Mustard, Gram, Onion, Garlic",Winter,28.07,44,haze,180.0,300.0,20.0,40.0,200.0,350.0,6.0,7.0
train,Red soil,C:\Users\Pranjal Yallurkar\OneDrive\Desktop\PROJECT\Final\soil_photos-20251020T144319Z-1-001\soil_photos\train\Red soil\Copy of images117.jpg,Reddish,6.0–7.0,24–34,45–65,180–300,20–40,200–350,"Groundnut, Millet, Maize, Pulses, Ragi","DAP, Organic Manure, Compost, NPK, Biofertilizer","millet, maize","Wheat, Mustard, Gram, Onion, Garlic",Winter,28.07,44,haze,180.0,300.0,20.0,40.0,200.0,350.0,6.0,7.0
train,Red soil,C:\Users\Pranjal Yallurkar\OneDrive\Desktop\PROJECT\Final\soil_photos-20251020T144319Z-1-001\soil_photos\train\Red soil\Copy of images119.jpg,Reddish,6.0–7.0,24–34,45–65,180–300,20–40,200–350,"Groundnut, Millet, Maize, Pulses, Ragi","DAP, Organic Manure, Compost, NPK, Biofertilizer","millet, maize","Wheat, Mustard, Gram, Onion, Garlic",Winter,28.07,44,haze,180.0,300.0,20.0,40.0,200.0,350.0,6.0,7.0
train,Red soil,C:\Users\Pranjal Yallurkar\OneDrive\Desktop\PROJECT\Final\soil_photos-20251020T144319Z-1-001\soil_photos\train\Red soil\Copy of images12.jpg,Reddish,6.0–7.0,24–34,45–65,180–300,20–40,200–350,"Groundnut, Millet, Maize, Pulses, Ragi","DAP, Organic Manure, Compost, NPK, Biofertilizer","millet, maize","Wheat, Mustard, Gram, Onion, Garlic",Winter,28.07,44,haze,180.0,300.0,20.0,40.0,200.0,350.0,6.0,7.0
train,Red soil,C:\Users\Pranjal Yallurkar\OneDrive\Desktop\PROJECT\Final\soil_photos-20251020T144319Z-1-001\soil_photos\train\Red soil\Copy of images120.jpg,Reddish,6.0–7.0,24–34,45–65,180–300,20–40,200–350,"Groundnut, Millet, Maize, Pulses, Ragi","DAP, Organic Manure, Compost, NPK, Biofertilizer","millet, maize","Wheat, Mustard, Gram, Onion, Garlic",Winter,28.07,44,haze,180.0,300.0,20.0,40.0,200.0,350.0,6.0,7.0
train,Red soil,C:\Users\Pranjal Yallurkar\OneDrive\Desktop\PROJECT\Final\soil_photos-20251020T144319Z-1-001\soil_photos\train\Red soil\Copy of images121.jpg,Reddish,6.0–7.0,24–34,45–65,180–300,20–40,200–350,"Groundnut, Millet, Maize, Pulses, Ragi","DAP, Organic Manure, Compost, NPK, Biofertilizer","millet, maize","Wheat, Mustard, Gram, Onion, Garlic",Winter,28.07,44,haze,180.0,300.0,20.0,40.0,200.0,350.0,6.0,7.0
train,Red soil,C:\Users\Pranjal Yallurkar\OneDrive\Desktop\PROJECT\Final\soil_photos-20251020T144319Z-1-001\soil_photos\train\Red soil\Copy of images122.jpg,Reddish,6.0–7.0,24–34,45–65,180–300,20–40,200–350,"Groundnut, Millet, Maize, Pulses, Ragi","DAP, Organic Manure, Compost, NPK, Biofertilizer","millet, maize","Wheat, Mustard, Gram, Onion, Garlic",Winter,28.07,44,haze,180.0,300.0,20.0,40.0,200.0,350.0,6.0,7.0
train,Red soil,C:\Users\Pranjal Yallurkar\OneDrive\Desktop\PROJECT\Final\soil_photos-20251020T144319Z-1-001\soil_photos\train\Red soil\Copy of images125.jpg,Bluish,6.0–7.0,24–34,45–65,180–300,20–40,200–350,"Groundnut, Millet, Maize, Pulses, Ragi","DAP, Organic Manure, Compost, NPK, Biofertilizer","millet, maize","Wheat, Mustard, Gram, Onion, Garlic",Winter,28.07,44,haze,180.0,300.0,20.0,40.0,200.0,350.0,6.0,7.0
train,Red soil,C:\Users\Pranjal Yallurkar\OneDrive\Desktop\PROJECT\Final\soil_photos-20251020T144319Z-1-001\soil_photos\train\Red soil\Copy of images127.jpg,Reddish,6.0–7.0,24–34,45–65,180–300,20–40,200–350,"Groundnut, Millet, Maize, Pulses, Ragi","DAP, Organic Manure, Compost, NPK, Biofertilizer","millet, maize","Wheat, Mustard, Gram, Onion, Garlic",Winter,28.07,44,haze,180.0,300.0,20.0,40.0,200.0,350.0,6.0,7.0
train,Red soil,C:\Users\Pranjal Yallurkar\OneDrive\Desktop\PROJECT\Final\soil_photos-20251020T144319Z-1-001\soil_photos\train\Red soil\Copy of images13.jpg,Reddish,6.0–7.0,24–34,45–65,180–300,20–40,200–350,"Groundnut, Millet, Maize, Pulses, Ragi","DAP, Organic Manure, Compost, NPK, Biofertilizer","millet, maize","Wheat, Mustard, Gram, Onion, Garlic",Winter,28.07,44,haze,180.0,300.0,20.0,40.0,200.0,350.0,6.0,7.0
train,Red soil,C:\Users\Pranjal Yallurkar\OneDrive\Desktop\PROJECT\Final\soil_photos-20251020T144319Z-1-001\soil_photos\train\Red soil\Copy of images131.jpg,Reddish,6.0–7.0,24–34,45–65,180–300,20–40,200–350,"Groundnut, Millet, Maize, Pulses, Ragi","DAP, Organic Manure, Compost, NPK, Biofertilizer","millet, maize","Wheat, Mustard, Gram, Onion, Garlic",Winter,28.07,44,haze,180.0,300.0,20.0,40.0,200.0,350.0,6.0,7.0
train,Red soil,C:\Users\Pranjal Yallurkar\OneDrive\Desktop\PROJECT\Final\soil_photos-20251020T144319Z-1-001\soil_photos\train\Red soil\Copy of images134.jpg,Reddish,6.0–7.0,24–34,45–65,180–300,20–40,200–350,"Groundnut, Millet, Maize, Pulses, Ragi","DAP, Organic Manure, Compost, NPK, Biofertilizer","millet, maize","Wheat, Mustard, Gram, Onion, Garlic",Winter,28.07,44,haze,180.0,300.0,20.0,40.0,200.0,350.0,6.0,7.0
train,Red soil,C:\Users\Pranjal Yallurkar\OneDrive\Desktop\PROJECT\Final\soil_photos-20251020T144319Z-1-001\soil_photos\train\Red soil\Copy of images135.jpg,Reddish,6.0–7.0,24–34,45–65,180–300,20–40,200–350,"Groundnut, Millet, Maize, Pulses, Ragi","DAP, Organic Manure, Compost, NPK, Biofertilizer","millet, maize","Wheat, Mustard, Gram, Onion, Garlic",Winter,28.07,44,haze,180.0,300.0,20.0,40.0,200.0,350.0,6.0,7.0
train,Red soil,C:\Users\Pranjal Yallurkar\OneDrive\Desktop\PROJECT\Final\soil_photos-20251020T144319Z-1-001\soil_photos\train\Red soil\Copy of images137.jpg,Reddish,6.0–7.0,24–34,45–65,180–300,20–40,200–350,"Groundnut, Millet, Maize, Pulses, Ragi","DAP, Organic Manure, Compost, NPK, Biofertilizer","millet, maize","Wheat, Mustard, Gram, Onion, Garlic",Winter,28.07,44,haze,180.0,300.0,20.0,40.0,200.0,350.0,6.0,7.0
train,Red soil,C:\Users\Pranjal Yallurkar\OneDrive\Desktop\PROJECT\Final\soil_photos-20251020T144319Z-1-001\soil_photos\train\Red soil\Copy of images138.jpg,Reddish,6.0–7.0,24–34,45–65,180–300,20–40,200–350,"Groundnut, Millet, Maize, Pulses, Ragi","DAP, Organic Manure, Compost, NPK, Biofertilizer","millet, maize","Wheat, Mustard, Gram, Onion, Garlic",Winter,28.07,44,haze,180.0,300.0,20.0,40.0,200.0,350.0,6.0,7.0
train,Red soil,C:\Users\Pranjal Yallurkar\OneDrive\Desktop\PROJECT\Final\soil_photos-20251020T144319Z-1-001\soil_photos\train\Red soil\Copy of images139.jpg,Reddish,6.0–7.0,24–34,45–65,180–300,20–40,200–350,"Groundnut, Millet, Maize, Pulses, Ragi","DAP, Organic Manure, Compost, NPK, Biofertilizer","millet, maize","Wheat, Mustard, Gram, Onion, Garlic",Winter,28.07,44,haze,180.0,300.0,20.0,40.0,200.0,350.0,6.0,7.0
train,Red soil,C:\Users\Pranjal Yallurkar\OneDrive\Desktop\PROJECT\Final\soil_photos-20251020T144319Z-1-001\soil_photos\train\Red soil\Copy of images141.jpg,Reddish,6.0–7.0,24–34,45–65,180–300,20–40,200–350,"Groundnut, Millet, Maize, Pulses, Ragi","DAP, Organic Manure, Compost, NPK, Biofertilizer","millet, maize","Wheat, Mustard, Gram, Onion, Garlic",Winter,28.07,44,haze,180.0,300.0,20.0,40.0,200.0,350.0,6.0,7.0
train,Red soil,C:\Users\Pranjal Yallurkar\OneDrive\Desktop\PROJECT\Final\soil_photos-20251020T144319Z-1-001\soil_photos\train\Red soil\Copy of images143.jpg,Reddish,6.0–7.0,24–34,45–65,180–300,20–40,200–350,"Groundnut, Millet, Maize, Pulses, Ragi","DAP, Organic Manure, Compost, NPK, Biofertilizer","millet, maize","Wheat, Mustard, Gram, Onion, Garlic",Winter,28.07,44,haze,180.0,300.0,20.0,40.0,200.0,350.0,6.0,7.0
train,Red soil,C:\Users\Pranjal Yallurkar\OneDrive\Desktop\PROJECT\Final\soil_photos-20251020T144319Z-1-001\soil_photos\train\Red soil\Copy of images152.jpg,Reddish,6.0–7.0,24–34,45–65,180–300,20–40,200–350,"Groundnut, Millet, Maize, Pulses, Ragi","DAP, Organic Manure, Compost, NPK, Biofertilizer","millet, maize","Wheat, Mustard, Gram, Onion, Garlic",Winter,28.07,44,haze,180.0,300.0,20.0,40.0,200.0,350.0,6.0,7.0
train,Red soil,C:\Users\Pranjal Yallurkar\OneDrive\Desktop\PROJECT\Final\soil_photos-20251020T144319Z-1-001\soil_photos\train\Red soil\Copy of images156.jpg,Reddish,6.0–7.0,24–34,45–65,180–300,20–40,200–350,"Groundnut, Millet, Maize, Pulses, Ragi","DAP, Organic Manure, Compost, NPK, Biofertilizer","millet, maize","Wheat, Mustard, Gram, Onion, Garlic",Winter,28.07,44,haze,180.0,300.0,20.0,40.0,200.0,350.0,6.0,7.0
train,Red soil,C:\Users\Pranjal Yallurkar\OneDrive\Desktop\PROJECT\Final\soil_photos-20251020T144319Z-1-001\soil_photos\train\Red soil\Copy of images16.jpg,Reddish,6.0–7.0,24–34,45–65,180–300,20–40,200–350,"Groundnut, Millet, Maize, Pulses, Ragi","DAP, Organic Manure, Compost, NPK, Biofertilizer","millet, maize","Wheat, Mustard, Gram, Onion, Garlic",Winter,28.07,44,haze,180.0,300.0,20.0,40.0,200.0,350.0,6.0,7.0
train,Red soil,C:\Users\Pranjal Yallurkar\OneDrive\Desktop\PROJECT\Final\soil_photos-20251020T144319Z-1-001\soil_photos\train\Red soil\Copy of images160.jpg,Reddish,6.0–7.0,24–34,45–65,180–300,20–40,200–350,"Groundnut, Millet, Maize, Pulses, Ragi","DAP, Organic Manure, Compost, NPK, Biofertilizer","millet, maize","Wheat, Mustard, Gram, Onion, Garlic",Winter,28.07,44,haze,180.0,300.0,20.0,40.0,200.0,350.0,6.0,7.0
train,Red soil,C:\Users\Pranjal Yallurkar\OneDrive\Desktop\PROJECT\Final\soil_photos-20251020T144319Z-1-001\soil_photos\train\Red soil\Copy of images162.jpg,Reddish,6.0–7.0,24–34,45–65,180–300,20–40,200–350,"Groundnut, Millet, Maize, Pulses, Ragi","DAP, Organic Manure, Compost, NPK, Biofertilizer","millet, maize","Wheat, Mustard, Gram, Onion, Garlic",Winter,28.07,44,haze,180.0,300.0,20.0,40.0,200.0,350.0,6.0,7.0
train,Red soil,C:\Users\Pranjal Yallurkar\OneDrive\Desktop\PROJECT\Final\soil_photos-20251020T144319Z-1-001\soil_photos\train\Red soil\Copy of images165.jpg,Reddish,6.0–7.0,24–34,45–65,180–300,20–40,200–350,"Groundnut, Millet, Maize, Pulses, Ragi","DAP, Organic Manure, Compost, NPK, Biofertilizer","millet, maize","Wheat, Mustard, Gram, Onion, Garlic",Winter,28.07,44,haze,180.0,300.0,20.0,40.0,200.0,350.0,6.0,7.0
train,Red soil,C:\Users\Pranjal Yallurkar\OneDrive\Desktop\PROJECT\Final\soil_photos-20251020T144319Z-1-001\soil_photos\train\Red soil\Copy of images168.jpg,Reddish,6.0–7.0,24–34,45–65,180–300,20–40,200–350,"Groundnut, Millet, Maize, Pulses, Ragi","DAP, Organic Manure, Compost, NPK, Biofertilizer","millet, maize","Wheat, Mustard, Gram, Onion, Garlic",Winter,28.07,44,haze,180.0,300.0,20.0,40.0,200.0,350.0,6.0,7.0
train,Red soil,C:\Users\Pranjal Yallurkar\OneDrive\Desktop\PROJECT\Final\soil_photos-20251020T144319Z-1-001\soil_photos\train\Red soil\Copy of images169.jpg,Reddish,6.0–7.0,24–34,45–65,180–300,20–40,200–350,"Groundnut, Millet, Maize, Pulses, Ragi","DAP, Organic Manure, Compost, NPK, Biofertilizer","millet, maize","Wheat, Mustard, Gram, Onion, Garlic",Winter,28.07,44,haze,180.0,300.0,20.0,40.0,200.0,350.0,6.0,7.0
train,Red soil,C:\Users\Pranjal Yallurkar\OneDrive\Desktop\PROJECT\Final\soil_photos-20251020T144319Z-1-001\soil_photos\train\Red soil\Copy of images171.jpg,Reddish,6.0–7.0,24–34,45–65,180–300,20–40,200–350,"Groundnut, Millet, Maize, Pulses, Ragi","DAP, Organic Manure, Compost, NPK, Biofertilizer","millet, maize","Wheat, Mustard, Gram, Onion, Garlic",Winter,28.07,44,haze,180.0,300.0,20.0,40.0,200.0,350.0,6.0,7.0
train,Red soil,C:\Users\Pranjal Yallurkar\OneDrive\Desktop\PROJECT\Final\soil_photos-20251020T144319Z-1-001\soil_photos\train\Red soil\Copy of images176.jpg,Reddish,6.0–7.0,24–34,45–65,180–300,20–40,200–350,"Groundnut, Millet, Maize, Pulses, Ragi","DAP, Organic Manure, Compost, NPK, Biofertilizer","millet, maize","Wheat, Mustard, Gram, Onion, Garlic",Winter,28.07,44,haze,180.0,300.0,20.0,40.0,200.0,350.0,6.0,7.0
train,Red soil,C:\Users\Pranjal Yallurkar\OneDrive\Desktop\PROJECT\Final\soil_photos-20251020T144319Z-1-001\soil_photos\train\Red soil\Copy of images177.jpg,Reddish,6.0–7.0,24–34,45–65,180–300,20–40,200–350,"Groundnut, Millet, Maize, Pulses, Ragi","DAP, Organic Manure, Compost, NPK, Biofertilizer","millet, maize","Wheat, Mustard, Gram, Onion, Garlic",Winter,28.07,44,haze,180.0,300.0,20.0,40.0,200.0,350.0,6.0,7.0
train,Red soil,C:\Users\Pranjal Yallurkar\OneDrive\Desktop\PROJECT\Final\soil_photos-20251020T144319Z-1-001\soil_photos\train\Red soil\Copy of images183.jpg,Reddish,6.0–7.0,24–34,45–65,180–300,20–40,200–350,"Groundnut, Millet, Maize, Pulses, Ragi","DAP, Organic Manure, Compost, NPK, Biofertilizer","millet, maize","Wheat, Mustard, Gram, Onion, Garlic",Winter,28.07,44,haze,180.0,300.0,20.0,40.0,200.0,350.0,6.0,7.0
train,Red soil,C:\Users\Pranjal Yallurkar\OneDrive\Desktop\PROJECT\Final\soil_photos-20251020T144319Z-1-001\soil_photos\train\Red soil\Copy of images188.jpg,Reddish,6.0–7.0,24–34,45–65,180–300,20–40,200–350,"Groundnut, Millet, Maize, Pulses, Ragi","DAP, Organic Manure, Compost, NPK, Biofertilizer","millet, maize","Wheat, Mustard, Gram, Onion, Garlic",Winter,28.07,44,haze,180.0,300.0,20.0,40.0,200.0,350.0,6.0,7.0
train,Red soil,C:\Users\Pranjal Yallurkar\OneDrive\Desktop\PROJECT\Final\soil_photos-20251020T144319Z-1-001\soil_photos\train\Red soil\Copy of images189.jpg,Reddish,6.0–7.0,24–34,45–65,180–300,20–40,200–350,"Groundnut, Millet, Maize, Pulses, Ragi","DAP, Organic Manure, Compost, NPK, Biofertilizer","millet, maize","Wheat, Mustard, Gram, Onion, Garlic",Winter,28.07,44,haze,180.0,300.0,20.0,40.0,200.0,350.0,6.0,7.0
train,Red soil,C:\Users\Pranjal Yallurkar\OneDrive\Desktop\PROJECT\Final\soil_photos-20251020T144319Z-1-001\soil_photos\train\Red soil\Copy of images19.jpg,Reddish,6.0–7.0,24–34,45–65,180–300,20–40,200–350,"Groundnut, Millet, Maize, Pulses, Ragi","DAP, Organic Manure, Compost, NPK, Biofertilizer","millet, maize","Wheat, Mustard, Gram, Onion, Garlic",Winter,28.07,44,haze,180.0,300.0,20.0,40.0,200.0,350.0,6.0,7.0
train,Red soil,C:\Users\Pranjal Yallurkar\OneDrive\Desktop\PROJECT\Final\soil_photos-20251020T144319Z-1-001\soil_photos\train\Red soil\Copy of images191.jpg,Reddish,6.0–7.0,24–34,45–65,180–300,20–40,200–350,"Groundnut, Millet, Maize, Pulses, Ragi","DAP, Organic Manure, Compost, NPK, Biofertilizer","millet, maize","Wheat, Mustard, Gram, Onion, Garlic",Winter,28.07,44,haze,180.0,300.0,20.0,40.0,200.0,350.0,6.0,7.0
train,Red soil,C:\Users\Pranjal Yallurkar\OneDrive\Desktop\PROJECT\Final\soil_photos-20251020T144319Z-1-001\soil_photos\train\Red soil\Copy of images192.jpg,Reddish,6.0–7.0,24–34,45–65,180–300,20–40,200–350,"Groundnut, Millet, Maize, Pulses, Ragi","DAP, Organic Manure, Compost, NPK, Biofertilizer","millet, maize","Wheat, Mustard, Gram, Onion, Garlic",Winter,28.07,44,haze,180.0,300.0,20.0,40.0,200.0,350.0,6.0,7.0
train,Red soil,C:\Users\Pranjal Yallurkar\OneDrive\Desktop\PROJECT\Final\soil_photos-20251020T144319Z-1-001\soil_photos\train\Red soil\Copy of images195.jpg,Reddish,6.0–7.0,24–34,45–65,180–300,20–40,200–350,"Groundnut, Millet, Maize, Pulses, Ragi","DAP, Organic Manure, Compost, NPK, Biofertilizer","millet, maize","Wheat, Mustard, Gram, Onion, Garlic",Winter,28.07,44,haze,180.0,300.0,20.0,40.0,200.0,350.0,6.0,7.0
train,Red soil,C:\Users\Pranjal Yallurkar\OneDrive\Desktop\PROJECT\Final\soil_photos-20251020T144319Z-1-001\soil_photos\train\Red soil\Copy of images20.jpg,Reddish,6.0–7.0,24–34,45–65,180–300,20–40,200–350,"Groundnut, Millet, Maize, Pulses, Ragi","DAP, Organic Manure, Compost, NPK, Biofertilizer","millet, maize","Wheat, Mustard, Gram, Onion, Garlic",Winter,28.07,44,haze,180.0,300.0,20.0,40.0,200.0,350.0,6.0,7.0
train,Red soil,C:\Users\Pranjal Yallurkar\OneDrive\Desktop\PROJECT\Final\soil_photos-20251020T144319Z-1-001\soil_photos\train\Red soil\Copy of images202.jpg,Reddish,6.0–7.0,24–34,45–65,180–300,20–40,200–350,"Groundnut, Millet, Maize, Pulses, Ragi","DAP, Organic Manure, Compost, NPK, Biofertilizer","millet, maize","Wheat, Mustard, Gram, Onion, Garlic",Winter,28.07,44,haze,180.0,300.0,20.0,40.0,200.0,350.0,6.0,7.0
train,Red soil,C:\Users\Pranjal Yallurkar\OneDrive\Desktop\PROJECT\Final\soil_photos-20251020T144319Z-1-001\soil_photos\train\Red soil\Copy of images36.jpg,Reddish,6.0–7.0,24–34,45–65,180–300,20–40,200–350,"Groundnut, Millet, Maize, Pulses, Ragi","DAP, Organic Manure, Compost, NPK, Biofertilizer","millet, maize","Wheat, Mustard, Gram, Onion, Garlic",Winter,28.07,44,haze,180.0,300.0,20.0,40.0,200.0,350.0,6.0,7.0
train,Red soil,C:\Users\Pranjal Yallurkar\OneDrive\Desktop\PROJECT\Final\soil_photos-20251020T144319Z-1-001\soil_photos\train\Red soil\Copy of images37.jpg,Reddish,6.0–7.0,24–34,45–65,180–300,20–40,200–350,"Groundnut, Millet, Maize, Pulses, Ragi","DAP, Organic Manure, Compost, NPK, Biofertilizer","millet, maize","Wheat, Mustard, Gram, Onion, Garlic",Winter,28.07,44,haze,180.0,300.0,20.0,40.0,200.0,350.0,6.0,7.0
train,Red soil,C:\Users\Pranjal Yallurkar\OneDrive\Desktop\PROJECT\Final\soil_photos-20251020T144319Z-1-001\soil_photos\train\Red soil\Copy of images43.jpg,Reddish,6.0–7.0,24–34,45–65,180–300,20–40,200–350,"Groundnut, Millet, Maize, Pulses, Ragi","DAP, Organic Manure, Compost, NPK, Biofertilizer","millet, maize","Wheat, Mustard, Gram, Onion, Garlic",Winter,28.07,44,haze,180.0,300.0,20.0,40.0,200.0,350.0,6.0,7.0
train,Red soil,C:\Users\Pranjal Yallurkar\OneDrive\Desktop\PROJECT\Final\soil_photos-20251020T144319Z-1-001\soil_photos\train\Red soil\Copy of images45.jpg,Reddish,6.0–7.0,24–34,45–65,180–300,20–40,200–350,"Groundnut, Millet, Maize, Pulses, Ragi","DAP, Organic Manure, Compost, NPK, Biofertilizer","millet, maize","Wheat, Mustard, Gram, Onion, Garlic",Winter,28.07,44,haze,180.0,300.0,20.0,40.0,200.0,350.0,6.0,7.0
train,Red soil,C:\Users\Pranjal Yallurkar\OneDrive\Desktop\PROJECT\Final\soil_photos-20251020T144319Z-1-001\soil_photos\train\Red soil\Copy of images46.jpg,Reddish,6.0–7.0,24–34,45–65,180–300,20–40,200–350,"Groundnut, Millet, Maize, Pulses, Ragi","DAP, Organic Manure, Compost, NPK, Biofertilizer","millet, maize","Wheat, Mustard, Gram, Onion, Garlic",Winter,28.07,44,haze,180.0,300.0,20.0,40.0,200.0,350.0,6.0,7.0
train,Red soil,C:\Users\Pranjal Yallurkar\OneDrive\Desktop\PROJECT\Final\soil_photos-20251020T144319Z-1-001\soil_photos\train\Red soil\Copy of images59.jpg,Reddish,6.0–7.0,24–34,45–65,180–300,20–40,200–350,"Groundnut, Millet, Maize, Pulses, Ragi","DAP, Organic Manure, Compost, NPK, Biofertilizer","millet, maize","Wheat, Mustard, Gram, Onion, Garlic",Winter,28.07,44,haze,180.0,300.0,20.0,40.0,200.0,350.0,6.0,7.0
train,Red soil,C:\Users\Pranjal Yallurkar\OneDrive\Desktop\PROJECT\Final\soil_photos-20251020T144319Z-1-001\soil_photos\train\Red soil\Copy of images6.jpg,Reddish,6.0–7.0,24–34,45–65,180–300,20–40,200–350,"Groundnut, Millet, Maize, Pulses, Ragi","DAP, Organic Manure, Compost, NPK, Biofertilizer","millet, maize","Wheat, Mustard, Gram, Onion, Garlic",Winter,28.07,44,haze,180.0,300.0,20.0,40.0,200.0,350.0,6.0,7.0
train,Red soil,C:\Users\Pranjal Yallurkar\OneDrive\Desktop\PROJECT\Final\soil_photos-20251020T144319Z-1-001\soil_photos\train\Red soil\Copy of images66.jpg,Reddish,6.0–7.0,24–34,45–65,180–300,20–40,200–350,"Groundnut, Millet, Maize, Pulses, Ragi","DAP, Organic Manure, Compost, NPK, Biofertilizer","millet, maize","Wheat, Mustard, Gram, Onion, Garlic",Winter,28.07,44,haze,180.0,300.0,20.0,40.0,200.0,350.0,6.0,7.0
train,Red soil,C:\Users\Pranjal Yallurkar\OneDrive\Desktop\PROJECT\Final\soil_photos-20251020T144319Z-1-001\soil_photos\train\Red soil\Copy of images68.jpg,Reddish,6.0–7.0,24–34,45–65,180–300,20–40,200–350,"Groundnut, Millet, Maize, Pulses, Ragi","DAP, Organic Manure, Compost, NPK, Biofertilizer","millet, maize","Wheat, Mustard, Gram, Onion, Garlic",Winter,28.07,44,haze,180.0,300.0,20.0,40.0,200.0,350.0,6.0,7.0
train,Red soil,C:\Users\Pranjal Yallurkar\OneDrive\Desktop\PROJECT\Final\soil_photos-20251020T144319Z-1-001\soil_photos\train\Red soil\Copy of images70.jpg,Reddish,6.0–7.0,24–34,45–65,180–300,20–40,200–350,"Groundnut, Millet, Maize, Pulses, Ragi","DAP, Organic Manure, Compost, NPK, Biofertilizer","millet, maize","Wheat, Mustard, Gram, Onion, Garlic",Winter,28.07,44,haze,180.0,300.0,20.0,40.0,200.0,350.0,6.0,7.0
train,Red soil,C:\Users\Pranjal Yallurkar\OneDrive\Desktop\PROJECT\Final\soil_photos-20251020T144319Z-1-001\soil_photos\train\Red soil\Copy of images71.jpg,Reddish,6.0–7.0,24–34,45–65,180–300,20–40,200–350,"Groundnut, Millet, Maize, Pulses, Ragi","DAP, Organic Manure, Compost, NPK, Biofertilizer","millet, maize","Wheat, Mustard, Gram, Onion, Garlic",Winter,28.07,44,haze,180.0,300.0,20.0,40.0,200.0,350.0,6.0,7.0
train,Red soil,C:\Users\Pranjal Yallurkar\OneDrive\Desktop\PROJECT\Final\soil_photos-20251020T144319Z-1-001\soil_photos\train\Red soil\Copy of images77.jpg,Reddish,6.0–7.0,24–34,45–65,180–300,20–40,200–350,"Groundnut, Millet, Maize, Pulses, Ragi","DAP, Organic Manure, Compost, NPK, Biofertilizer","millet, maize","Wheat, Mustard, Gram, Onion, Garlic",Winter,28.07,44,haze,180.0,300.0,20.0,40.0,200.0,350.0,6.0,7.0
train,Red soil,C:\Users\Pranjal Yallurkar\OneDrive\Desktop\PROJECT\Final\soil_photos-20251020T144319Z-1-001\soil_photos\train\Red soil\Copy of images78.jpg,Reddish,6.0–7.0,24–34,45–65,180–300,20–40,200–350,"Groundnut, Millet, Maize, Pulses, Ragi","DAP, Organic Manure, Compost, NPK, Biofertilizer","millet, maize","Wheat, Mustard, Gram, Onion, Garlic",Winter,28.07,44,haze,180.0,300.0,20.0,40.0,200.0,350.0,6.0,7.0
train,Red soil,C:\Users\Pranjal Yallurkar\OneDrive\Desktop\PROJECT\Final\soil_photos-20251020T144319Z-1-001\soil_photos\train\Red soil\Copy of images8.jpg,Reddish,6.0–7.0,24–34,45–65,180–300,20–40,200–350,"Groundnut, Millet, Maize, Pulses, Ragi","DAP, Organic Manure, Compost, NPK, Biofertilizer","millet, maize","Wheat, Mustard, Gram, Onion, Garlic",Winter,28.07,44,haze,180.0,300.0,20.0,40.0,200.0,350.0,6.0,7.0
train,Red soil,C:\Users\Pranjal Yallurkar\OneDrive\Desktop\PROJECT\Final\soil_photos-20251020T144319Z-1-001\soil_photos\train\Red soil\Copy of images9.jpg,Reddish,6.0–7.0,24–34,45–65,180–300,20–40,200–350,"Groundnut, Millet, Maize, Pulses, Ragi","DAP, Organic Manure, Compost, NPK, Biofertilizer","millet, maize","Wheat, Mustard, Gram, Onion, Garlic",Winter,28.07,44,haze,180.0,300.0,20.0,40.0,200.0,350.0,6.0,7.0
train,Red soil,C:\Users\Pranjal Yallurkar\OneDrive\Desktop\PROJECT\Final\soil_photos-20251020T144319Z-1-001\soil_photos\train\Red soil\Copy of images95.jpg,Reddish,6.0–7.0,24–34,45–65,180–300,20–40,200–350,"Groundnut, Millet, Maize, Pulses, Ragi","DAP, Organic Manure, Compost, NPK, Biofertilizer","millet, maize","Wheat, Mustard, Gram, Onion, Garlic",Winter,28.07,44,haze,180.0,300.0,20.0,40.0,200.0,350.0,6.0,7.0
train,Red soil,C:\Users\Pranjal Yallurkar\OneDrive\Desktop\PROJECT\Final\soil_photos-20251020T144319Z-1-001\soil_photos\train\Red soil\Copy of images96.jpg,Reddish,6.0–7.0,24–34,45–65,180–300,20–40,200–350,"Groundnut, Millet, Maize, Pulses, Ragi","DAP, Organic Manure, Compost, NPK, Biofertilizer","millet, maize","Wheat, Mustard, Gram, Onion, Garlic",Winter,28.07,44,haze,180.0,300.0,20.0,40.0,200.0,350.0,6.0,7.0
train,Red soil,C:\Users\Pranjal Yallurkar\OneDrive\Desktop\PROJECT\Final\soil_photos-20251020T144319Z-1-001\soil_photos\train\Red soil\Copy of Nc-red-clay-soil-2.jpg,Reddish,6.0–7.0,24–34,45–65,180–300,20–40,200–350,"Groundnut, Millet, Maize, Pulses, Ragi","DAP, Organic Manure, Compost, NPK, Biofertilizer","millet, maize","Wheat, Mustard, Gram, Onion, Garlic",Winter,28.07,44,haze,180.0,300.0,20.0,40.0,200.0,350.0,6.0,7.0
train,Red soil,C:\Users\Pranjal Yallurkar\OneDrive\Desktop\PROJECT\Final\soil_photos-20251020T144319Z-1-001\soil_photos\train\Red soil\Copy of red-ground-texture-260nw-1079913677.jpg,Reddish,6.0–7.0,24–34,45–65,180–300,20–40,200–350,"Groundnut, Millet, Maize, Pulses, Ragi","DAP, Organic Manure, Compost, NPK, Biofertilizer","millet, maize","Wheat, Mustard, Gram, Onion, Garlic",Winter,28.07,44,haze,180.0,300.0,20.0,40.0,200.0,350.0,6.0,7.0
train,Red soil,C:\Users\Pranjal Yallurkar\OneDrive\Desktop\PROJECT\Final\soil_photos-20251020T144319Z-1-001\soil_photos\train\Red soil\Copy of red-soil-500x5002.jpg,Reddish,6.0–7.0,24–34,45–65,180–300,20–40,200–350,"Groundnut, Millet, Maize, Pulses, Ragi","DAP, Organic Manure, Compost, NPK, Biofertilizer","millet, maize","Wheat, Mustard, Gram, Onion, Garlic",Winter,28.07,44,haze,180.0,300.0,20.0,40.0,200.0,350.0,6.0,7.0
train,Red soil,C:\Users\Pranjal Yallurkar\OneDrive\Desktop\PROJECT\Final\soil_photos-20251020T144319Z-1-001\soil_photos\train\Red soil\Copy of red-soil-500x5003.jpg,Reddish,6.0–7.0,24–34,45–65,180–300,20–40,200–350,"Groundnut, Millet, Maize, Pulses, Ragi","DAP, Organic Manure, Compost, NPK, Biofertilizer","millet, maize","Wheat, Mustard, Gram, Onion, Garlic",Winter,28.07,44,haze,180.0,300.0,20.0,40.0,200.0,350.0,6.0,7.0
train,Red soil,C:\Users\Pranjal Yallurkar\OneDrive\Desktop\PROJECT\Final\soil_photos-20251020T144319Z-1-001\soil_photos\train\Red soil\Copy of red-soil-background-6402446.jpg,Reddish,6.0–7.0,24–34,45–65,180–300,20–40,200–350,"Groundnut, Millet, Maize, Pulses, Ragi","DAP, Organic Manure, Compost, NPK, Biofertilizer","millet, maize","Wheat, Mustard, Gram, Onion, Garlic",Winter,28.07,44,haze,180.0,300.0,20.0,40.0,200.0,350.0,6.0,7.0
train,Red soil,C:\Users\Pranjal Yallurkar\OneDrive\Desktop\PROJECT\Final\soil_photos-20251020T144319Z-1-001\soil_photos\train\Red soil\Copy of Red-soil-essay.jpg,Reddish,6.0–7.0,24–34,45–65,180–300,20–40,200–350,"Groundnut, Millet, Maize, Pulses, Ragi","DAP, Organic Manure, Compost, NPK, Biofertilizer","millet, maize","Wheat, Mustard, Gram, Onion, Garlic",Winter,28.07,44,haze,180.0,300.0,20.0,40.0,200.0,350.0,6.0,7.0
train,Red soil,C:\Users\Pranjal Yallurkar\OneDrive\Desktop\PROJECT\Final\soil_photos-20251020T144319Z-1-001\soil_photos\train\Red soil\Copy of red20clay-700x700.jpg,Reddish,6.0–7.0,24–34,45–65,180–300,20–40,200–350,"Groundnut, Millet, Maize, Pulses, Ragi","DAP, Organic Manure, Compost, NPK, Biofertilizer","millet, maize","Wheat, Mustard, Gram, Onion, Garlic",Winter,28.07,44,haze,180.0,300.0,20.0,40.0,200.0,350.0,6.0,7.0
train,Red soil,C:\Users\Pranjal Yallurkar\OneDrive\Desktop\PROJECT\Final\soil_photos-20251020T144319Z-1-001\soil_photos\train\Red soil\Copy of red3.jpg,Reddish,6.0–7.0,24–34,45–65,180–300,20–40,200–350,"Groundnut, Millet, Maize, Pulses, Ragi","DAP, Organic Manure, Compost, NPK, Biofertilizer","millet, maize","Wheat, Mustard, Gram, Onion, Garlic",Winter,28.07,44,haze,180.0,300.0,20.0,40.0,200.0,350.0,6.0,7.0
train,Red soil,C:\Users\Pranjal Yallurkar\OneDrive\Desktop\PROJECT\Final\soil_photos-20251020T144319Z-1-001\soil_photos\train\Red soil\Copy of Sample6.0.jpg,Reddish,6.0–7.0,24–34,45–65,180–300,20–40,200–350,"Groundnut, Millet, Maize, Pulses, Ragi","DAP, Organic Manure, Compost, NPK, Biofertilizer","millet, maize","Wheat, Mustard, Gram, Onion, Garlic",Winter,28.07,44,haze,180.0,300.0,20.0,40.0,200.0,350.0,6.0,7.0
train,Red soil,C:\Users\Pranjal Yallurkar\OneDrive\Desktop\PROJECT\Final\soil_photos-20251020T144319Z-1-001\soil_photos\train\Red soil\Copy of Sample6.120.jpg,Reddish,6.0–7.0,24–34,45–65,180–300,20–40,200–350,"Groundnut, Millet, Maize, Pulses, Ragi","DAP, Organic Manure, Compost, NPK, Biofertilizer","millet, maize","Wheat, Mustard, Gram, Onion, Garlic",Winter,28.07,44,haze,180.0,300.0,20.0,40.0,200.0,350.0,6.0,7.0
train,Red soil,C:\Users\Pranjal Yallurkar\OneDrive\Desktop\PROJECT\Final\soil_photos-20251020T144319Z-1-001\soil_photos\train\Red soil\Copy of Sample6.150.jpg,Reddish,6.0–7.0,24–34,45–65,180–300,20–40,200–350,"Groundnut, Millet, Maize, Pulses, Ragi","DAP, Organic Manure, Compost, NPK, Biofertilizer","millet, maize","Wheat, Mustard, Gram, Onion, Garlic",Winter,28.07,44,haze,180.0,300.0,20.0,40.0,200.0,350.0,6.0,7.0
train,Red soil,C:\Users\Pranjal Yallurkar\OneDrive\Desktop\PROJECT\Final\soil_photos-20251020T144319Z-1-001\soil_photos\train\Red soil\Copy of Sample6.180.jpg,Reddish,6.0–7.0,24–34,45–65,180–300,20–40,200–350,"Groundnut, Millet, Maize, Pulses, Ragi","DAP, Organic Manure, Compost, NPK, Biofertilizer","millet, maize","Wheat, Mustard, Gram, Onion, Garlic",Winter,28.07,44,haze,180.0,300.0,20.0,40.0,200.0,350.0,6.0,7.0
train,Red soil,C:\Users\Pranjal Yallurkar\OneDrive\Desktop\PROJECT\Final\soil_photos-20251020T144319Z-1-001\soil_photos\train\Red soil\Copy of Sample6.30.jpg,Reddish,6.0–7.0,24–34,45–65,180–300,20–40,200–350,"Groundnut, Millet, Maize, Pulses, Ragi","DAP, Organic Manure, Compost, NPK, Biofertilizer","millet, maize","Wheat, Mustard, Gram, Onion, Garlic",Winter,28.07,44,haze,180.0,300.0,20.0,40.0,200.0,350.0,6.0,7.0
train,Red soil,C:\Users\Pranjal Yallurkar\OneDrive\Desktop\PROJECT\Final\soil_photos-20251020T144319Z-1-001\soil_photos\train\Red soil\Copy of Sample6.60.jpg,Reddish,6.0–7.0,24–34,45–65,180–300,20–40,200–350,"Groundnut, Millet, Maize, Pulses, Ragi","DAP, Organic Manure, Compost, NPK, Biofertilizer","millet, maize","Wheat, Mustard, Gram, Onion, Garlic",Winter,28.07,44,haze,180.0,300.0,20.0,40.0,200.0,350.0,6.0,7.0
train,Red soil,C:\Users\Pranjal Yallurkar\OneDrive\Desktop\PROJECT\Final\soil_photos-20251020T144319Z-1-001\soil_photos\train\Red soil\Copy of Sample6.90.jpg,Reddish,6.0–7.0,24–34,45–65,180–300,20–40,200–350,"Groundnut, Millet, Maize, Pulses, Ragi","DAP, Organic Manure, Compost, NPK, Biofertilizer","millet, maize","Wheat, Mustard, Gram, Onion, Garlic",Winter,28.07,44,haze,180.0,300.0,20.0,40.0,200.0,350.0,6.0,7.0
train,Red soil,C:\Users\Pranjal Yallurkar\OneDrive\Desktop\PROJECT\Final\soil_photos-20251020T144319Z-1-001\soil_photos\train\Red soil\Copy of Sample8.0.jpg,Reddish,6.0–7.0,24–34,45–65,180–300,20–40,200–350,"Groundnut, Millet, Maize, Pulses, Ragi","DAP, Organic Manure, Compost, NPK, Biofertilizer","millet, maize","Wheat, Mustard, Gram, Onion, Garlic",Winter,28.07,44,haze,180.0,300.0,20.0,40.0,200.0,350.0,6.0,7.0
train,Red soil,C:\Users\Pranjal Yallurkar\OneDrive\Desktop\PROJECT\Final\soil_photos-20251020T144319Z-1-001\soil_photos\train\Red soil\Copy of Sample8.120.jpg,Reddish,6.0–7.0,24–34,45–65,180–300,20–40,200–350,"Groundnut, Millet, Maize, Pulses, Ragi","DAP, Organic Manure, Compost, NPK, Biofertilizer","millet, maize","Wheat, Mustard, Gram, Onion, Garlic",Winter,28.07,44,haze,180.0,300.0,20.0,40.0,200.0,350.0,6.0,7.0
train,Red soil,C:\Users\Pranjal Yallurkar\OneDrive\Desktop\PROJECT\Final\soil_photos-20251020T144319Z-1-001\soil_photos\train\Red soil\Copy of Sample8.150.jpg,Reddish,6.0–7.0,24–34,45–65,180–300,20–40,200–350,"Groundnut, Millet, Maize, Pulses, Ragi","DAP, Organic Manure, Compost, NPK, Biofertilizer","millet, maize","Wheat, Mustard, Gram, Onion, Garlic",Winter,28.07,44,haze,180.0,300.0,20.0,40.0,200.0,350.0,6.0,7.0
train,Red soil,C:\Users\Pranjal Yallurkar\OneDrive\Desktop\PROJECT\Final\soil_photos-20251020T144319Z-1-001\soil_photos\train\Red soil\Copy of Sample8.180.jpg,Reddish,6.0–7.0,24–34,45–65,180–300,20–40,200–350,"Groundnut, Millet, Maize, Pulses, Ragi","DAP, Organic Manure, Compost, NPK, Biofertilizer","millet, maize","Wheat, Mustard, Gram, Onion, Garlic",Winter,28.07,44,haze,180.0,300.0,20.0,40.0,200.0,350.0,6.0,7.0
train,Red soil,C:\Users\Pranjal Yallurkar\OneDrive\Desktop\PROJECT\Final\soil_photos-20251020T144319Z-1-001\soil_photos\train\Red soil\Copy of Sample8.30.jpg,Reddish,6.0–7.0,24–34,45–65,180–300,20–40,200–350,"Groundnut, Millet, Maize, Pulses, Ragi","DAP, Organic Manure, Compost, NPK, Biofertilizer","millet, maize","Wheat, Mustard, Gram, Onion, Garlic",Winter,28.07,44,haze,180.0,300.0,20.0,40.0,200.0,350.0,6.0,7.0
train,Red soil,C:\Users\Pranjal Yallurkar\OneDrive\Desktop\PROJECT\Final\soil_photos-20251020T144319Z-1-001\soil_photos\train\Red soil\Copy of Sample8.60.jpg,Reddish,6.0–7.0,24–34,45–65,180–300,20–40,200–350,"Groundnut, Millet, Maize, Pulses, Ragi","DAP, Organic Manure, Compost, NPK, Biofertilizer","millet, maize","Wheat, Mustard, Gram, Onion, Garlic",Winter,28.07,44,haze,180.0,300.0,20.0,40.0,200.0,350.0,6.0,7.0
train,Red soil,C:\Users\Pranjal Yallurkar\OneDrive\Desktop\PROJECT\Final\soil_photos-20251020T144319Z-1-001\soil_photos\train\Red soil\Copy of Sample8.90.jpg,Reddish,6.0–7.0,24–34,45–65,180–300,20–40,200–350,"Groundnut, Millet, Maize, Pulses, Ragi","DAP, Organic Manure, Compost, NPK, Biofertilizer","millet, maize","Wheat, Mustard, Gram, Onion, Garlic",Winter,28.07,44,haze,180.0,300.0,20.0,40.0,200.0,350.0,6.0,7.0
train,Red soil,C:\Users\Pranjal Yallurkar\OneDrive\Desktop\PROJECT\Final\soil_photos-20251020T144319Z-1-001\soil_photos\train\Red soil\Copy of utkl.jpg,Reddish,6.0–7.0,24–34,45–65,180–300,20–40,200–350,"Groundnut, Millet, Maize, Pulses, Ragi","DAP, Organic Manure, Compost, NPK, Biofertilizer","millet, maize","Wheat, Mustard, Gram, Onion, Garlic",Winter,28.07,44,haze,180.0,300.0,20.0,40.0,200.0,350.0,6.0,7.0
train,Red soil,C:\Users\Pranjal Yallurkar\OneDrive\Desktop\PROJECT\Final\soil_photos-20251020T144319Z-1-001\soil_photos\train\Red soil\image-red-soil-texture-260nw-243951718.jpg,Reddish,6.0–7.0,24–34,45–65,180–300,20–40,200–350,"Groundnut, Millet, Maize, Pulses, Ragi","DAP, Organic Manure, Compost, NPK, Biofertilizer","millet, maize","Wheat, Mustard, Gram, Onion, Garlic",Winter,28.07,44,haze,180.0,300.0,20.0,40.0,200.0,350.0,6.0,7.0
train,Red soil,C:\Users\Pranjal Yallurkar\OneDrive\Desktop\PROJECT\Final\soil_photos-20251020T144319Z-1-001\soil_photos\train\Red soil\image.jpeg,Reddish,6.0–7.0,24–34,45–65,180–300,20–40,200–350,"Groundnut, Millet, Maize, Pulses, Ragi","DAP, Organic Manure, Compost, NPK, Biofertilizer","millet, maize","Wheat, Mustard, Gram, Onion, Garlic",Winter,28.07,44,haze,180.0,300.0,20.0,40.0,200.0,350.0,6.0,7.0
train,Red soil,C:\Users\Pranjal Yallurkar\OneDrive\Desktop\PROJECT\Final\soil_photos-20251020T144319Z-1-001\soil_photos\train\Red soil\image12.jpeg,Reddish,6.0–7.0,24–34,45–65,180–300,20–40,200–350,"Groundnut, Millet, Maize, Pulses, Ragi","DAP, Organic Manure, Compost, NPK, Biofertilizer","millet, maize","Wheat, Mustard, Gram, Onion, Garlic",Winter,28.07,44,haze,180.0,300.0,20.0,40.0,200.0,350.0,6.0,7.0
train,Red soil,C:\Users\Pranjal Yallurkar\OneDrive\Desktop\PROJECT\Final\soil_photos-20251020T144319Z-1-001\soil_photos\train\Red soil\image14.jpeg,Reddish,6.0–7.0,24–34,45–65,180–300,20–40,200–350,"Groundnut, Millet, Maize, Pulses, Ragi","DAP, Organic Manure, Compost, NPK, Biofertilizer","millet, maize","Wheat, Mustard, Gram, Onion, Garlic",Winter,28.07,44,haze,180.0,300.0,20.0,40.0,200.0,350.0,6.0,7.0
train,Red soil,C:\Users\Pranjal Yallurkar\OneDrive\Desktop\PROJECT\Final\soil_photos-20251020T144319Z-1-001\soil_photos\train\Red soil\image15.jpeg,Reddish,6.0–7.0,24–34,45–65,180–300,20–40,200–350,"Groundnut, Millet, Maize, Pulses, Ragi","DAP, Organic Manure, Compost, NPK, Biofertilizer","millet, maize","Wheat, Mustard, Gram, Onion, Garlic",Winter,28.07,44,haze,180.0,300.0,20.0,40.0,200.0,350.0,6.0,7.0
train,Red soil,C:\Users\Pranjal Yallurkar\OneDrive\Desktop\PROJECT\Final\soil_photos-20251020T144319Z-1-001\soil_photos\train\Red soil\image16.jpeg,Reddish,6.0–7.0,24–34,45–65,180–300,20–40,200–350,"Groundnut, Millet, Maize, Pulses, Ragi","DAP, Organic Manure, Compost, NPK, Biofertilizer","millet, maize","Wheat, Mustard, Gram, Onion, Garlic",Winter,28.07,44,haze,180.0,300.0,20.0,40.0,200.0,350.0,6.0,7.0
train,Red soil,C:\Users\Pranjal Yallurkar\OneDrive\Desktop\PROJECT\Final\soil_photos-20251020T144319Z-1-001\soil_photos\train\Red soil\image17.jpeg,Reddish,6.0–7.0,24–34,45–65,180–300,20–40,200–350,"Groundnut, Millet, Maize, Pulses, Ragi","DAP, Organic Manure, Compost, NPK, Biofertilizer","millet, maize","Wheat, Mustard, Gram, Onion, Garlic",Winter,28.07,44,haze,180.0,300.0,20.0,40.0,200.0,350.0,6.0,7.0
train,Red soil,C:\Users\Pranjal Yallurkar\OneDrive\Desktop\PROJECT\Final\soil_photos-20251020T144319Z-1-001\soil_photos\train\Red soil\image19.jpeg,Reddish,6.0–7.0,24–34,45–65,180–300,20–40,200–350,"Groundnut, Millet, Maize, Pulses, Ragi","DAP, Organic Manure, Compost, NPK, Biofertilizer","millet, maize","Wheat, Mustard, Gram, Onion, Garlic",Winter,28.07,44,haze,180.0,300.0,20.0,40.0,200.0,350.0,6.0,7.0
train,Red soil,C:\Users\Pranjal Yallurkar\OneDrive\Desktop\PROJECT\Final\soil_photos-20251020T144319Z-1-001\soil_photos\train\Red soil\image2.jpeg,Reddish,6.0–7.0,24–34,45–65,180–300,20–40,200–350,"Groundnut, Millet, Maize, Pulses, Ragi","DAP, Organic Manure, Compost, NPK, Biofertilizer","millet, maize","Wheat, Mustard, Gram, Onion, Garlic",Winter,28.07,44,haze,180.0,300.0,20.0,40.0,200.0,350.0,6.0,7.0
train,Red soil,C:\Users\Pranjal Yallurkar\OneDrive\Desktop\PROJECT\Final\soil_photos-20251020T144319Z-1-001\soil_photos\train\Red soil\image20.jpeg,Reddish,6.0–7.0,24–34,45–65,180–300,20–40,200–350,"Groundnut, Millet, Maize, Pulses, Ragi","DAP, Organic Manure, Compost, NPK, Biofertilizer","millet, maize","Wheat, Mustard, Gram, Onion, Garlic",Winter,28.07,44,haze,180.0,300.0,20.0,40.0,200.0,350.0,6.0,7.0
train,Red soil,C:\Users\Pranjal Yallurkar\OneDrive\Desktop\PROJECT\Final\soil_photos-20251020T144319Z-1-001\soil_photos\train\Red soil\image23.jpeg,Reddish,6.0–7.0,24–34,45–65,180–300,20–40,200–350,"Groundnut, Millet, Maize, Pulses, Ragi","DAP, Organic Manure, Compost, NPK, Biofertilizer","millet, maize","Wheat, Mustard, Gram, Onion, Garlic",Winter,28.07,44,haze,180.0,300.0,20.0,40.0,200.0,350.0,6.0,7.0
train,Red soil,C:\Users\Pranjal Yallurkar\OneDrive\Desktop\PROJECT\Final\soil_photos-20251020T144319Z-1-001\soil_photos\train\Red soil\image24.jpeg,Reddish,6.0–7.0,24–34,45–65,180–300,20–40,200–350,"Groundnut, Millet, Maize, Pulses, Ragi","DAP, Organic Manure, Compost, NPK, Biofertilizer","millet, maize","Wheat, Mustard, Gram, Onion, Garlic",Winter,28.07,44,haze,180.0,300.0,20.0,40.0,200.0,350.0,6.0,7.0
train,Red soil,C:\Users\Pranjal Yallurkar\OneDrive\Desktop\PROJECT\Final\soil_photos-20251020T144319Z-1-001\soil_photos\train\Red soil\image25.jpeg,Reddish,6.0–7.0,24–34,45–65,180–300,20–40,200–350,"Groundnut, Millet, Maize, Pulses, Ragi","DAP, Organic Manure, Compost, NPK, Biofertilizer","millet, maize","Wheat, Mustard, Gram, Onion, Garlic",Winter,28.07,44,haze,180.0,300.0,20.0,40.0,200.0,350.0,6.0,7.0
train,Red soil,C:\Users\Pranjal Yallurkar\OneDrive\Desktop\PROJECT\Final\soil_photos-20251020T144319Z-1-001\soil_photos\train\Red soil\image26.jpeg,Reddish,6.0–7.0,24–34,45–65,180–300,20–40,200–350,"Groundnut, Millet, Maize, Pulses, Ragi","DAP, Organic Manure, Compost, NPK, Biofertilizer","millet, maize","Wheat, Mustard, Gram, Onion, Garlic",Winter,28.07,44,haze,180.0,300.0,20.0,40.0,200.0,350.0,6.0,7.0
train,Red soil,C:\Users\Pranjal Yallurkar\OneDrive\Desktop\PROJECT\Final\soil_photos-20251020T144319Z-1-001\soil_photos\train\Red soil\image3.jpeg,Reddish,6.0–7.0,24–34,45–65,180–300,20–40,200–350,"Groundnut, Millet, Maize, Pulses, Ragi","DAP, Organic Manure, Compost, NPK, Biofertilizer","millet, maize","Wheat, Mustard, Gram, Onion, Garlic",Winter,28.07,44,haze,180.0,300.0,20.0,40.0,200.0,350.0,6.0,7.0
train,Red soil,C:\Users\Pranjal Yallurkar\OneDrive\Desktop\PROJECT\Final\soil_photos-20251020T144319Z-1-001\soil_photos\train\Red soil\image30.jpeg,Reddish,6.0–7.0,24–34,45–65,180–300,20–40,200–350,"Groundnut, Millet, Maize, Pulses, Ragi","DAP, Organic Manure, Compost, NPK, Biofertilizer","millet, maize","Wheat, Mustard, Gram, Onion, Garlic",Winter,28.07,44,haze,180.0,300.0,20.0,40.0,200.0,350.0,6.0,7.0
train,Red soil,C:\Users\Pranjal Yallurkar\OneDrive\Desktop\PROJECT\Final\soil_photos-20251020T144319Z-1-001\soil_photos\train\Red soil\image31.jpeg,Reddish,6.0–7.0,24–34,45–65,180–300,20–40,200–350,"Groundnut, Millet, Maize, Pulses, Ragi","DAP, Organic Manure, Compost, NPK, Biofertilizer","millet, maize","Wheat, Mustard, Gram, Onion, Garlic",Winter,28.07,44,haze,180.0,300.0,20.0,40.0,200.0,350.0,6.0,7.0
train,Red soil,C:\Users\Pranjal Yallurkar\OneDrive\Desktop\PROJECT\Final\soil_photos-20251020T144319Z-1-001\soil_photos\train\Red soil\image5.jpeg,Reddish,6.0–7.0,24–34,45–65,180–300,20–40,200–350,"Groundnut, Millet, Maize, Pulses, Ragi","DAP, Organic Manure, Compost, NPK, Biofertilizer","millet, maize","Wheat, Mustard, Gram, Onion, Garlic",Winter,28.07,44,haze,180.0,300.0,20.0,40.0,200.0,350.0,6.0,7.0
train,Red soil,C:\Users\Pranjal Yallurkar\OneDrive\Desktop\PROJECT\Final\soil_photos-20251020T144319Z-1-001\soil_photos\train\Red soil\image8.jpeg,Reddish,6.0–7.0,24–34,45–65,180–300,20–40,200–350,"Groundnut, Millet, Maize, Pulses, Ragi","DAP, Organic Manure, Compost, NPK, Biofertilizer","millet, maize","Wheat, Mustard, Gram, Onion, Garlic",Winter,28.07,44,haze,180.0,300.0,20.0,40.0,200.0,350.0,6.0,7.0
train,Red soil,C:\Users\Pranjal Yallurkar\OneDrive\Desktop\PROJECT\Final\soil_photos-20251020T144319Z-1-001\soil_photos\train\Red soil\images10.jpg,Reddish,6.0–7.0,24–34,45–65,180–300,20–40,200–350,"Groundnut, Millet, Maize, Pulses, Ragi","DAP, Organic Manure, Compost, NPK, Biofertilizer","millet, maize","Wheat, Mustard, Gram, Onion, Garlic",Winter,28.07,44,haze,180.0,300.0,20.0,40.0,200.0,350.0,6.0,7.0
train,Red soil,C:\Users\Pranjal Yallurkar\OneDrive\Desktop\PROJECT\Final\soil_photos-20251020T144319Z-1-001\soil_photos\train\Red soil\images12.jpg,Reddish,6.0–7.0,24–34,45–65,180–300,20–40,200–350,"Groundnut, Millet, Maize, Pulses, Ragi","DAP, Organic Manure, Compost, NPK, Biofertilizer","millet, maize","Wheat, Mustard, Gram, Onion, Garlic",Winter,28.07,44,haze,180.0,300.0,20.0,40.0,200.0,350.0,6.0,7.0
train,Red soil,C:\Users\Pranjal Yallurkar\OneDrive\Desktop\PROJECT\Final\soil_photos-20251020T144319Z-1-001\soil_photos\train\Red soil\images121.jpg,Reddish,6.0–7.0,24–34,45–65,180–300,20–40,200–350,"Groundnut, Millet, Maize, Pulses, Ragi","DAP, Organic Manure, Compost, NPK, Biofertilizer","millet, maize","Wheat, Mustard, Gram, Onion, Garlic",Winter,28.07,44,haze,180.0,300.0,20.0,40.0,200.0,350.0,6.0,7.0
train,Red soil,C:\Users\Pranjal Yallurkar\OneDrive\Desktop\PROJECT\Final\soil_photos-20251020T144319Z-1-001\soil_photos\train\Red soil\images127.jpg,Reddish,6.0–7.0,24–34,45–65,180–300,20–40,200–350,"Groundnut, Millet, Maize, Pulses, Ragi","DAP, Organic Manure, Compost, NPK, Biofertilizer","millet, maize","Wheat, Mustard, Gram, Onion, Garlic",Winter,28.07,44,haze,180.0,300.0,20.0,40.0,200.0,350.0,6.0,7.0
train,Red soil,C:\Users\Pranjal Yallurkar\OneDrive\Desktop\PROJECT\Final\soil_photos-20251020T144319Z-1-001\soil_photos\train\Red soil\images13.jpg,Reddish,6.0–7.0,24–34,45–65,180–300,20–40,200–350,"Groundnut, Millet, Maize, Pulses, Ragi","DAP, Organic Manure, Compost, NPK, Biofertilizer","millet, maize","Wheat, Mustard, Gram, Onion, Garlic",Winter,28.07,44,haze,180.0,300.0,20.0,40.0,200.0,350.0,6.0,7.0
train,Red soil,C:\Users\Pranjal Yallurkar\OneDrive\Desktop\PROJECT\Final\soil_photos-20251020T144319Z-1-001\soil_photos\train\Red soil\images134.jpg,Reddish,6.0–7.0,24–34,45–65,180–300,20–40,200–350,"Groundnut, Millet, Maize, Pulses, Ragi","DAP, Organic Manure, Compost, NPK, Biofertilizer","millet, maize","Wheat, Mustard, Gram, Onion, Garlic",Winter,28.07,44,haze,180.0,300.0,20.0,40.0,200.0,350.0,6.0,7.0
train,Red soil,C:\Users\Pranjal Yallurkar\OneDrive\Desktop\PROJECT\Final\soil_photos-20251020T144319Z-1-001\soil_photos\train\Red soil\images137.jpg,Reddish,6.0–7.0,24–34,45–65,180–300,20–40,200–350,"Groundnut, Millet, Maize, Pulses, Ragi","DAP, Organic Manure, Compost, NPK, Biofertilizer","millet, maize","Wheat, Mustard, Gram, Onion, Garlic",Winter,28.07,44,haze,180.0,300.0,20.0,40.0,200.0,350.0,6.0,7.0
train,Red soil,C:\Users\Pranjal Yallurkar\OneDrive\Desktop\PROJECT\Final\soil_photos-20251020T144319Z-1-001\soil_photos\train\Red soil\images138.jpg,Reddish,6.0–7.0,24–34,45–65,180–300,20–40,200–350,"Groundnut, Millet, Maize, Pulses, Ragi","DAP, Organic Manure, Compost, NPK, Biofertilizer","millet, maize","Wheat, Mustard, Gram, Onion, Garlic",Winter,28.07,44,haze,180.0,300.0,20.0,40.0,200.0,350.0,6.0,7.0
train,Red soil,C:\Users\Pranjal Yallurkar\OneDrive\Desktop\PROJECT\Final\soil_photos-20251020T144319Z-1-001\soil_photos\train\Red soil\images139.jpg,Reddish,6.0–7.0,24–34,45–65,180–300,20–40,200–350,"Groundnut, Millet, Maize, Pulses, Ragi","DAP, Organic Manure, Compost, NPK, Biofertilizer","millet, maize","Wheat, Mustard, Gram, Onion, Garlic",Winter,28.07,44,haze,180.0,300.0,20.0,40.0,200.0,350.0,6.0,7.0
train,Red soil,C:\Users\Pranjal Yallurkar\OneDrive\Desktop\PROJECT\Final\soil_photos-20251020T144319Z-1-001\soil_photos\train\Red soil\images143.jpg,Reddish,6.0–7.0,24–34,45–65,180–300,20–40,200–350,"Groundnut, Millet, Maize, Pulses, Ragi","DAP, Organic Manure, Compost, NPK, Biofertilizer","millet, maize","Wheat, Mustard, Gram, Onion, Garlic",Winter,28.07,44,haze,180.0,300.0,20.0,40.0,200.0,350.0,6.0,7.0
train,Red soil,C:\Users\Pranjal Yallurkar\OneDrive\Desktop\PROJECT\Final\soil_photos-20251020T144319Z-1-001\soil_photos\train\Red soil\images152.jpg,Reddish,6.0–7.0,24–34,45–65,180–300,20–40,200–350,"Groundnut, Millet, Maize, Pulses, Ragi","DAP, Organic Manure, Compost, NPK, Biofertilizer","millet, maize","Wheat, Mustard, Gram, Onion, Garlic",Winter,28.07,44,haze,180.0,300.0,20.0,40.0,200.0,350.0,6.0,7.0
train,Red soil,C:\Users\Pranjal Yallurkar\OneDrive\Desktop\PROJECT\Final\soil_photos-20251020T144319Z-1-001\soil_photos\train\Red soil\images156.jpg,Reddish,6.0–7.0,24–34,45–65,180–300,20–40,200–350,"Groundnut, Millet, Maize, Pulses, Ragi","DAP, Organic Manure, Compost, NPK, Biofertilizer","millet, maize","Wheat, Mustard, Gram, Onion, Garlic",Winter,28.07,44,haze,180.0,300.0,20.0,40.0,200.0,350.0,6.0,7.0
train,Red soil,C:\Users\Pranjal Yallurkar\OneDrive\Desktop\PROJECT\Final\soil_photos-20251020T144319Z-1-001\soil_photos\train\Red soil\images16.jpg,Reddish,6.0–7.0,24–34,45–65,180–300,20–40,200–350,"Groundnut, Millet, Maize, Pulses, Ragi","DAP, Organic Manure, Compost, NPK, Biofertilizer","millet, maize","Wheat, Mustard, Gram, Onion, Garlic",Winter,28.07,44,haze,180.0,300.0,20.0,40.0,200.0,350.0,6.0,7.0
train,Red soil,C:\Users\Pranjal Yallurkar\OneDrive\Desktop\PROJECT\Final\soil_photos-20251020T144319Z-1-001\soil_photos\train\Red soil\images160.jpg,Reddish,6.0–7.0,24–34,45–65,180–300,20–40,200–350,"Groundnut, Millet, Maize, Pulses, Ragi","DAP, Organic Manure, Compost, NPK, Biofertilizer","millet, maize","Wheat, Mustard, Gram, Onion, Garlic",Winter,28.07,44,haze,180.0,300.0,20.0,40.0,200.0,350.0,6.0,7.0
train,Red soil,C:\Users\Pranjal Yallurkar\OneDrive\Desktop\PROJECT\Final\soil_photos-20251020T144319Z-1-001\soil_photos\train\Red soil\images162.jpg,Reddish,6.0–7.0,24–34,45–65,180–300,20–40,200–350,"Groundnut, Millet, Maize, Pulses, Ragi","DAP, Organic Manure, Compost, NPK, Biofertilizer","millet, maize","Wheat, Mustard, Gram, Onion, Garlic",Winter,28.07,44,haze,180.0,300.0,20.0,40.0,200.0,350.0,6.0,7.0
train,Red soil,C:\Users\Pranjal Yallurkar\OneDrive\Desktop\PROJECT\Final\soil_photos-20251020T144319Z-1-001\soil_photos\train\Red soil\images165.jpg,Reddish,6.0–7.0,24–34,45–65,180–300,20–40,200–350,"Groundnut, Millet, Maize, Pulses, Ragi","DAP, Organic Manure, Compost, NPK, Biofertilizer","millet, maize","Wheat, Mustard, Gram, Onion, Garlic",Winter,28.07,44,haze,180.0,300.0,20.0,40.0,200.0,350.0,6.0,7.0
train,Red soil,C:\Users\Pranjal Yallurkar\OneDrive\Desktop\PROJECT\Final\soil_photos-20251020T144319Z-1-001\soil_photos\train\Red soil\images168.jpg,Reddish,6.0–7.0,24–34,45–65,180–300,20–40,200–350,"Groundnut, Millet, Maize, Pulses, Ragi","DAP, Organic Manure, Compost, NPK, Biofertilizer","millet, maize","Wheat, Mustard, Gram, Onion, Garlic",Winter,28.07,44,haze,180.0,300.0,20.0,40.0,200.0,350.0,6.0,7.0
train,Red soil,C:\Users\Pranjal Yallurkar\OneDrive\Desktop\PROJECT\Final\soil_photos-20251020T144319Z-1-001\soil_photos\train\Red soil\images169.jpg,Reddish,6.0–7.0,24–34,45–65,180–300,20–40,200–350,"Groundnut, Millet, Maize, Pulses, Ragi","DAP, Organic Manure, Compost, NPK, Biofertilizer","millet, maize","Wheat, Mustard, Gram, Onion, Garlic",Winter,28.07,44,haze,180.0,300.0,20.0,40.0,200.0,350.0,6.0,7.0
train,Red soil,C:\Users\Pranjal Yallurkar\OneDrive\Desktop\PROJECT\Final\soil_photos-20251020T144319Z-1-001\soil_photos\train\Red soil\images171.jpg,Reddish,6.0–7.0,24–34,45–65,180–300,20–40,200–350,"Groundnut, Millet, Maize, Pulses, Ragi","DAP, Organic Manure, Compost, NPK, Biofertilizer","millet, maize","Wheat, Mustard, Gram, Onion, Garlic",Winter,28.07,44,haze,180.0,300.0,20.0,40.0,200.0,350.0,6.0,7.0
train,Red soil,C:\Users\Pranjal Yallurkar\OneDrive\Desktop\PROJECT\Final\soil_photos-20251020T144319Z-1-001\soil_photos\train\Red soil\images176.jpg,Reddish,6.0–7.0,24–34,45–65,180–300,20–40,200–350,"Groundnut, Millet, Maize, Pulses, Ragi","DAP, Organic Manure, Compost, NPK, Biofertilizer","millet, maize","Wheat, Mustard, Gram, Onion, Garlic",Winter,28.07,44,haze,180.0,300.0,20.0,40.0,200.0,350.0,6.0,7.0
train,Red soil,C:\Users\Pranjal Yallurkar\OneDrive\Desktop\PROJECT\Final\soil_photos-20251020T144319Z-1-001\soil_photos\train\Red soil\images177.jpg,Reddish,6.0–7.0,24–34,45–65,180–300,20–40,200–350,"Groundnut, Millet, Maize, Pulses, Ragi","DAP, Organic Manure, Compost, NPK, Biofertilizer","millet, maize","Wheat, Mustard, Gram, Onion, Garlic",Winter,28.07,44,haze,180.0,300.0,20.0,40.0,200.0,350.0,6.0,7.0
train,Red soil,C:\Users\Pranjal Yallurkar\OneDrive\Desktop\PROJECT\Final\soil_photos-20251020T144319Z-1-001\soil_photos\train\Red soil\images183.jpg,Reddish,6.0–7.0,24–34,45–65,180–300,20–40,200–350,"Groundnut, Millet, Maize, Pulses, Ragi","DAP, Organic Manure, Compost, NPK, Biofertilizer","millet, maize","Wheat, Mustard, Gram, Onion, Garlic",Winter,28.07,44,haze,180.0,300.0,20.0,40.0,200.0,350.0,6.0,7.0
train,Red soil,C:\Users\Pranjal Yallurkar\OneDrive\Desktop\PROJECT\Final\soil_photos-20251020T144319Z-1-001\soil_photos\train\Red soil\images188.jpg,Reddish,6.0–7.0,24–34,45–65,180–300,20–40,200–350,"Groundnut, Millet, Maize, Pulses, Ragi","DAP, Organic Manure, Compost, NPK, Biofertilizer","millet, maize","Wheat, Mustard, Gram, Onion, Garlic",Winter,28.07,44,haze,180.0,300.0,20.0,40.0,200.0,350.0,6.0,7.0
train,Red soil,C:\Users\Pranjal Yallurkar\OneDrive\Desktop\PROJECT\Final\soil_photos-20251020T144319Z-1-001\soil_photos\train\Red soil\images189.jpg,Reddish,6.0–7.0,24–34,45–65,180–300,20–40,200–350,"Groundnut, Millet, Maize, Pulses, Ragi","DAP, Organic Manure, Compost, NPK, Biofertilizer","millet, maize","Wheat, Mustard, Gram, Onion, Garlic",Winter,28.07,44,haze,180.0,300.0,20.0,40.0,200.0,350.0,6.0,7.0
train,Red soil,C:\Users\Pranjal Yallurkar\OneDrive\Desktop\PROJECT\Final\soil_photos-20251020T144319Z-1-001\soil_photos\train\Red soil\images19.jpg,Reddish,6.0–7.0,24–34,45–65,180–300,20–40,200–350,"Groundnut, Millet, Maize, Pulses, Ragi","DAP, Organic Manure, Compost, NPK, Biofertilizer","millet, maize","Wheat, Mustard, Gram, Onion, Garlic",Winter,28.07,44,haze,180.0,300.0,20.0,40.0,200.0,350.0,6.0,7.0
train,Red soil,C:\Users\Pranjal Yallurkar\OneDrive\Desktop\PROJECT\Final\soil_photos-20251020T144319Z-1-001\soil_photos\train\Red soil\images191.jpg,Reddish,6.0–7.0,24–34,45–65,180–300,20–40,200–350,"Groundnut, Millet, Maize, Pulses, Ragi","DAP, Organic Manure, Compost, NPK, Biofertilizer","millet, maize","Wheat, Mustard, Gram, Onion, Garlic",Winter,28.07,44,haze,180.0,300.0,20.0,40.0,200.0,350.0,6.0,7.0
train,Red soil,C:\Users\Pranjal Yallurkar\OneDrive\Desktop\PROJECT\Final\soil_photos-20251020T144319Z-1-001\soil_photos\train\Red soil\images192.jpg,Reddish,6.0–7.0,24–34,45–65,180–300,20–40,200–350,"Groundnut, Millet, Maize, Pulses, Ragi","DAP, Organic Manure, Compost, NPK, Biofertilizer","millet, maize","Wheat, Mustard, Gram, Onion, Garlic",Winter,28.07,44,haze,180.0,300.0,20.0,40.0,200.0,350.0,6.0,7.0
train,Red soil,C:\Users\Pranjal Yallurkar\OneDrive\Desktop\PROJECT\Final\soil_photos-20251020T144319Z-1-001\soil_photos\train\Red soil\images195.jpg,Reddish,6.0–7.0,24–34,45–65,180–300,20–40,200–350,"Groundnut, Millet, Maize, Pulses, Ragi","DAP, Organic Manure, Compost, NPK, Biofertilizer","millet, maize","Wheat, Mustard, Gram, Onion, Garlic",Winter,28.07,44,haze,180.0,300.0,20.0,40.0,200.0,350.0,6.0,7.0
train,Red soil,C:\Users\Pranjal Yallurkar\OneDrive\Desktop\PROJECT\Final\soil_photos-20251020T144319Z-1-001\soil_photos\train\Red soil\images20.jpg,Reddish,6.0–7.0,24–34,45–65,180–300,20–40,200–350,"Groundnut, Millet, Maize, Pulses, Ragi","DAP, Organic Manure, Compost, NPK, Biofertilizer","millet, maize","Wheat, Mustard, Gram, Onion, Garlic",Winter,28.07,44,haze,180.0,300.0,20.0,40.0,200.0,350.0,6.0,7.0
train,Red soil,C:\Users\Pranjal Yallurkar\OneDrive\Desktop\PROJECT\Final\soil_photos-20251020T144319Z-1-001\soil_photos\train\Red soil\images202.jpg,Reddish,6.0–7.0,24–34,45–65,180–300,20–40,200–350,"Groundnut, Millet, Maize, Pulses, Ragi","DAP, Organic Manure, Compost, NPK, Biofertilizer","millet, maize","Wheat, Mustard, Gram, Onion, Garlic",Winter,28.07,44,haze,180.0,300.0,20.0,40.0,200.0,350.0,6.0,7.0
train,Red soil,C:\Users\Pranjal Yallurkar\OneDrive\Desktop\PROJECT\Final\soil_photos-20251020T144319Z-1-001\soil_photos\train\Red soil\images36.jpg,Reddish,6.0–7.0,24–34,45–65,180–300,20–40,200–350,"Groundnut, Millet, Maize, Pulses, Ragi","DAP, Organic Manure, Compost, NPK, Biofertilizer","millet, maize","Wheat, Mustard, Gram, Onion, Garlic",Winter,28.07,44,haze,180.0,300.0,20.0,40.0,200.0,350.0,6.0,7.0
train,Red soil,C:\Users\Pranjal Yallurkar\OneDrive\Desktop\PROJECT\Final\soil_photos-20251020T144319Z-1-001\soil_photos\train\Red soil\images37.jpg,Reddish,6.0–7.0,24–34,45–65,180–300,20–40,200–350,"Groundnut, Millet, Maize, Pulses, Ragi","DAP, Organic Manure, Compost, NPK, Biofertilizer","millet, maize","Wheat, Mustard, Gram, Onion, Garlic",Winter,28.07,44,haze,180.0,300.0,20.0,40.0,200.0,350.0,6.0,7.0
train,Red soil,C:\Users\Pranjal Yallurkar\OneDrive\Desktop\PROJECT\Final\soil_photos-20251020T144319Z-1-001\soil_photos\train\Red soil\images45.jpg,Reddish,6.0–7.0,24–34,45–65,180–300,20–40,200–350,"Groundnut, Millet, Maize, Pulses, Ragi","DAP, Organic Manure, Compost, NPK, Biofertilizer","millet, maize","Wheat, Mustard, Gram, Onion, Garlic",Winter,28.07,44,haze,180.0,300.0,20.0,40.0,200.0,350.0,6.0,7.0
train,Red soil,C:\Users\Pranjal Yallurkar\OneDrive\Desktop\PROJECT\Final\soil_photos-20251020T144319Z-1-001\soil_photos\train\Red soil\images46.jpg,Reddish,6.0–7.0,24–34,45–65,180–300,20–40,200–350,"Groundnut, Millet, Maize, Pulses, Ragi","DAP, Organic Manure, Compost, NPK, Biofertilizer","millet, maize","Wheat, Mustard, Gram, Onion, Garlic",Winter,28.07,44,haze,180.0,300.0,20.0,40.0,200.0,350.0,6.0,7.0
train,Red soil,C:\Users\Pranjal Yallurkar\OneDrive\Desktop\PROJECT\Final\soil_photos-20251020T144319Z-1-001\soil_photos\train\Red soil\images59.jpg,Reddish,6.0–7.0,24–34,45–65,180–300,20–40,200–350,"Groundnut, Millet, Maize, Pulses, Ragi","DAP, Organic Manure, Compost, NPK, Biofertilizer","millet, maize","Wheat, Mustard, Gram, Onion, Garlic",Winter,28.07,44,haze,180.0,300.0,20.0,40.0,200.0,350.0,6.0,7.0
train,Red soil,C:\Users\Pranjal Yallurkar\OneDrive\Desktop\PROJECT\Final\soil_photos-20251020T144319Z-1-001\soil_photos\train\Red soil\images6.jpg,Reddish,6.0–7.0,24–34,45–65,180–300,20–40,200–350,"Groundnut, Millet, Maize, Pulses, Ragi","DAP, Organic Manure, Compost, NPK, Biofertilizer","millet, maize","Wheat, Mustard, Gram, Onion, Garlic",Winter,28.07,44,haze,180.0,300.0,20.0,40.0,200.0,350.0,6.0,7.0
train,Red soil,C:\Users\Pranjal Yallurkar\OneDrive\Desktop\PROJECT\Final\soil_photos-20251020T144319Z-1-001\soil_photos\train\Red soil\images66.jpg,Reddish,6.0–7.0,24–34,45–65,180–300,20–40,200–350,"Groundnut, Millet, Maize, Pulses, Ragi","DAP, Organic Manure, Compost, NPK, Biofertilizer","millet, maize","Wheat, Mustard, Gram, Onion, Garlic",Winter,28.07,44,haze,180.0,300.0,20.0,40.0,200.0,350.0,6.0,7.0
train,Red soil,C:\Users\Pranjal Yallurkar\OneDrive\Desktop\PROJECT\Final\soil_photos-20251020T144319Z-1-001\soil_photos\train\Red soil\images68.jpg,Reddish,6.0–7.0,24–34,45–65,180–300,20–40,200–350,"Groundnut, Millet, Maize, Pulses, Ragi","DAP, Organic Manure, Compost, NPK, Biofertilizer","millet, maize","Wheat, Mustard, Gram, Onion, Garlic",Winter,28.07,44,haze,180.0,300.0,20.0,40.0,200.0,350.0,6.0,7.0
train,Red soil,C:\Users\Pranjal Yallurkar\OneDrive\Desktop\PROJECT\Final\soil_photos-20251020T144319Z-1-001\soil_photos\train\Red soil\images70.jpg,Reddish,6.0–7.0,24–34,45–65,180–300,20–40,200–350,"Groundnut, Millet, Maize, Pulses, Ragi","DAP, Organic Manure, Compost, NPK, Biofertilizer","millet, maize","Wheat, Mustard, Gram, Onion, Garlic",Winter,28.07,44,haze,180.0,300.0,20.0,40.0,200.0,350.0,6.0,7.0
train,Red soil,C:\Users\Pranjal Yallurkar\OneDrive\Desktop\PROJECT\Final\soil_photos-20251020T144319Z-1-001\soil_photos\train\Red soil\images71.jpg,Reddish,6.0–7.0,24–34,45–65,180–300,20–40,200–350,"Groundnut, Millet, Maize, Pulses, Ragi","DAP, Organic Manure, Compost, NPK, Biofertilizer","millet, maize","Wheat, Mustard, Gram, Onion, Garlic",Winter,28.07,44,haze,180.0,300.0,20.0,40.0,200.0,350.0,6.0,7.0
train,Red soil,C:\Users\Pranjal Yallurkar\OneDrive\Desktop\PROJECT\Final\soil_photos-20251020T144319Z-1-001\soil_photos\train\Red soil\images77.jpg,Reddish,6.0–7.0,24–34,45–65,180–300,20–40,200–350,"Groundnut, Millet, Maize, Pulses, Ragi","DAP, Organic Manure, Compost, NPK, Biofertilizer","millet, maize","Wheat, Mustard, Gram, Onion, Garlic",Winter,28.07,44,haze,180.0,300.0,20.0,40.0,200.0,350.0,6.0,7.0
train,Red soil,C:\Users\Pranjal Yallurkar\OneDrive\Desktop\PROJECT\Final\soil_photos-20251020T144319Z-1-001\soil_photos\train\Red soil\images78.jpg,Reddish,6.0–7.0,24–34,45–65,180–300,20–40,200–350,"Groundnut, Millet, Maize, Pulses, Ragi","DAP, Organic Manure, Compost, NPK, Biofertilizer","millet, maize","Wheat, Mustard, Gram, Onion, Garlic",Winter,28.07,44,haze,180.0,300.0,20.0,40.0,200.0,350.0,6.0,7.0
train,Red soil,C:\Users\Pranjal Yallurkar\OneDrive\Desktop\PROJECT\Final\soil_photos-20251020T144319Z-1-001\soil_photos\train\Red soil\images8.jpg,Reddish,6.0–7.0,24–34,45–65,180–300,20–40,200–350,"Groundnut, Millet, Maize, Pulses, Ragi","DAP, Organic Manure, Compost, NPK, Biofertilizer","millet, maize","Wheat, Mustard, Gram, Onion, Garlic",Winter,28.07,44,haze,180.0,300.0,20.0,40.0,200.0,350.0,6.0,7.0
train,Red soil,C:\Users\Pranjal Yallurkar\OneDrive\Desktop\PROJECT\Final\soil_photos-20251020T144319Z-1-001\soil_photos\train\Red soil\images9.jpg,Reddish,6.0–7.0,24–34,45–65,180–300,20–40,200–350,"Groundnut, Millet, Maize, Pulses, Ragi","DAP, Organic Manure, Compost, NPK, Biofertilizer","millet, maize","Wheat, Mustard, Gram, Onion, Garlic",Winter,28.07,44,haze,180.0,300.0,20.0,40.0,200.0,350.0,6.0,7.0
train,Red soil,C:\Users\Pranjal Yallurkar\OneDrive\Desktop\PROJECT\Final\soil_photos-20251020T144319Z-1-001\soil_photos\train\Red soil\Nc-red-clay-soil-2.jpg,Reddish,6.0–7.0,24–34,45–65,180–300,20–40,200–350,"Groundnut, Millet, Maize, Pulses, Ragi","DAP, Organic Manure, Compost, NPK, Biofertilizer","millet, maize","Wheat, Mustard, Gram, Onion, Garlic",Winter,28.07,44,haze,180.0,300.0,20.0,40.0,200.0,350.0,6.0,7.0
train,Red soil,C:\Users\Pranjal Yallurkar\OneDrive\Desktop\PROJECT\Final\soil_photos-20251020T144319Z-1-001\soil_photos\train\Red soil\red-ground-texture-260nw-1079913677.jpg,Reddish,6.0–7.0,24–34,45–65,180–300,20–40,200–350,"Groundnut, Millet, Maize, Pulses, Ragi","DAP, Organic Manure, Compost, NPK, Biofertilizer","millet, maize","Wheat, Mustard, Gram, Onion, Garlic",Winter,28.07,44,haze,180.0,300.0,20.0,40.0,200.0,350.0,6.0,7.0
train,Red soil,C:\Users\Pranjal Yallurkar\OneDrive\Desktop\PROJECT\Final\soil_photos-20251020T144319Z-1-001\soil_photos\train\Red soil\red-soil-500x5002.jpg,Reddish,6.0–7.0,24–34,45–65,180–300,20–40,200–350,"Groundnut, Millet, Maize, Pulses, Ragi","DAP, Organic Manure, Compost, NPK, Biofertilizer","millet, maize","Wheat, Mustard, Gram, Onion, Garlic",Winter,28.07,44,haze,180.0,300.0,20.0,40.0,200.0,350.0,6.0,7.0
train,Red soil,C:\Users\Pranjal Yallurkar\OneDrive\Desktop\PROJECT\Final\soil_photos-20251020T144319Z-1-001\soil_photos\train\Red soil\red-soil-500x5003.jpg,Reddish,6.0–7.0,24–34,45–65,180–300,20–40,200–350,"Groundnut, Millet, Maize, Pulses, Ragi","DAP, Organic Manure, Compost, NPK, Biofertilizer","millet, maize","Wheat, Mustard, Gram, Onion, Garlic",Winter,28.07,44,haze,180.0,300.0,20.0,40.0,200.0,350.0,6.0,7.0
train,Red soil,C:\Users\Pranjal Yallurkar\OneDrive\Desktop\PROJECT\Final\soil_photos-20251020T144319Z-1-001\soil_photos\train\Red soil\red-soil-background-6402446.jpg,Reddish,6.0–7.0,24–34,45–65,180–300,20–40,200–350,"Groundnut, Millet, Maize, Pulses, Ragi","DAP, Organic Manure, Compost, NPK, Biofertilizer","millet, maize","Wheat, Mustard, Gram, Onion, Garlic",Winter,28.07,44,haze,180.0,300.0,20.0,40.0,200.0,350.0,6.0,7.0
train,Red soil,C:\Users\Pranjal Yallurkar\OneDrive\Desktop\PROJECT\Final\soil_photos-20251020T144319Z-1-001\soil_photos\train\Red soil\Red-soil-essay.jpg,Reddish,6.0–7.0,24–34,45–65,180–300,20–40,200–350,"Groundnut, Millet, Maize, Pulses, Ragi","DAP, Organic Manure, Compost, NPK, Biofertilizer","millet, maize","Wheat, Mustard, Gram, Onion, Garlic",Winter,28.07,44,haze,180.0,300.0,20.0,40.0,200.0,350.0,6.0,7.0
train,Red soil,C:\Users\Pranjal Yallurkar\OneDrive\Desktop\PROJECT\Final\soil_photos-20251020T144319Z-1-001\soil_photos\train\Red soil\red20clay-700x700.jpg,Reddish,6.0–7.0,24–34,45–65,180–300,20–40,200–350,"Groundnut, Millet, Maize, Pulses, Ragi","DAP, Organic Manure, Compost, NPK, Biofertilizer","millet, maize","Wheat, Mustard, Gram, Onion, Garlic",Winter,28.07,44,haze,180.0,300.0,20.0,40.0,200.0,350.0,6.0,7.0
train,Red soil,C:\Users\Pranjal Yallurkar\OneDrive\Desktop\PROJECT\Final\soil_photos-20251020T144319Z-1-001\soil_photos\train\Red soil\red3.jpg,Reddish,6.0–7.0,24–34,45–65,180–300,20–40,200–350,"Groundnut, Millet, Maize, Pulses, Ragi","DAP, Organic Manure, Compost, NPK, Biofertilizer","millet, maize","Wheat, Mustard, Gram, Onion, Garlic",Winter,28.07,44,haze,180.0,300.0,20.0,40.0,200.0,350.0,6.0,7.0
train,Red soil,C:\Users\Pranjal Yallurkar\OneDrive\Desktop\PROJECT\Final\soil_photos-20251020T144319Z-1-001\soil_photos\train\Red soil\Red_1.jpg,Reddish,6.0–7.0,24–34,45–65,180–300,20–40,200–350,"Groundnut, Millet, Maize, Pulses, Ragi","DAP, Organic Manure, Compost, NPK, Biofertilizer","millet, maize","Wheat, Mustard, Gram, Onion, Garlic",Winter,28.07,44,haze,180.0,300.0,20.0,40.0,200.0,350.0,6.0,7.0
train,Red soil,C:\Users\Pranjal Yallurkar\OneDrive\Desktop\PROJECT\Final\soil_photos-20251020T144319Z-1-001\soil_photos\train\Red soil\Red_10.jpg,Reddish,6.0–7.0,24–34,45–65,180–300,20–40,200–350,"Groundnut, Millet, Maize, Pulses, Ragi","DAP, Organic Manure, Compost, NPK, Biofertilizer","millet, maize","Wheat, Mustard, Gram, Onion, Garlic",Winter,28.07,44,haze,180.0,300.0,20.0,40.0,200.0,350.0,6.0,7.0
train,Red soil,C:\Users\Pranjal Yallurkar\OneDrive\Desktop\PROJECT\Final\soil_photos-20251020T144319Z-1-001\soil_photos\train\Red soil\Red_11.jpg,Reddish,6.0–7.0,24–34,45–65,180–300,20–40,200–350,"Groundnut, Millet, Maize, Pulses, Ragi","DAP, Organic Manure, Compost, NPK, Biofertilizer","millet, maize","Wheat, Mustard, Gram, Onion, Garlic",Winter,28.07,44,haze,180.0,300.0,20.0,40.0,200.0,350.0,6.0,7.0
train,Red soil,C:\Users\Pranjal Yallurkar\OneDrive\Desktop\PROJECT\Final\soil_photos-20251020T144319Z-1-001\soil_photos\train\Red soil\Red_12.jpg,Reddish,6.0–7.0,24–34,45–65,180–300,20–40,200–350,"Groundnut, Millet, Maize, Pulses, Ragi","DAP, Organic Manure, Compost, NPK, Biofertilizer","millet, maize","Wheat, Mustard, Gram, Onion, Garlic",Winter,28.07,44,haze,180.0,300.0,20.0,40.0,200.0,350.0,6.0,7.0
train,Red soil,C:\Users\Pranjal Yallurkar\OneDrive\Desktop\PROJECT\Final\soil_photos-20251020T144319Z-1-001\soil_photos\train\Red soil\Red_13.jpg,Reddish,6.0–7.0,24–34,45–65,180–300,20–40,200–350,"Groundnut, Millet, Maize, Pulses, Ragi","DAP, Organic Manure, Compost, NPK, Biofertilizer","millet, maize","Wheat, Mustard, Gram, Onion, Garlic",Winter,28.07,44,haze,180.0,300.0,20.0,40.0,200.0,350.0,6.0,7.0
train,Red soil,C:\Users\Pranjal Yallurkar\OneDrive\Desktop\PROJECT\Final\soil_photos-20251020T144319Z-1-001\soil_photos\train\Red soil\Red_14.jpg,Reddish,6.0–7.0,24–34,45–65,180–300,20–40,200–350,"Groundnut, Millet, Maize, Pulses, Ragi","DAP, Organic Manure, Compost, NPK, Biofertilizer","millet, maize","Wheat, Mustard, Gram, Onion, Garlic",Winter,28.07,44,haze,180.0,300.0,20.0,40.0,200.0,350.0,6.0,7.0
train,Red soil,C:\Users\Pranjal Yallurkar\OneDrive\Desktop\PROJECT\Final\soil_photos-20251020T144319Z-1-001\soil_photos\train\Red soil\Red_15.jpg,Reddish,6.0–7.0,24–34,45–65,180–300,20–40,200–350,"Groundnut, Millet, Maize, Pulses, Ragi","DAP, Organic Manure, Compost, NPK, Biofertilizer","millet, maize","Wheat, Mustard, Gram, Onion, Garlic",Winter,28.07,44,haze,180.0,300.0,20.0,40.0,200.0,350.0,6.0,7.0
train,Red soil,C:\Users\Pranjal Yallurkar\OneDrive\Desktop\PROJECT\Final\soil_photos-20251020T144319Z-1-001\soil_photos\train\Red soil\Red_16.jpg,Reddish,6.0–7.0,24–34,45–65,180–300,20–40,200–350,"Groundnut, Millet, Maize, Pulses, Ragi","DAP, Organic Manure, Compost, NPK, Biofertilizer","millet, maize","Wheat, Mustard, Gram, Onion, Garlic",Winter,28.07,44,haze,180.0,300.0,20.0,40.0,200.0,350.0,6.0,7.0
train,Red soil,C:\Users\Pranjal Yallurkar\OneDrive\Desktop\PROJECT\Final\soil_photos-20251020T144319Z-1-001\soil_photos\train\Red soil\Red_17.jpg,Reddish,6.0–7.0,24–34,45–65,180–300,20–40,200–350,"Groundnut, Millet, Maize, Pulses, Ragi","DAP, Organic Manure, Compost, NPK, Biofertilizer","millet, maize","Wheat, Mustard, Gram, Onion, Garlic",Winter,28.07,44,haze,180.0,300.0,20.0,40.0,200.0,350.0,6.0,7.0
train,Red soil,C:\Users\Pranjal Yallurkar\OneDrive\Desktop\PROJECT\Final\soil_photos-20251020T144319Z-1-001\soil_photos\train\Red soil\Red_18.jpg,Reddish,6.0–7.0,24–34,45–65,180–300,20–40,200–350,"Groundnut, Millet, Maize, Pulses, Ragi","DAP, Organic Manure, Compost, NPK, Biofertilizer","millet, maize","Wheat, Mustard, Gram, Onion, Garlic",Winter,28.07,44,haze,180.0,300.0,20.0,40.0,200.0,350.0,6.0,7.0
train,Red soil,C:\Users\Pranjal Yallurkar\OneDrive\Desktop\PROJECT\Final\soil_photos-20251020T144319Z-1-001\soil_photos\train\Red soil\Red_19.jpg,Reddish,6.0–7.0,24–34,45–65,180–300,20–40,200–350,"Groundnut, Millet, Maize, Pulses, Ragi","DAP, Organic Manure, Compost, NPK, Biofertilizer","millet, maize","Wheat, Mustard, Gram, Onion, Garlic",Winter,28.07,44,haze,180.0,300.0,20.0,40.0,200.0,350.0,6.0,7.0
train,Red soil,C:\Users\Pranjal Yallurkar\OneDrive\Desktop\PROJECT\Final\soil_photos-20251020T144319Z-1-001\soil_photos\train\Red soil\Red_2.jpg,Reddish,6.0–7.0,24–34,45–65,180–300,20–40,200–350,"Groundnut, Millet, Maize, Pulses, Ragi","DAP, Organic Manure, Compost, NPK, Biofertilizer","millet, maize","Wheat, Mustard, Gram, Onion, Garlic",Winter,28.07,44,haze,180.0,300.0,20.0,40.0,200.0,350.0,6.0,7.0
train,Red soil,C:\Users\Pranjal Yallurkar\OneDrive\Desktop\PROJECT\Final\soil_photos-20251020T144319Z-1-001\soil_photos\train\Red soil\Red_20.jpg,Reddish,6.0–7.0,24–34,45–65,180–300,20–40,200–350,"Groundnut, Millet, Maize, Pulses, Ragi","DAP, Organic Manure, Compost, NPK, Biofertilizer","millet, maize","Wheat, Mustard, Gram, Onion, Garlic",Winter,28.07,44,haze,180.0,300.0,20.0,40.0,200.0,350.0,6.0,7.0
train,Red soil,C:\Users\Pranjal Yallurkar\OneDrive\Desktop\PROJECT\Final\soil_photos-20251020T144319Z-1-001\soil_photos\train\Red soil\Red_21.jpg,Reddish,6.0–7.0,24–34,45–65,180–300,20–40,200–350,"Groundnut, Millet, Maize, Pulses, Ragi","DAP, Organic Manure, Compost, NPK, Biofertilizer","millet, maize","Wheat, Mustard, Gram, Onion, Garlic",Winter,28.07,44,haze,180.0,300.0,20.0,40.0,200.0,350.0,6.0,7.0
train,Red soil,C:\Users\Pranjal Yallurkar\OneDrive\Desktop\PROJECT\Final\soil_photos-20251020T144319Z-1-001\soil_photos\train\Red soil\Red_22.jpg,Reddish,6.0–7.0,24–34,45–65,180–300,20–40,200–350,"Groundnut, Millet, Maize, Pulses, Ragi","DAP, Organic Manure, Compost, NPK, Biofertilizer","millet, maize","Wheat, Mustard, Gram, Onion, Garlic",Winter,28.07,44,haze,180.0,300.0,20.0,40.0,200.0,350.0,6.0,7.0
train,Red soil,C:\Users\Pranjal Yallurkar\OneDrive\Desktop\PROJECT\Final\soil_photos-20251020T144319Z-1-001\soil_photos\train\Red soil\Red_23.jpg,Reddish,6.0–7.0,24–34,45–65,180–300,20–40,200–350,"Groundnut, Millet, Maize, Pulses, Ragi","DAP, Organic Manure, Compost, NPK, Biofertilizer","millet, maize","Wheat, Mustard, Gram, Onion, Garlic",Winter,28.07,44,haze,180.0,300.0,20.0,40.0,200.0,350.0,6.0,7.0
train,Red soil,C:\Users\Pranjal Yallurkar\OneDrive\Desktop\PROJECT\Final\soil_photos-20251020T144319Z-1-001\soil_photos\train\Red soil\Red_24.jpg,Reddish,6.0–7.0,24–34,45–65,180–300,20–40,200–350,"Groundnut, Millet, Maize, Pulses, Ragi","DAP, Organic Manure, Compost, NPK, Biofertilizer","millet, maize","Wheat, Mustard, Gram, Onion, Garlic",Winter,28.07,44,haze,180.0,300.0,20.0,40.0,200.0,350.0,6.0,7.0
train,Red soil,C:\Users\Pranjal Yallurkar\OneDrive\Desktop\PROJECT\Final\soil_photos-20251020T144319Z-1-001\soil_photos\train\Red soil\Red_27.jpg,Reddish,6.0–7.0,24–34,45–65,180–300,20–40,200–350,"Groundnut, Millet, Maize, Pulses, Ragi","DAP, Organic Manure, Compost, NPK, Biofertilizer","millet, maize","Wheat, Mustard, Gram, Onion, Garlic",Winter,28.07,44,haze,180.0,300.0,20.0,40.0,200.0,350.0,6.0,7.0
train,Red soil,C:\Users\Pranjal Yallurkar\OneDrive\Desktop\PROJECT\Final\soil_photos-20251020T144319Z-1-001\soil_photos\train\Red soil\Red_28.jpg,Reddish,6.0–7.0,24–34,45–65,180–300,20–40,200–350,"Groundnut, Millet, Maize, Pulses, Ragi","DAP, Organic Manure, Compost, NPK, Biofertilizer","millet, maize","Wheat, Mustard, Gram, Onion, Garlic",Winter,28.07,44,haze,180.0,300.0,20.0,40.0,200.0,350.0,6.0,7.0
train,Red soil,C:\Users\Pranjal Yallurkar\OneDrive\Desktop\PROJECT\Final\soil_photos-20251020T144319Z-1-001\soil_photos\train\Red soil\Red_29.jpg,Reddish,6.0–7.0,24–34,45–65,180–300,20–40,200–350,"Groundnut, Millet, Maize, Pulses, Ragi","DAP, Organic Manure, Compost, NPK, Biofertilizer","millet, maize","Wheat, Mustard, Gram, Onion, Garlic",Winter,28.07,44,haze,180.0,300.0,20.0,40.0,200.0,350.0,6.0,7.0
train,Red soil,C:\Users\Pranjal Yallurkar\OneDrive\Desktop\PROJECT\Final\soil_photos-20251020T144319Z-1-001\soil_photos\train\Red soil\Red_3.jpg,Reddish,6.0–7.0,24–34,45–65,180–300,20–40,200–350,"Groundnut, Millet, Maize, Pulses, Ragi","DAP, Organic Manure, Compost, NPK, Biofertilizer","millet, maize","Wheat, Mustard, Gram, Onion, Garlic",Winter,28.07,44,haze,180.0,300.0,20.0,40.0,200.0,350.0,6.0,7.0
train,Red soil,C:\Users\Pranjal Yallurkar\OneDrive\Desktop\PROJECT\Final\soil_photos-20251020T144319Z-1-001\soil_photos\train\Red soil\Red_30.jpg,Reddish,6.0–7.0,24–34,45–65,180–300,20–40,200–350,"Groundnut, Millet, Maize, Pulses, Ragi","DAP, Organic Manure, Compost, NPK, Biofertilizer","millet, maize","Wheat, Mustard, Gram, Onion, Garlic",Winter,28.07,44,haze,180.0,300.0,20.0,40.0,200.0,350.0,6.0,7.0
train,Red soil,C:\Users\Pranjal Yallurkar\OneDrive\Desktop\PROJECT\Final\soil_photos-20251020T144319Z-1-001\soil_photos\train\Red soil\Red_31.jpg,Reddish,6.0–7.0,24–34,45–65,180–300,20–40,200–350,"Groundnut, Millet, Maize, Pulses, Ragi","DAP, Organic Manure, Compost, NPK, Biofertilizer","millet, maize","Wheat, Mustard, Gram, Onion, Garlic",Winter,28.07,44,haze,180.0,300.0,20.0,40.0,200.0,350.0,6.0,7.0
train,Red soil,C:\Users\Pranjal Yallurkar\OneDrive\Desktop\PROJECT\Final\soil_photos-20251020T144319Z-1-001\soil_photos\train\Red soil\Red_32.jpg,Reddish,6.0–7.0,24–34,45–65,180–300,20–40,200–350,"Groundnut, Millet, Maize, Pulses, Ragi","DAP, Organic Manure, Compost, NPK, Biofertilizer","millet, maize","Wheat, Mustard, Gram, Onion, Garlic",Winter,28.07,44,haze,180.0,300.0,20.0,40.0,200.0,350.0,6.0,7.0
train,Red soil,C:\Users\Pranjal Yallurkar\OneDrive\Desktop\PROJECT\Final\soil_photos-20251020T144319Z-1-001\soil_photos\train\Red soil\Red_35.jpg,Reddish,6.0–7.0,24–34,45–65,180–300,20–40,200–350,"Groundnut, Millet, Maize, Pulses, Ragi","DAP, Organic Manure, Compost, NPK, Biofertilizer","millet, maize","Wheat, Mustard, Gram, Onion, Garlic",Winter,28.07,44,haze,180.0,300.0,20.0,40.0,200.0,350.0,6.0,7.0
train,Red soil,C:\Users\Pranjal Yallurkar\OneDrive\Desktop\PROJECT\Final\soil_photos-20251020T144319Z-1-001\soil_photos\train\Red soil\Red_36.jpg,Reddish,6.0–7.0,24–34,45–65,180–300,20–40,200–350,"Groundnut, Millet, Maize, Pulses, Ragi","DAP, Organic Manure, Compost, NPK, Biofertilizer","millet, maize","Wheat, Mustard, Gram, Onion, Garlic",Winter,28.07,44,haze,180.0,300.0,20.0,40.0,200.0,350.0,6.0,7.0
train,Red soil,C:\Users\Pranjal Yallurkar\OneDrive\Desktop\PROJECT\Final\soil_photos-20251020T144319Z-1-001\soil_photos\train\Red soil\Red_37.jpg,Reddish,6.0–7.0,24–34,45–65,180–300,20–40,200–350,"Groundnut, Millet, Maize, Pulses, Ragi","DAP, Organic Manure, Compost, NPK, Biofertilizer","millet, maize","Wheat, Mustard, Gram, Onion, Garlic",Winter,28.07,44,haze,180.0,300.0,20.0,40.0,200.0,350.0,6.0,7.0
train,Red soil,C:\Users\Pranjal Yallurkar\OneDrive\Desktop\PROJECT\Final\soil_photos-20251020T144319Z-1-001\soil_photos\train\Red soil\Red_38.jpg,Reddish,6.0–7.0,24–34,45–65,180–300,20–40,200–350,"Groundnut, Millet, Maize, Pulses, Ragi","DAP, Organic Manure, Compost, NPK, Biofertilizer","millet, maize","Wheat, Mustard, Gram, Onion, Garlic",Winter,28.07,44,haze,180.0,300.0,20.0,40.0,200.0,350.0,6.0,7.0
train,Red soil,C:\Users\Pranjal Yallurkar\OneDrive\Desktop\PROJECT\Final\soil_photos-20251020T144319Z-1-001\soil_photos\train\Red soil\Red_39.jpg,Reddish,6.0–7.0,24–34,45–65,180–300,20–40,200–350,"Groundnut, Millet, Maize, Pulses, Ragi","DAP, Organic Manure, Compost, NPK, Biofertilizer","millet, maize","Wheat, Mustard, Gram, Onion, Garlic",Winter,28.07,44,haze,180.0,300.0,20.0,40.0,200.0,350.0,6.0,7.0
train,Red soil,C:\Users\Pranjal Yallurkar\OneDrive\Desktop\PROJECT\Final\soil_photos-20251020T144319Z-1-001\soil_photos\train\Red soil\Red_4.jpg,Reddish,6.0–7.0,24–34,45–65,180–300,20–40,200–350,"Groundnut, Millet, Maize, Pulses, Ragi","DAP, Organic Manure, Compost, NPK, Biofertilizer","millet, maize","Wheat, Mustard, Gram, Onion, Garlic",Winter,28.07,44,haze,180.0,300.0,20.0,40.0,200.0,350.0,6.0,7.0
train,Red soil,C:\Users\Pranjal Yallurkar\OneDrive\Desktop\PROJECT\Final\soil_photos-20251020T144319Z-1-001\soil_photos\train\Red soil\Red_40.jpg,Reddish,6.0–7.0,24–34,45–65,180–300,20–40,200–350,"Groundnut, Millet, Maize, Pulses, Ragi","DAP, Organic Manure, Compost, NPK, Biofertilizer","millet, maize","Wheat, Mustard, Gram, Onion, Garlic",Winter,28.07,44,haze,180.0,300.0,20.0,40.0,200.0,350.0,6.0,7.0
train,Red soil,C:\Users\Pranjal Yallurkar\OneDrive\Desktop\PROJECT\Final\soil_photos-20251020T144319Z-1-001\soil_photos\train\Red soil\Red_41.jpg,Reddish,6.0–7.0,24–34,45–65,180–300,20–40,200–350,"Groundnut, Millet, Maize, Pulses, Ragi","DAP, Organic Manure, Compost, NPK, Biofertilizer","millet, maize","Wheat, Mustard, Gram, Onion, Garlic",Winter,28.07,44,haze,180.0,300.0,20.0,40.0,200.0,350.0,6.0,7.0
train,Red soil,C:\Users\Pranjal Yallurkar\OneDrive\Desktop\PROJECT\Final\soil_photos-20251020T144319Z-1-001\soil_photos\train\Red soil\Red_42.jpg,Reddish,6.0–7.0,24–34,45–65,180–300,20–40,200–350,"Groundnut, Millet, Maize, Pulses, Ragi","DAP, Organic Manure, Compost, NPK, Biofertilizer","millet, maize","Wheat, Mustard, Gram, Onion, Garlic",Winter,28.07,44,haze,180.0,300.0,20.0,40.0,200.0,350.0,6.0,7.0
train,Red soil,C:\Users\Pranjal Yallurkar\OneDrive\Desktop\PROJECT\Final\soil_photos-20251020T144319Z-1-001\soil_photos\train\Red soil\Red_43.jpg,Reddish,6.0–7.0,24–34,45–65,180–300,20–40,200–350,"Groundnut, Millet, Maize, Pulses, Ragi","DAP, Organic Manure, Compost, NPK, Biofertilizer","millet, maize","Wheat, Mustard, Gram, Onion, Garlic",Winter,28.07,44,haze,180.0,300.0,20.0,40.0,200.0,350.0,6.0,7.0
train,Red soil,C:\Users\Pranjal Yallurkar\OneDrive\Desktop\PROJECT\Final\soil_photos-20251020T144319Z-1-001\soil_photos\train\Red soil\Red_44.jpg,Reddish,6.0–7.0,24–34,45–65,180–300,20–40,200–350,"Groundnut, Millet, Maize, Pulses, Ragi","DAP, Organic Manure, Compost, NPK, Biofertilizer","millet, maize","Wheat, Mustard, Gram, Onion, Garlic",Winter,28.07,44,haze,180.0,300.0,20.0,40.0,200.0,350.0,6.0,7.0
train,Red soil,C:\Users\Pranjal Yallurkar\OneDrive\Desktop\PROJECT\Final\soil_photos-20251020T144319Z-1-001\soil_photos\train\Red soil\Red_45.jpg,Reddish,6.0–7.0,24–34,45–65,180–300,20–40,200–350,"Groundnut, Millet, Maize, Pulses, Ragi","DAP, Organic Manure, Compost, NPK, Biofertilizer","millet, maize","Wheat, Mustard, Gram, Onion, Garlic",Winter,28.07,44,haze,180.0,300.0,20.0,40.0,200.0,350.0,6.0,7.0
train,Red soil,C:\Users\Pranjal Yallurkar\OneDrive\Desktop\PROJECT\Final\soil_photos-20251020T144319Z-1-001\soil_photos\train\Red soil\Red_46.jpg,Reddish,6.0–7.0,24–34,45–65,180–300,20–40,200–350,"Groundnut, Millet, Maize, Pulses, Ragi","DAP, Organic Manure, Compost, NPK, Biofertilizer","millet, maize","Wheat, Mustard, Gram, Onion, Garlic",Winter,28.07,44,haze,180.0,300.0,20.0,40.0,200.0,350.0,6.0,7.0
train,Red soil,C:\Users\Pranjal Yallurkar\OneDrive\Desktop\PROJECT\Final\soil_photos-20251020T144319Z-1-001\soil_photos\train\Red soil\Red_5.jpg,Reddish,6.0–7.0,24–34,45–65,180–300,20–40,200–350,"Groundnut, Millet, Maize, Pulses, Ragi","DAP, Organic Manure, Compost, NPK, Biofertilizer","millet, maize","Wheat, Mustard, Gram, Onion, Garlic",Winter,28.07,44,haze,180.0,300.0,20.0,40.0,200.0,350.0,6.0,7.0
train,Red soil,C:\Users\Pranjal Yallurkar\OneDrive\Desktop\PROJECT\Final\soil_photos-20251020T144319Z-1-001\soil_photos\train\Red soil\Red_6.jpg,Reddish,6.0–7.0,24–34,45–65,180–300,20–40,200–350,"Groundnut, Millet, Maize, Pulses, Ragi","DAP, Organic Manure, Compost, NPK, Biofertilizer","millet, maize","Wheat, Mustard, Gram, Onion, Garlic",Winter,28.07,44,haze,180.0,300.0,20.0,40.0,200.0,350.0,6.0,7.0
train,Red soil,C:\Users\Pranjal Yallurkar\OneDrive\Desktop\PROJECT\Final\soil_photos-20251020T144319Z-1-001\soil_photos\train\Red soil\Red_7.jpg,Reddish,6.0–7.0,24–34,45–65,180–300,20–40,200–350,"Groundnut, Millet, Maize, Pulses, Ragi","DAP, Organic Manure, Compost, NPK, Biofertilizer","millet, maize","Wheat, Mustard, Gram, Onion, Garlic",Winter,28.07,44,haze,180.0,300.0,20.0,40.0,200.0,350.0,6.0,7.0
train,Red soil,C:\Users\Pranjal Yallurkar\OneDrive\Desktop\PROJECT\Final\soil_photos-20251020T144319Z-1-001\soil_photos\train\Red soil\Red_8.jpg,Reddish,6.0–7.0,24–34,45–65,180–300,20–40,200–350,"Groundnut, Millet, Maize, Pulses, Ragi","DAP, Organic Manure, Compost, NPK, Biofertilizer","millet, maize","Wheat, Mustard, Gram, Onion, Garlic",Winter,28.07,44,haze,180.0,300.0,20.0,40.0,200.0,350.0,6.0,7.0
train,Red soil,C:\Users\Pranjal Yallurkar\OneDrive\Desktop\PROJECT\Final\soil_photos-20251020T144319Z-1-001\soil_photos\train\Red soil\Red_9.jpg,Reddish,6.0–7.0,24–34,45–65,180–300,20–40,200–350,"Groundnut, Millet, Maize, Pulses, Ragi","DAP, Organic Manure, Compost, NPK, Biofertilizer","millet, maize","Wheat, Mustard, Gram, Onion, Garlic",Winter,28.07,44,haze,180.0,300.0,20.0,40.0,200.0,350.0,6.0,7.0
train,Red soil,C:\Users\Pranjal Yallurkar\OneDrive\Desktop\PROJECT\Final\soil_photos-20251020T144319Z-1-001\soil_photos\train\Red soil\Sample6.0.jpg,Reddish,6.0–7.0,24–34,45–65,180–300,20–40,200–350,"Groundnut, Millet, Maize, Pulses, Ragi","DAP, Organic Manure, Compost, NPK, Biofertilizer","millet, maize","Wheat, Mustard, Gram, Onion, Garlic",Winter,28.07,44,haze,180.0,300.0,20.0,40.0,200.0,350.0,6.0,7.0
train,Red soil,C:\Users\Pranjal Yallurkar\OneDrive\Desktop\PROJECT\Final\soil_photos-20251020T144319Z-1-001\soil_photos\train\Red soil\Sample6.120.jpg,Reddish,6.0–7.0,24–34,45–65,180–300,20–40,200–350,"Groundnut, Millet, Maize, Pulses, Ragi","DAP, Organic Manure, Compost, NPK, Biofertilizer","millet, maize","Wheat, Mustard, Gram, Onion, Garlic",Winter,28.07,44,haze,180.0,300.0,20.0,40.0,200.0,350.0,6.0,7.0
train,Red soil,C:\Users\Pranjal Yallurkar\OneDrive\Desktop\PROJECT\Final\soil_photos-20251020T144319Z-1-001\soil_photos\train\Red soil\Sample6.150.jpg,Reddish,6.0–7.0,24–34,45–65,180–300,20–40,200–350,"Groundnut, Millet, Maize, Pulses, Ragi","DAP, Organic Manure, Compost, NPK, Biofertilizer","millet, maize","Wheat, Mustard, Gram, Onion, Garlic",Winter,28.07,44,haze,180.0,300.0,20.0,40.0,200.0,350.0,6.0,7.0
train,Red soil,C:\Users\Pranjal Yallurkar\OneDrive\Desktop\PROJECT\Final\soil_photos-20251020T144319Z-1-001\soil_photos\train\Red soil\Sample6.180.jpg,Reddish,6.0–7.0,24–34,45–65,180–300,20–40,200–350,"Groundnut, Millet, Maize, Pulses, Ragi","DAP, Organic Manure, Compost, NPK, Biofertilizer","millet, maize","Wheat, Mustard, Gram, Onion, Garlic",Winter,28.07,44,haze,180.0,300.0,20.0,40.0,200.0,350.0,6.0,7.0
train,Red soil,C:\Users\Pranjal Yallurkar\OneDrive\Desktop\PROJECT\Final\soil_photos-20251020T144319Z-1-001\soil_photos\train\Red soil\Sample6.30.jpg,Reddish,6.0–7.0,24–34,45–65,180–300,20–40,200–350,"Groundnut, Millet, Maize, Pulses, Ragi","DAP, Organic Manure, Compost, NPK, Biofertilizer","millet, maize","Wheat, Mustard, Gram, Onion, Garlic",Winter,28.07,44,haze,180.0,300.0,20.0,40.0,200.0,350.0,6.0,7.0
train,Red soil,C:\Users\Pranjal Yallurkar\OneDrive\Desktop\PROJECT\Final\soil_photos-20251020T144319Z-1-001\soil_photos\train\Red soil\Sample6.60.jpg,Reddish,6.0–7.0,24–34,45–65,180–300,20–40,200–350,"Groundnut, Millet, Maize, Pulses, Ragi","DAP, Organic Manure, Compost, NPK, Biofertilizer","millet, maize","Wheat, Mustard, Gram, Onion, Garlic",Winter,28.07,44,haze,180.0,300.0,20.0,40.0,200.0,350.0,6.0,7.0
train,Red soil,C:\Users\Pranjal Yallurkar\OneDrive\Desktop\PROJECT\Final\soil_photos-20251020T144319Z-1-001\soil_photos\train\Red soil\Sample6.90.jpg,Reddish,6.0–7.0,24–34,45–65,180–300,20–40,200–350,"Groundnut, Millet, Maize, Pulses, Ragi","DAP, Organic Manure, Compost, NPK, Biofertilizer","millet, maize","Wheat, Mustard, Gram, Onion, Garlic",Winter,28.07,44,haze,180.0,300.0,20.0,40.0,200.0,350.0,6.0,7.0
train,Red soil,C:\Users\Pranjal Yallurkar\OneDrive\Desktop\PROJECT\Final\soil_photos-20251020T144319Z-1-001\soil_photos\train\Red soil\Sample8.0.jpg,Reddish,6.0–7.0,24–34,45–65,180–300,20–40,200–350,"Groundnut, Millet, Maize, Pulses, Ragi","DAP, Organic Manure, Compost, NPK, Biofertilizer","millet, maize","Wheat, Mustard, Gram, Onion, Garlic",Winter,28.07,44,haze,180.0,300.0,20.0,40.0,200.0,350.0,6.0,7.0
train,Red soil,C:\Users\Pranjal Yallurkar\OneDrive\Desktop\PROJECT\Final\soil_photos-20251020T144319Z-1-001\soil_photos\train\Red soil\Sample8.120.jpg,Reddish,6.0–7.0,24–34,45–65,180–300,20–40,200–350,"Groundnut, Millet, Maize, Pulses, Ragi","DAP, Organic Manure, Compost, NPK, Biofertilizer","millet, maize","Wheat, Mustard, Gram, Onion, Garlic",Winter,28.07,44,haze,180.0,300.0,20.0,40.0,200.0,350.0,6.0,7.0
train,Red soil,C:\Users\Pranjal Yallurkar\OneDrive\Desktop\PROJECT\Final\soil_photos-20251020T144319Z-1-001\soil_photos\train\Red soil\Sample8.150.jpg,Reddish,6.0–7.0,24–34,45–65,180–300,20–40,200–350,"Groundnut, Millet, Maize, Pulses, Ragi","DAP, Organic Manure, Compost, NPK, Biofertilizer","millet, maize","Wheat, Mustard, Gram, Onion, Garlic",Winter,28.07,44,haze,180.0,300.0,20.0,40.0,200.0,350.0,6.0,7.0
train,Red soil,C:\Users\Pranjal Yallurkar\OneDrive\Desktop\PROJECT\Final\soil_photos-20251020T144319Z-1-001\soil_photos\train\Red soil\Sample8.180.jpg,Reddish,6.0–7.0,24–34,45–65,180–300,20–40,200–350,"Groundnut, Millet, Maize, Pulses, Ragi","DAP, Organic Manure, Compost, NPK, Biofertilizer","millet, maize","Wheat, Mustard, Gram, Onion, Garlic",Winter,28.07,44,haze,180.0,300.0,20.0,40.0,200.0,350.0,6.0,7.0
train,Red soil,C:\Users\Pranjal Yallurkar\OneDrive\Desktop\PROJECT\Final\soil_photos-20251020T144319Z-1-001\soil_photos\train\Red soil\Sample8.30.jpg,Reddish,6.0–7.0,24–34,45–65,180–300,20–40,200–350,"Groundnut, Millet, Maize, Pulses, Ragi","DAP, Organic Manure, Compost, NPK, Biofertilizer","millet, maize","Wheat, Mustard, Gram, Onion, Garlic",Winter,28.07,44,haze,180.0,300.0,20.0,40.0,200.0,350.0,6.0,7.0
train,Red soil,C:\Users\Pranjal Yallurkar\OneDrive\Desktop\PROJECT\Final\soil_photos-20251020T144319Z-1-001\soil_photos\train\Red soil\Sample8.60.jpg,Reddish,6.0–7.0,24–34,45–65,180–300,20–40,200–350,"Groundnut, Millet, Maize, Pulses, Ragi","DAP, Organic Manure, Compost, NPK, Biofertilizer","millet, maize","Wheat, Mustard, Gram, Onion, Garlic",Winter,28.07,44,haze,180.0,300.0,20.0,40.0,200.0,350.0,6.0,7.0
train,Red soil,C:\Users\Pranjal Yallurkar\OneDrive\Desktop\PROJECT\Final\soil_photos-20251020T144319Z-1-001\soil_photos\train\Red soil\Sample8.90.jpg,Reddish,6.0–7.0,24–34,45–65,180–300,20–40,200–350,"Groundnut, Millet, Maize, Pulses, Ragi","DAP, Organic Manure, Compost, NPK, Biofertilizer","millet, maize","Wheat, Mustard, Gram, Onion, Garlic",Winter,28.07,44,haze,180.0,300.0,20.0,40.0,200.0,350.0,6.0,7.0
train,Red soil,C:\Users\Pranjal Yallurkar\OneDrive\Desktop\PROJECT\Final\soil_photos-20251020T144319Z-1-001\soil_photos\train\Red soil\utkl.jpg,Reddish,6.0–7.0,24–34,45–65,180–300,20–40,200–350,"Groundnut, Millet, Maize, Pulses, Ragi","DAP, Organic Manure, Compost, NPK, Biofertilizer","millet, maize","Wheat, Mustard, Gram, Onion, Garlic",Winter,28.07,44,haze,180.0,300.0,20.0,40.0,200.0,350.0,6.0,7.0
train,Sandy soil,C:\Users\Pranjal Yallurkar\OneDrive\Desktop\PROJECT\Final\soil_photos-20251020T144319Z-1-001\soil_photos\train\Sand\0.jpg,Reddish,5.5–6.8,28–38,30–50,100–180,15–30,80–150,"Coconut, Watermelon, Groundnut, Cashew, Carrot","Organic Manure, Compost, NPK, Urea, Biofertilizer","Coconut, Watermelon, Groundnut, Cashew, Carrot","Onion, Potato, Garlic, Mustard, Wheat",Winter,28.07,44,haze,100.0,180.0,15.0,30.0,80.0,150.0,5.5,6.8
train,Sandy soil,C:\Users\Pranjal Yallurkar\OneDrive\Desktop\PROJECT\Final\soil_photos-20251020T144319Z-1-001\soil_photos\train\Sand\1.jpg,Reddish,5.5–6.8,28–38,30–50,100–180,15–30,80–150,"Coconut, Watermelon, Groundnut, Cashew, Carrot","Organic Manure, Compost, NPK, Urea, Biofertilizer","Coconut, Watermelon, Groundnut, Cashew, Carrot","Onion, Potato, Garlic, Mustard, Wheat",Winter,28.07,44,haze,100.0,180.0,15.0,30.0,80.0,150.0,5.5,6.8
train,Sandy soil,C:\Users\Pranjal Yallurkar\OneDrive\Desktop\PROJECT\Final\soil_photos-20251020T144319Z-1-001\soil_photos\train\Sand\10.jpg,Reddish,5.5–6.8,28–38,30–50,100–180,15–30,80–150,"Coconut, Watermelon, Groundnut, Cashew, Carrot","Organic Manure, Compost, NPK, Urea, Biofertilizer","Coconut, Watermelon, Groundnut, Cashew, Carrot","Onion, Potato, Garlic, Mustard, Wheat",Winter,28.07,44,haze,100.0,180.0,15.0,30.0,80.0,150.0,5.5,6.8
train,Sandy soil,C:\Users\Pranjal Yallurkar\OneDrive\Desktop\PROJECT\Final\soil_photos-20251020T144319Z-1-001\soil_photos\train\Sand\11.jpg,Reddish,5.5–6.8,28–38,30–50,100–180,15–30,80–150,"Coconut, Watermelon, Groundnut, Cashew, Carrot","Organic Manure, Compost, NPK, Urea, Biofertilizer","Coconut, Watermelon, Groundnut, Cashew, Carrot","Onion, Potato, Garlic, Mustard, Wheat",Winter,28.07,44,haze,100.0,180.0,15.0,30.0,80.0,150.0,5.5,6.8
train,Sandy soil,C:\Users\Pranjal Yallurkar\OneDrive\Desktop\PROJECT\Final\soil_photos-20251020T144319Z-1-001\soil_photos\train\Sand\12.jpg,Reddish,5.5–6.8,28–38,30–50,100–180,15–30,80–150,"Coconut, Watermelon, Groundnut, Cashew, Carrot","Organic Manure, Compost, NPK, Urea, Biofertilizer","Coconut, Watermelon, Groundnut, Cashew, Carrot","Onion, Potato, Garlic, Mustard, Wheat",Winter,28.07,44,haze,100.0,180.0,15.0,30.0,80.0,150.0,5.5,6.8
train,Sandy soil,C:\Users\Pranjal Yallurkar\OneDrive\Desktop\PROJECT\Final\soil_photos-20251020T144319Z-1-001\soil_photos\train\Sand\13.jpg,Reddish,5.5–6.8,28–38,30–50,100–180,15–30,80–150,"Coconut, Watermelon, Groundnut, Cashew, Carrot","Organic Manure, Compost, NPK, Urea, Biofertilizer","Coconut, Watermelon, Groundnut, Cashew, Carrot","Onion, Potato, Garlic, Mustard, Wheat",Winter,28.07,44,haze,100.0,180.0,15.0,30.0,80.0,150.0,5.5,6.8
train,Sandy soil,C:\Users\Pranjal Yallurkar\OneDrive\Desktop\PROJECT\Final\soil_photos-20251020T144319Z-1-001\soil_photos\train\Sand\14.jpg,Reddish,5.5–6.8,28–38,30–50,100–180,15–30,80–150,"Coconut, Watermelon, Groundnut, Cashew, Carrot","Organic Manure, Compost, NPK, Urea, Biofertilizer","Coconut, Watermelon, Groundnut, Cashew, Carrot","Onion, Potato, Garlic, Mustard, Wheat",Winter,28.07,44,haze,100.0,180.0,15.0,30.0,80.0,150.0,5.5,6.8
train,Sandy soil,C:\Users\Pranjal Yallurkar\OneDrive\Desktop\PROJECT\Final\soil_photos-20251020T144319Z-1-001\soil_photos\train\Sand\15.jpg,Reddish,5.5–6.8,28–38,30–50,100–180,15–30,80–150,"Coconut, Watermelon, Groundnut, Cashew, Carrot","Organic Manure, Compost, NPK, Urea, Biofertilizer","Coconut, Watermelon, Groundnut, Cashew, Carrot","Onion, Potato, Garlic, Mustard, Wheat",Winter,28.07,44,haze,100.0,180.0,15.0,30.0,80.0,150.0,5.5,6.8
train,Sandy soil,C:\Users\Pranjal Yallurkar\OneDrive\Desktop\PROJECT\Final\soil_photos-20251020T144319Z-1-001\soil_photos\train\Sand\16.jpg,Reddish,5.5–6.8,28–38,30–50,100–180,15–30,80–150,"Coconut, Watermelon, Groundnut, Cashew, Carrot","Organic Manure, Compost, NPK, Urea, Biofertilizer","Coconut, Watermelon, Groundnut, Cashew, Carrot","Onion, Potato, Garlic, Mustard, Wheat",Winter,28.07,44,haze,100.0,180.0,15.0,30.0,80.0,150.0,5.5,6.8
train,Sandy soil,C:\Users\Pranjal Yallurkar\OneDrive\Desktop\PROJECT\Final\soil_photos-20251020T144319Z-1-001\soil_photos\train\Sand\18.jpg,Reddish,5.5–6.8,28–38,30–50,100–180,15–30,80–150,"Coconut, Watermelon, Groundnut, Cashew, Carrot","Organic Manure, Compost, NPK, Urea, Biofertilizer","Coconut, Watermelon, Groundnut, Cashew, Carrot","Onion, Potato, Garlic, Mustard, Wheat",Winter,28.07,44,haze,100.0,180.0,15.0,30.0,80.0,150.0,5.5,6.8
train,Sandy soil,C:\Users\Pranjal Yallurkar\OneDrive\Desktop\PROJECT\Final\soil_photos-20251020T144319Z-1-001\soil_photos\train\Sand\19.jpg,Reddish,5.5–6.8,28–38,30–50,100–180,15–30,80–150,"Coconut, Watermelon, Groundnut, Cashew, Carrot","Organic Manure, Compost, NPK, Urea, Biofertilizer","Coconut, Watermelon, Groundnut, Cashew, Carrot","Onion, Potato, Garlic, Mustard, Wheat",Winter,28.07,44,haze,100.0,180.0,15.0,30.0,80.0,150.0,5.5,6.8
train,Sandy soil,C:\Users\Pranjal Yallurkar\OneDrive\Desktop\PROJECT\Final\soil_photos-20251020T144319Z-1-001\soil_photos\train\Sand\2.jpg,Reddish,5.5–6.8,28–38,30–50,100–180,15–30,80–150,"Coconut, Watermelon, Groundnut, Cashew, Carrot","Organic Manure, Compost, NPK, Urea, Biofertilizer","Coconut, Watermelon, Groundnut, Cashew, Carrot","Onion, Potato, Garlic, Mustard, Wheat",Winter,28.07,44,haze,100.0,180.0,15.0,30.0,80.0,150.0,5.5,6.8
train,Sandy soil,C:\Users\Pranjal Yallurkar\OneDrive\Desktop\PROJECT\Final\soil_photos-20251020T144319Z-1-001\soil_photos\train\Sand\20.jpg,Reddish,5.5–6.8,28–38,30–50,100–180,15–30,80–150,"Coconut, Watermelon, Groundnut, Cashew, Carrot","Organic Manure, Compost, NPK, Urea, Biofertilizer","Coconut, Watermelon, Groundnut, Cashew, Carrot","Onion, Potato, Garlic, Mustard, Wheat",Winter,28.07,44,haze,100.0,180.0,15.0,30.0,80.0,150.0,5.5,6.8
train,Sandy soil,C:\Users\Pranjal Yallurkar\OneDrive\Desktop\PROJECT\Final\soil_photos-20251020T144319Z-1-001\soil_photos\train\Sand\21.jpg,Reddish,5.5–6.8,28–38,30–50,100–180,15–30,80–150,"Coconut, Watermelon, Groundnut, Cashew, Carrot","Organic Manure, Compost, NPK, Urea, Biofertilizer","Coconut, Watermelon, Groundnut, Cashew, Carrot","Onion, Potato, Garlic, Mustard, Wheat",Winter,28.07,44,haze,100.0,180.0,15.0,30.0,80.0,150.0,5.5,6.8
train,Sandy soil,C:\Users\Pranjal Yallurkar\OneDrive\Desktop\PROJECT\Final\soil_photos-20251020T144319Z-1-001\soil_photos\train\Sand\22.jpg,Reddish,5.5–6.8,28–38,30–50,100–180,15–30,80–150,"Coconut, Watermelon, Groundnut, Cashew, Carrot","Organic Manure, Compost, NPK, Urea, Biofertilizer","Coconut, Watermelon, Groundnut, Cashew, Carrot","Onion, Potato, Garlic, Mustard, Wheat",Winter,28.07,44,haze,100.0,180.0,15.0,30.0,80.0,150.0,5.5,6.8
train,Sandy soil,C:\Users\Pranjal Yallurkar\OneDrive\Desktop\PROJECT\Final\soil_photos-20251020T144319Z-1-001\soil_photos\train\Sand\23.jpg,Reddish,5.5–6.8,28–38,30–50,100–180,15–30,80–150,"Coconut, Watermelon, Groundnut, Cashew, Carrot","Organic Manure, Compost, NPK, Urea, Biofertilizer","Coconut, Watermelon, Groundnut, Cashew, Carrot","Onion, Potato, Garlic, Mustard, Wheat",Winter,28.07,44,haze,100.0,180.0,15.0,30.0,80.0,150.0,5.5,6.8
train,Sandy soil,C:\Users\Pranjal Yallurkar\OneDrive\Desktop\PROJECT\Final\soil_photos-20251020T144319Z-1-001\soil_photos\train\Sand\24.jpg,Reddish,5.5–6.8,28–38,30–50,100–180,15–30,80–150,"Coconut, Watermelon, Groundnut, Cashew, Carrot","Organic Manure, Compost, NPK, Urea, Biofertilizer","Coconut, Watermelon, Groundnut, Cashew, Carrot","Onion, Potato, Garlic, Mustard, Wheat",Winter,28.07,44,haze,100.0,180.0,15.0,30.0,80.0,150.0,5.5,6.8
train,Sandy soil,C:\Users\Pranjal Yallurkar\OneDrive\Desktop\PROJECT\Final\soil_photos-20251020T144319Z-1-001\soil_photos\train\Sand\25.jpg,Reddish,5.5–6.8,28–38,30–50,100–180,15–30,80–150,"Coconut, Watermelon, Groundnut, Cashew, Carrot","Organic Manure, Compost, NPK, Urea, Biofertilizer","Coconut, Watermelon, Groundnut, Cashew, Carrot","Onion, Potato, Garlic, Mustard, Wheat",Winter,28.07,44,haze,100.0,180.0,15.0,30.0,80.0,150.0,5.5,6.8
train,Sandy soil,C:\Users\Pranjal Yallurkar\OneDrive\Desktop\PROJECT\Final\soil_photos-20251020T144319Z-1-001\soil_photos\train\Sand\3.jpg,Reddish,5.5–6.8,28–38,30–50,100–180,15–30,80–150,"Coconut, Watermelon, Groundnut, Cashew, Carrot","Organic Manure, Compost, NPK, Urea, Biofertilizer","Coconut, Watermelon, Groundnut, Cashew, Carrot","Onion, Potato, Garlic, Mustard, Wheat",Winter,28.07,44,haze,100.0,180.0,15.0,30.0,80.0,150.0,5.5,6.8
train,Sandy soil,C:\Users\Pranjal Yallurkar\OneDrive\Desktop\PROJECT\Final\soil_photos-20251020T144319Z-1-001\soil_photos\train\Sand\4.jpg,Reddish,5.5–6.8,28–38,30–50,100–180,15–30,80–150,"Coconut, Watermelon, Groundnut, Cashew, Carrot","Organic Manure, Compost, NPK, Urea, Biofertilizer","Coconut, Watermelon, Groundnut, Cashew, Carrot","Onion, Potato, Garlic, Mustard, Wheat",Winter,28.07,44,haze,100.0,180.0,15.0,30.0,80.0,150.0,5.5,6.8
train,Sandy soil,C:\Users\Pranjal Yallurkar\OneDrive\Desktop\PROJECT\Final\soil_photos-20251020T144319Z-1-001\soil_photos\train\Sand\5.jpg,Reddish,5.5–6.8,28–38,30–50,100–180,15–30,80–150,"Coconut, Watermelon, Groundnut, Cashew, Carrot","Organic Manure, Compost, NPK, Urea, Biofertilizer","Coconut, Watermelon, Groundnut, Cashew, Carrot","Onion, Potato, Garlic, Mustard, Wheat",Winter,28.07,44,haze,100.0,180.0,15.0,30.0,80.0,150.0,5.5,6.8
train,Sandy soil,C:\Users\Pranjal Yallurkar\OneDrive\Desktop\PROJECT\Final\soil_photos-20251020T144319Z-1-001\soil_photos\train\Sand\6.jpg,Reddish,5.5–6.8,28–38,30–50,100–180,15–30,80–150,"Coconut, Watermelon, Groundnut, Cashew, Carrot","Organic Manure, Compost, NPK, Urea, Biofertilizer","Coconut, Watermelon, Groundnut, Cashew, Carrot","Onion, Potato, Garlic, Mustard, Wheat",Winter,28.07,44,haze,100.0,180.0,15.0,30.0,80.0,150.0,5.5,6.8
train,Sandy soil,C:\Users\Pranjal Yallurkar\OneDrive\Desktop\PROJECT\Final\soil_photos-20251020T144319Z-1-001\soil_photos\train\Sand\7.jpg,Reddish,5.5–6.8,28–38,30–50,100–180,15–30,80–150,"Coconut, Watermelon, Groundnut, Cashew, Carrot","Organic Manure, Compost, NPK, Urea, Biofertilizer","Coconut, Watermelon, Groundnut, Cashew, Carrot","Onion, Potato, Garlic, Mustard, Wheat",Winter,28.07,44,haze,100.0,180.0,15.0,30.0,80.0,150.0,5.5,6.8
train,Sandy soil,C:\Users\Pranjal Yallurkar\OneDrive\Desktop\PROJECT\Final\soil_photos-20251020T144319Z-1-001\soil_photos\train\Sand\8.jpg,Reddish,5.5–6.8,28–38,30–50,100–180,15–30,80–150,"Coconut, Watermelon, Groundnut, Cashew, Carrot","Organic Manure, Compost, NPK, Urea, Biofertilizer","Coconut, Watermelon, Groundnut, Cashew, Carrot","Onion, Potato, Garlic, Mustard, Wheat",Winter,28.07,44,haze,100.0,180.0,15.0,30.0,80.0,150.0,5.5,6.8
train,Sandy soil,C:\Users\Pranjal Yallurkar\OneDrive\Desktop\PROJECT\Final\soil_photos-20251020T144319Z-1-001\soil_photos\train\Sand\9.jpg,Reddish,5.5–6.8,28–38,30–50,100–180,15–30,80–150,"Coconut, Watermelon, Groundnut, Cashew, Carrot","Organic Manure, Compost, NPK, Urea, Biofertilizer","Coconut, Watermelon, Groundnut, Cashew, Carrot","Onion, Potato, Garlic, Mustard, Wheat",Winter,28.07,44,haze,100.0,180.0,15.0,30.0,80.0,150.0,5.5,6.8
test,Alluvial soil,C:\Users\Pranjal Yallurkar\OneDrive\Desktop\PROJECT\Final\soil_photos-20251020T144319Z-1-001\soil_photos\test\Alluvial soil\1000_F_240425429_YL91trtDxXQl8L0OKP7zyngeSb63olAC.jpg,Reddish,6.5–7.5,25–35,60–80,280–450,40–60,300–450,"Rice, Wheat, Maize, Sugarcane, Pulses","DAP, Compost, NPK, Urea, Biofertilizer",maize,"Wheat, Mustard, Barley, Peas, Gram",Winter,28.07,44,haze,280.0,450.0,40.0,60.0,300.0,450.0,6.5,7.5
test,Alluvial soil,C:\Users\Pranjal Yallurkar\OneDrive\Desktop\PROJECT\Final\soil_photos-20251020T144319Z-1-001\soil_photos\test\Alluvial soil\Alluvial_1.jpg,Reddish,6.5–7.5,25–35,60–80,280–450,40–60,300–450,"Rice, Wheat, Maize, Sugarcane, Pulses","DAP, Compost, NPK, Urea, Biofertilizer",maize,"Wheat, Mustard, Barley, Peas, Gram",Winter,28.07,44,haze,280.0,450.0,40.0,60.0,300.0,450.0,6.5,7.5
test,Alluvial soil,C:\Users\Pranjal Yallurkar\OneDrive\Desktop\PROJECT\Final\soil_photos-20251020T144319Z-1-001\soil_photos\test\Alluvial soil\Alluvial_10.jpg,Reddish,6.5–7.5,25–35,60–80,280–450,40–60,300–450,"Rice, Wheat, Maize, Sugarcane, Pulses","DAP, Compost, NPK, Urea, Biofertilizer",maize,"Wheat, Mustard, Barley, Peas, Gram",Winter,28.07,44,haze,280.0,450.0,40.0,60.0,300.0,450.0,6.5,7.5
test,Alluvial soil,C:\Users\Pranjal Yallurkar\OneDrive\Desktop\PROJECT\Final\soil_photos-20251020T144319Z-1-001\soil_photos\test\Alluvial soil\Alluvial_11.jpg,Reddish,6.5–7.5,25–35,60–80,280–450,40–60,300–450,"Rice, Wheat, Maize, Sugarcane, Pulses","DAP, Compost, NPK, Urea, Biofertilizer",maize,"Wheat, Mustard, Barley, Peas, Gram",Winter,28.07,44,haze,280.0,450.0,40.0,60.0,300.0,450.0,6.5,7.5
test,Alluvial soil,C:\Users\Pranjal Yallurkar\OneDrive\Desktop\PROJECT\Final\soil_photos-20251020T144319Z-1-001\soil_photos\test\Alluvial soil\Alluvial_22.jpg,Brownish,6.5–7.5,25–35,60–80,280–450,40–60,300–450,"Rice, Wheat, Maize, Sugarcane, Pulses","DAP, Compost, NPK, Urea, Vermicompost",maize,"Wheat, Mustard, Barley, Peas, Gram",Winter,28.07,44,haze,280.0,450.0,40.0,60.0,300.0,450.0,6.5,7.5
test,Alluvial soil,C:\Users\Pranjal Yallurkar\OneDrive\Desktop\PROJECT\Final\soil_photos-20251020T144319Z-1-001\soil_photos\test\Alluvial soil\Alluvial_23.jpg,Reddish,6.5–7.5,25–35,60–80,280–450,40–60,300–450,"Rice, Wheat, Maize, Sugarcane, Pulses","DAP, Compost, NPK, Urea, Biofertilizer",maize,"Wheat, Mustard, Barley, Peas, Gram",Winter,28.07,44,haze,280.0,450.0,40.0,60.0,300.0,450.0,6.5,7.5
test,Alluvial soil,C:\Users\Pranjal Yallurkar\OneDrive\Desktop\PROJECT\Final\soil_photos-20251020T144319Z-1-001\soil_photos\test\Alluvial soil\Alluvial_24.jpg,Reddish,6.5–7.5,25–35,60–80,280–450,40–60,300–450,"Rice, Wheat, Maize, Sugarcane, Pulses","DAP, Compost, NPK, Urea, Biofertilizer",maize,"Wheat, Mustard, Barley, Peas, Gram",Winter,28.07,44,haze,280.0,450.0,40.0,60.0,300.0,450.0,6.5,7.5
test,Alluvial soil,C:\Users\Pranjal Yallurkar\OneDrive\Desktop\PROJECT\Final\soil_photos-20251020T144319Z-1-001\soil_photos\test\Alluvial soil\Alluvial_25.jpg,Reddish,6.5–7.5,25–35,60–80,280–450,40–60,300–450,"Rice, Wheat, Maize, Sugarcane, Pulses","DAP, Compost, NPK, Urea, Biofertilizer",maize,"Wheat, Mustard, Barley, Peas, Gram",Winter,28.07,44,haze,280.0,450.0,40.0,60.0,300.0,450.0,6.5,7.5
test,Alluvial soil,C:\Users\Pranjal Yallurkar\OneDrive\Desktop\PROJECT\Final\soil_photos-20251020T144319Z-1-001\soil_photos\test\Alluvial soil\Alluvial_26.jpg,Reddish,6.5–7.5,25–35,60–80,280–450,40–60,300–450,"Rice, Wheat, Maize, Sugarcane, Pulses","DAP, Compost, NPK, Urea, Biofertilizer",maize,"Wheat, Mustard, Barley, Peas, Gram",Winter,28.07,44,haze,280.0,450.0,40.0,60.0,300.0,450.0,6.5,7.5
test,Alluvial soil,C:\Users\Pranjal Yallurkar\OneDrive\Desktop\PROJECT\Final\soil_photos-20251020T144319Z-1-001\soil_photos\test\Alluvial soil\Alluvial_27.jpg,Reddish,6.5–7.5,25–35,60–80,280–450,40–60,300–450,"Rice, Wheat, Maize, Sugarcane, Pulses","DAP, Compost, NPK, Urea, Biofertilizer",maize,"Wheat, Mustard, Barley, Peas, Gram",Winter,28.07,44,haze,280.0,450.0,40.0,60.0,300.0,450.0,6.5,7.5
test,Alluvial soil,C:\Users\Pranjal Yallurkar\OneDrive\Desktop\PROJECT\Final\soil_photos-20251020T144319Z-1-001\soil_photos\test\Alluvial soil\Alluvial_28.jpg,Reddish,6.5–7.5,25–35,60–80,280–450,40–60,300–450,"Rice, Wheat, Maize, Sugarcane, Pulses","DAP, Compost, NPK, Urea, Biofertilizer",maize,"Wheat, Mustard, Barley, Peas, Gram",Winter,28.07,44,haze,280.0,450.0,40.0,60.0,300.0,450.0,6.5,7.5
test,Alluvial soil,C:\Users\Pranjal Yallurkar\OneDrive\Desktop\PROJECT\Final\soil_photos-20251020T144319Z-1-001\soil_photos\test\Alluvial soil\Alluvial_29.jpg,Reddish,6.5–7.5,25–35,60–80,280–450,40–60,300–450,"Rice, Wheat, Maize, Sugarcane, Pulses","DAP, Compost, NPK, Urea, Biofertilizer",maize,"Wheat, Mustard, Barley, Peas, Gram",Winter,28.07,44,haze,280.0,450.0,40.0,60.0,300.0,450.0,6.5,7.5
test,Alluvial soil,C:\Users\Pranjal Yallurkar\OneDrive\Desktop\PROJECT\Final\soil_photos-20251020T144319Z-1-001\soil_photos\test\Alluvial soil\Alluvial_3.jpg,Reddish,6.5–7.5,25–35,60–80,280–450,40–60,300–450,"Rice, Wheat, Maize, Sugarcane, Pulses","DAP, Compost, NPK, Urea, Biofertilizer",maize,"Wheat, Mustard, Barley, Peas, Gram",Winter,28.07,44,haze,280.0,450.0,40.0,60.0,300.0,450.0,6.5,7.5
test,Alluvial soil,C:\Users\Pranjal Yallurkar\OneDrive\Desktop\PROJECT\Final\soil_photos-20251020T144319Z-1-001\soil_photos\test\Alluvial soil\Alluvial_30.jpg,Reddish,6.5–7.5,25–35,60–80,280–450,40–60,300–450,"Rice, Wheat, Maize, Sugarcane, Pulses","DAP, Compost, NPK, Urea, Biofertilizer",maize,"Wheat, Mustard, Barley, Peas, Gram",Winter,28.07,44,haze,280.0,450.0,40.0,60.0,300.0,450.0,6.5,7.5
test,Alluvial soil,C:\Users\Pranjal Yallurkar\OneDrive\Desktop\PROJECT\Final\soil_photos-20251020T144319Z-1-001\soil_photos\test\Alluvial soil\Alluvial_4.jpg,Reddish,6.5–7.5,25–35,60–80,280–450,40–60,300–450,"Rice, Wheat, Maize, Sugarcane, Pulses","DAP, Compost, NPK, Urea, Biofertilizer",maize,"Wheat, Mustard, Barley, Peas, Gram",Winter,28.07,44,haze,280.0,450.0,40.0,60.0,300.0,450.0,6.5,7.5
test,Alluvial soil,C:\Users\Pranjal Yallurkar\OneDrive\Desktop\PROJECT\Final\soil_photos-20251020T144319Z-1-001\soil_photos\test\Alluvial soil\Alluvial_48.jpg,Reddish,6.5–7.5,25–35,60–80,280–450,40–60,300–450,"Rice, Wheat, Maize, Sugarcane, Pulses","DAP, Compost, NPK, Urea, Biofertilizer",maize,"Wheat, Mustard, Barley, Peas, Gram",Winter,28.07,44,haze,280.0,450.0,40.0,60.0,300.0,450.0,6.5,7.5
test,Alluvial soil,C:\Users\Pranjal Yallurkar\OneDrive\Desktop\PROJECT\Final\soil_photos-20251020T144319Z-1-001\soil_photos\test\Alluvial soil\Alluvial_50.jpg,Reddish,6.5–7.5,25–35,60–80,280–450,40–60,300–450,"Rice, Wheat, Maize, Sugarcane, Pulses","DAP, Compost, NPK, Urea, Biofertilizer",maize,"Wheat, Mustard, Barley, Peas, Gram",Winter,28.07,44,haze,280.0,450.0,40.0,60.0,300.0,450.0,6.5,7.5
test,Alluvial soil,C:\Users\Pranjal Yallurkar\OneDrive\Desktop\PROJECT\Final\soil_photos-20251020T144319Z-1-001\soil_photos\test\Alluvial soil\Alluvial_53.jpg,Reddish,6.5–7.5,25–35,60–80,280–450,40–60,300–450,"Rice, Wheat, Maize, Sugarcane, Pulses","DAP, Compost, NPK, Urea, Biofertilizer",maize,"Wheat, Mustard, Barley, Peas, Gram",Winter,28.07,44,haze,280.0,450.0,40.0,60.0,300.0,450.0,6.5,7.5
test,Alluvial soil,C:\Users\Pranjal Yallurkar\OneDrive\Desktop\PROJECT\Final\soil_photos-20251020T144319Z-1-001\soil_photos\test\Alluvial soil\Alluvial_6 - Copy.jpg,Reddish,6.5–7.5,25–35,60–80,280–450,40–60,300–450,"Rice, Wheat, Maize, Sugarcane, Pulses","DAP, Compost, NPK, Urea, Biofertilizer",maize,"Wheat, Mustard, Barley, Peas, Gram",Winter,28.07,44,haze,280.0,450.0,40.0,60.0,300.0,450.0,6.5,7.5
test,Alluvial soil,C:\Users\Pranjal Yallurkar\OneDrive\Desktop\PROJECT\Final\soil_photos-20251020T144319Z-1-001\soil_photos\test\Alluvial soil\Alluvial_6.jpg,Reddish,6.5–7.5,25–35,60–80,280–450,40–60,300–450,"Rice, Wheat, Maize, Sugarcane, Pulses","DAP, Compost, NPK, Urea, Biofertilizer",maize,"Wheat, Mustard, Barley, Peas, Gram",Winter,28.07,44,haze,280.0,450.0,40.0,60.0,300.0,450.0,6.5,7.5
test,Alluvial soil,C:\Users\Pranjal Yallurkar\OneDrive\Desktop\PROJECT\Final\soil_photos-20251020T144319Z-1-001\soil_photos\test\Alluvial soil\Alluvial_7.jpg,Reddish,6.5–7.5,25–35,60–80,280–450,40–60,300–450,"Rice, Wheat, Maize, Sugarcane, Pulses","DAP, Compost, NPK, Urea, Biofertilizer",maize,"Wheat, Mustard, Barley, Peas, Gram",Winter,28.07,44,haze,280.0,450.0,40.0,60.0,300.0,450.0,6.5,7.5
test,Alluvial soil,C:\Users\Pranjal Yallurkar\OneDrive\Desktop\PROJECT\Final\soil_photos-20251020T144319Z-1-001\soil_photos\test\Alluvial soil\Alluvial_8.jpg,Reddish,6.5–7.5,25–35,60–80,280–450,40–60,300–450,"Rice, Wheat, Maize, Sugarcane, Pulses","DAP, Compost, NPK, Urea, Biofertilizer",maize,"Wheat, Mustard, Barley, Peas, Gram",Winter,28.07,44,haze,280.0,450.0,40.0,60.0,300.0,450.0,6.5,7.5
test,Alluvial soil,C:\Users\Pranjal Yallurkar\OneDrive\Desktop\PROJECT\Final\soil_photos-20251020T144319Z-1-001\soil_photos\test\Alluvial soil\Alluvial_9.jpg,Reddish,6.5–7.5,25–35,60–80,280–450,40–60,300–450,"Rice, Wheat, Maize, Sugarcane, Pulses","DAP, Compost, NPK, Urea, Biofertilizer",maize,"Wheat, Mustard, Barley, Peas, Gram",Winter,28.07,44,haze,280.0,450.0,40.0,60.0,300.0,450.0,6.5,7.5
test,Alluvial soil,C:\Users\Pranjal Yallurkar\OneDrive\Desktop\PROJECT\Final\soil_photos-20251020T144319Z-1-001\soil_photos\test\Alluvial soil\Copy of 01060602previewen-02d.jpg,Reddish,6.5–7.5,25–35,60–80,280–450,40–60,300–450,"Rice, Wheat, Maize, Sugarcane, Pulses","DAP, Compost, NPK, Urea, Biofertilizer",maize,"Wheat, Mustard, Barley, Peas, Gram",Winter,28.07,44,haze,280.0,450.0,40.0,60.0,300.0,450.0,6.5,7.5
test,Alluvial soil,C:\Users\Pranjal Yallurkar\OneDrive\Desktop\PROJECT\Final\soil_photos-20251020T144319Z-1-001\soil_photos\test\Alluvial soil\Copy of 1000_F_240425429_YL91trtDxXQl8L0OKP7zyngeSb63olAC.jpg,Reddish,6.5–7.5,25–35,60–80,280–450,40–60,300–450,"Rice, Wheat, Maize, Sugarcane, Pulses","DAP, Compost, NPK, Urea, Biofertilizer",maize,"Wheat, Mustard, Barley, Peas, Gram",Winter,28.07,44,haze,280.0,450.0,40.0,60.0,300.0,450.0,6.5,7.5
test,Alluvial soil,C:\Users\Pranjal Yallurkar\OneDrive\Desktop\PROJECT\Final\soil_photos-20251020T144319Z-1-001\soil_photos\test\Alluvial soil\Copy of alluvial-soils-ricker-2primefarmland-1200x675-1.jpg,Reddish,6.5–7.5,25–35,60–80,280–450,40–60,300–450,"Rice, Wheat, Maize, Sugarcane, Pulses","DAP, Compost, NPK, Urea, Biofertilizer",maize,"Wheat, Mustard, Barley, Peas, Gram",Winter,28.07,44,haze,280.0,450.0,40.0,60.0,300.0,450.0,6.5,7.5
test,Alluvial soil,C:\Users\Pranjal Yallurkar\OneDrive\Desktop\PROJECT\Final\soil_photos-20251020T144319Z-1-001\soil_photos\test\Alluvial soil\Copy of close-up-of-alluvial-soil-as-a-texturebackground-JCB3RY.jpg,Reddish,6.5–7.5,25–35,60–80,280–450,40–60,300–450,"Rice, Wheat, Maize, Sugarcane, Pulses","DAP, Compost, NPK, Urea, Biofertilizer",maize,"Wheat, Mustard, Barley, Peas, Gram",Winter,28.07,44,haze,280.0,450.0,40.0,60.0,300.0,450.0,6.5,7.5
test,Alluvial soil,C:\Users\Pranjal Yallurkar\OneDrive\Desktop\PROJECT\Final\soil_photos-20251020T144319Z-1-001\soil_photos\test\Alluvial soil\Copy of desktop_137249cc-6732-40b3-94e1-1381ad82c07f.jpg,Reddish,6.5–7.5,25–35,60–80,280–450,40–60,300–450,"Rice, Wheat, Maize, Sugarcane, Pulses","DAP, Compost, NPK, Urea, Biofertilizer",maize,"Wheat, Mustard, Barley, Peas, Gram",Winter,28.07,44,haze,280.0,450.0,40.0,60.0,300.0,450.0,6.5,7.5
test,Alluvial soil,C:\Users\Pranjal Yallurkar\OneDrive\Desktop\PROJECT\Final\soil_photos-20251020T144319Z-1-001\soil_photos\test\Alluvial soil\Copy of image (2).jpeg,Reddish,6.5–7.5,25–35,60–80,280–450,40–60,300–450,"Rice, Wheat, Maize, Sugarcane, Pulses","DAP, Compost, NPK, Urea, Biofertilizer",maize,"Wheat, Mustard, Barley, Peas, Gram",Winter,28.07,44,haze,280.0,450.0,40.0,60.0,300.0,450.0,6.5,7.5
test,Alluvial soil,C:\Users\Pranjal Yallurkar\OneDrive\Desktop\PROJECT\Final\soil_photos-20251020T144319Z-1-001\soil_photos\test\Alluvial soil\Copy of image16 (3).jpeg,Reddish,6.5–7.5,25–35,60–80,280–450,40–60,300–450,"Rice, Wheat, Maize, Sugarcane, Pulses","DAP, Compost, NPK, Urea, Biofertilizer",maize,"Wheat, Mustard, Barley, Peas, Gram",Winter,28.07,44,haze,280.0,450.0,40.0,60.0,300.0,450.0,6.5,7.5
test,Alluvial soil,C:\Users\Pranjal Yallurkar\OneDrive\Desktop\PROJECT\Final\soil_photos-20251020T144319Z-1-001\soil_photos\test\Alluvial soil\Copy of image17 (2).jpeg,Reddish,6.5–7.5,25–35,60–80,280–450,40–60,300–450,"Rice, Wheat, Maize, Sugarcane, Pulses","DAP, Compost, NPK, Urea, Biofertilizer",maize,"Wheat, Mustard, Barley, Peas, Gram",Winter,28.07,44,haze,280.0,450.0,40.0,60.0,300.0,450.0,6.5,7.5
test,Alluvial soil,C:\Users\Pranjal Yallurkar\OneDrive\Desktop\PROJECT\Final\soil_photos-20251020T144319Z-1-001\soil_photos\test\Alluvial soil\Copy of image6 (2).jpeg,Reddish,6.5–7.5,25–35,60–80,280–450,40–60,300–450,"Rice, Wheat, Maize, Sugarcane, Pulses","DAP, Compost, NPK, Urea, Biofertilizer",maize,"Wheat, Mustard, Barley, Peas, Gram",Winter,28.07,44,haze,280.0,450.0,40.0,60.0,300.0,450.0,6.5,7.5
test,Alluvial soil,C:\Users\Pranjal Yallurkar\OneDrive\Desktop\PROJECT\Final\soil_photos-20251020T144319Z-1-001\soil_photos\test\Alluvial soil\Copy of IMG-20220531-WA0075.jpg,Reddish,6.5–7.5,25–35,60–80,280–450,40–60,300–450,"Rice, Wheat, Maize, Sugarcane, Pulses","DAP, Compost, NPK, Urea, Biofertilizer",maize,"Wheat, Mustard, Barley, Peas, Gram",Winter,28.07,44,haze,280.0,450.0,40.0,60.0,300.0,450.0,6.5,7.5
test,Alluvial soil,C:\Users\Pranjal Yallurkar\OneDrive\Desktop\PROJECT\Final\soil_photos-20251020T144319Z-1-001\soil_photos\test\Alluvial soil\Copy of oil-a-real-close-up-of-a-part-of-the-earth-s-crust-ordinary-plain-1922365577.jpg,Reddish,6.5–7.5,25–35,60–80,280–450,40–60,300–450,"Rice, Wheat, Maize, Sugarcane, Pulses","DAP, Compost, NPK, Urea, Biofertilizer",maize,"Wheat, Mustard, Barley, Peas, Gram",Winter,28.07,44,haze,280.0,450.0,40.0,60.0,300.0,450.0,6.5,7.5
test,Alluvial soil,C:\Users\Pranjal Yallurkar\OneDrive\Desktop\PROJECT\Final\soil_photos-20251020T144319Z-1-001\soil_photos\test\Alluvial soil\image15 (2).jpeg,Reddish,6.5–7.5,25–35,60–80,280–450,40–60,300–450,"Rice, Wheat, Maize, Sugarcane, Pulses","DAP, Compost, NPK, Urea, Biofertilizer",maize,"Wheat, Mustard, Barley, Peas, Gram",Winter,28.07,44,haze,280.0,450.0,40.0,60.0,300.0,450.0,6.5,7.5
test,Alluvial soil,C:\Users\Pranjal Yallurkar\OneDrive\Desktop\PROJECT\Final\soil_photos-20251020T144319Z-1-001\soil_photos\test\Alluvial soil\image16 (2).jpeg,Reddish,6.5–7.5,25–35,60–80,280–450,40–60,300–450,"Rice, Wheat, Maize, Sugarcane, Pulses","DAP, Compost, NPK, Urea, Biofertilizer",maize,"Wheat, Mustard, Barley, Peas, Gram",Winter,28.07,44,haze,280.0,450.0,40.0,60.0,300.0,450.0,6.5,7.5
test,Alluvial soil,C:\Users\Pranjal Yallurkar\OneDrive\Desktop\PROJECT\Final\soil_photos-20251020T144319Z-1-001\soil_photos\test\Alluvial soil\image17 (2).jpeg,Reddish,6.5–7.5,25–35,60–80,280–450,40–60,300–450,"Rice, Wheat, Maize, Sugarcane, Pulses","DAP, Compost, NPK, Urea, Biofertilizer",maize,"Wheat, Mustard, Barley, Peas, Gram",Winter,28.07,44,haze,280.0,450.0,40.0,60.0,300.0,450.0,6.5,7.5
test,Alluvial soil,C:\Users\Pranjal Yallurkar\OneDrive\Desktop\PROJECT\Final\soil_photos-20251020T144319Z-1-001\soil_photos\test\Alluvial soil\image3 (2).jpeg,Reddish,6.5–7.5,25–35,60–80,280–450,40–60,300–450,"Rice, Wheat, Maize, Sugarcane, Pulses","DAP, Compost, NPK, Urea, Biofertilizer",maize,"Wheat, Mustard, Barley, Peas, Gram",Winter,28.07,44,haze,280.0,450.0,40.0,60.0,300.0,450.0,6.5,7.5
test,Alluvial soil,C:\Users\Pranjal Yallurkar\OneDrive\Desktop\PROJECT\Final\soil_photos-20251020T144319Z-1-001\soil_photos\test\Alluvial soil\image6 (2).jpeg,Reddish,6.5–7.5,25–35,60–80,280–450,40–60,300–450,"Rice, Wheat, Maize, Sugarcane, Pulses","DAP, Compost, NPK, Urea, Biofertilizer",maize,"Wheat, Mustard, Barley, Peas, Gram",Winter,28.07,44,haze,280.0,450.0,40.0,60.0,300.0,450.0,6.5,7.5
test,Alluvial soil,C:\Users\Pranjal Yallurkar\OneDrive\Desktop\PROJECT\Final\soil_photos-20251020T144319Z-1-001\soil_photos\test\Alluvial soil\image7 (2).jpeg,Reddish,6.5–7.5,25–35,60–80,280–450,40–60,300–450,"Rice, Wheat, Maize, Sugarcane, Pulses","DAP, Compost, NPK, Urea, Biofertilizer",maize,"Wheat, Mustard, Barley, Peas, Gram",Winter,28.07,44,haze,280.0,450.0,40.0,60.0,300.0,450.0,6.5,7.5
test,Alluvial soil,C:\Users\Pranjal Yallurkar\OneDrive\Desktop\PROJECT\Final\soil_photos-20251020T144319Z-1-001\soil_photos\test\Alluvial soil\images81.jpg,Reddish,6.5–7.5,25–35,60–80,280–450,40–60,300–450,"Rice, Wheat, Maize, Sugarcane, Pulses","DAP, Compost, NPK, Urea, Biofertilizer",maize,"Wheat, Mustard, Barley, Peas, Gram",Winter,28.07,44,haze,280.0,450.0,40.0,60.0,300.0,450.0,6.5,7.5
test,Alluvial soil,C:\Users\Pranjal Yallurkar\OneDrive\Desktop\PROJECT\Final\soil_photos-20251020T144319Z-1-001\soil_photos\test\Alluvial soil\images86.jpg,Reddish,6.5–7.5,25–35,60–80,280–450,40–60,300–450,"Rice, Wheat, Maize, Sugarcane, Pulses","DAP, Compost, NPK, Urea, Biofertilizer",maize,"Wheat, Mustard, Barley, Peas, Gram",Winter,28.07,44,haze,280.0,450.0,40.0,60.0,300.0,450.0,6.5,7.5
test,Alluvial soil,C:\Users\Pranjal Yallurkar\OneDrive\Desktop\PROJECT\Final\soil_photos-20251020T144319Z-1-001\soil_photos\test\Alluvial soil\IMG-20220531-WA0023.jpg,Reddish,6.5–7.5,25–35,60–80,280–450,40–60,300–450,"Rice, Wheat, Maize, Sugarcane, Pulses","DAP, Compost, NPK, Urea, Biofertilizer",maize,"Wheat, Mustard, Barley, Peas, Gram",Winter,28.07,44,haze,280.0,450.0,40.0,60.0,300.0,450.0,6.5,7.5
test,Alluvial soil,C:\Users\Pranjal Yallurkar\OneDrive\Desktop\PROJECT\Final\soil_photos-20251020T144319Z-1-001\soil_photos\test\Alluvial soil\photo_2022-06-01_07-08-18.jpg,Reddish,6.5–7.5,25–35,60–80,280–450,40–60,300–450,"Rice, Wheat, Maize, Sugarcane, Pulses","DAP, Compost, NPK, Urea, Biofertilizer",maize,"Wheat, Mustard, Barley, Peas, Gram",Winter,28.07,44,haze,280.0,450.0,40.0,60.0,300.0,450.0,6.5,7.5
test,Alluvial soil,C:\Users\Pranjal Yallurkar\OneDrive\Desktop\PROJECT\Final\soil_photos-20251020T144319Z-1-001\soil_photos\test\Alluvial soil\photo_2022-06-01_07-08-36.jpg,Reddish,6.5–7.5,25–35,60–80,280–450,40–60,300–450,"Rice, Wheat, Maize, Sugarcane, Pulses","DAP, Compost, NPK, Urea, Biofertilizer",maize,"Wheat, Mustard, Barley, Peas, Gram",Winter,28.07,44,haze,280.0,450.0,40.0,60.0,300.0,450.0,6.5,7.5
test,Alluvial soil,C:\Users\Pranjal Yallurkar\OneDrive\Desktop\PROJECT\Final\soil_photos-20251020T144319Z-1-001\soil_photos\test\Alluvial soil\photo_2022-06-01_07-08-40.jpg,Reddish,6.5–7.5,25–35,60–80,280–450,40–60,300–450,"Rice, Wheat, Maize, Sugarcane, Pulses","DAP, Compost, NPK, Urea, Biofertilizer",maize,"Wheat, Mustard, Barley, Peas, Gram",Winter,28.07,44,haze,280.0,450.0,40.0,60.0,300.0,450.0,6.5,7.5
test,Alluvial soil,C:\Users\Pranjal Yallurkar\OneDrive\Desktop\PROJECT\Final\soil_photos-20251020T144319Z-1-001\soil_photos\test\Alluvial soil\photo_2022-06-01_07-09-46.jpg,Reddish,6.5–7.5,25–35,60–80,280–450,40–60,300–450,"Rice, Wheat, Maize, Sugarcane, Pulses","DAP, Compost, NPK, Urea, Biofertilizer",maize,"Wheat, Mustard, Barley, Peas, Gram",Winter,28.07,44,haze,280.0,450.0,40.0,60.0,300.0,450.0,6.5,7.5
test,Alluvial soil,C:\Users\Pranjal Yallurkar\OneDrive\Desktop\PROJECT\Final\soil_photos-20251020T144319Z-1-001\soil_photos\test\Alluvial soil\Sample11.90.jpg,Reddish,6.5–7.5,25–35,60–80,280–450,40–60,300–450,"Rice, Wheat, Maize, Sugarcane, Pulses","DAP, Compost, NPK, Urea, Biofertilizer",maize,"Wheat, Mustard, Barley, Peas, Gram",Winter,28.07,44,haze,280.0,450.0,40.0,60.0,300.0,450.0,6.5,7.5
test,Alluvial soil,C:\Users\Pranjal Yallurkar\OneDrive\Desktop\PROJECT\Final\soil_photos-20251020T144319Z-1-001\soil_photos\test\Alluvial soil\Sample13.120.jpg,Reddish,6.5–7.5,25–35,60–80,280–450,40–60,300–450,"Rice, Wheat, Maize, Sugarcane, Pulses","DAP, Compost, NPK, Urea, Biofertilizer",maize,"Wheat, Mustard, Barley, Peas, Gram",Winter,28.07,44,haze,280.0,450.0,40.0,60.0,300.0,450.0,6.5,7.5
test,Alluvial soil,C:\Users\Pranjal Yallurkar\OneDrive\Desktop\PROJECT\Final\soil_photos-20251020T144319Z-1-001\soil_photos\test\Alluvial soil\Sample13.150.jpg,Reddish,6.5–7.5,25–35,60–80,280–450,40–60,300–450,"Rice, Wheat, Maize, Sugarcane, Pulses","DAP, Compost, NPK, Urea, Biofertilizer",maize,"Wheat, Mustard, Barley, Peas, Gram",Winter,28.07,44,haze,280.0,450.0,40.0,60.0,300.0,450.0,6.5,7.5
test,Alluvial soil,C:\Users\Pranjal Yallurkar\OneDrive\Desktop\PROJECT\Final\soil_photos-20251020T144319Z-1-001\soil_photos\test\Alluvial soil\Sample13.180.jpg,Reddish,6.5–7.5,25–35,60–80,280–450,40–60,300–450,"Rice, Wheat, Maize, Sugarcane, Pulses","DAP, Compost, NPK, Urea, Biofertilizer",maize,"Wheat, Mustard, Barley, Peas, Gram",Winter,28.07,44,haze,280.0,450.0,40.0,60.0,300.0,450.0,6.5,7.5
test,Alluvial soil,C:\Users\Pranjal Yallurkar\OneDrive\Desktop\PROJECT\Final\soil_photos-20251020T144319Z-1-001\soil_photos\test\Alluvial soil\Sample9.90.jpg,Reddish,6.5–7.5,25–35,60–80,280–450,40–60,300–450,"Rice, Wheat, Maize, Sugarcane, Pulses","DAP, Compost, NPK, Urea, Biofertilizer",maize,"Wheat, Mustard, Barley, Peas, Gram",Winter,28.07,44,haze,280.0,450.0,40.0,60.0,300.0,450.0,6.5,7.5
test,Alluvial soil,C:\Users\Pranjal Yallurkar\OneDrive\Desktop\PROJECT\Final\soil_photos-20251020T144319Z-1-001\soil_photos\test\Alluvial soil\unnamed-1-2.jpg,Reddish,6.5–7.5,25–35,60–80,280–450,40–60,300–450,"Rice, Wheat, Maize, Sugarcane, Pulses","DAP, Compost, NPK, Urea, Biofertilizer",maize,"Wheat, Mustard, Barley, Peas, Gram",Winter,28.07,44,haze,280.0,450.0,40.0,60.0,300.0,450.0,6.5,7.5
test,Black soil,C:\Users\Pranjal Yallurkar\OneDrive\Desktop\PROJECT\Final\soil_photos-20251020T144319Z-1-001\soil_photos\test\Black Soil\Black_1.jpg,Brownish,7.0–8.5,25–38,50–70,250–400,30–50,400–600,"Cotton, Soybean, Sunflower, Jowar, Wheat","Superphosphate, Organic Manure, Compost, NPK, Urea","cotton, soybean","Wheat, Gram, Jowar, Mustard, Barley",Winter,28.07,44,haze,250.0,400.0,30.0,50.0,400.0,600.0,7.0,8.5
test,Black soil,C:\Users\Pranjal Yallurkar\OneDrive\Desktop\PROJECT\Final\soil_photos-20251020T144319Z-1-001\soil_photos\test\Black Soil\Black_10.jpg,Reddish,7.0–8.5,25–38,50–70,250–400,30–50,400–600,"Cotton, Soybean, Sunflower, Jowar, Wheat","Superphosphate, Organic Manure, Compost, Urea, Biofertilizer","cotton, soybean","Wheat, Gram, Jowar, Mustard, Barley",Winter,28.07,44,haze,250.0,400.0,30.0,50.0,400.0,600.0,7.0,8.5
test,Black soil,C:\Users\Pranjal Yallurkar\OneDrive\Desktop\PROJECT\Final\soil_photos-20251020T144319Z-1-001\soil_photos\test\Black Soil\Black_11.jpg,Reddish,7.0–8.5,25–38,50–70,250–400,30–50,400–600,"Cotton, Soybean, Sunflower, Jowar, Wheat","Superphosphate, Organic Manure, Compost, Urea, Biofertilizer","cotton, soybean","Wheat, Gram, Jowar, Mustard, Barley",Winter,28.07,44,haze,250.0,400.0,30.0,50.0,400.0,600.0,7.0,8.5
test,Black soil,C:\Users\Pranjal Yallurkar\OneDrive\Desktop\PROJECT\Final\soil_photos-20251020T144319Z-1-001\soil_photos\test\Black Soil\Black_12.jpg,Reddish,7.0–8.5,25–38,50–70,250–400,30–50,400–600,"Cotton, Soybean, Sunflower, Jowar, Wheat","Superphosphate, Organic Manure, Compost, Urea, Biofertilizer","cotton, soybean","Wheat, Gram, Jowar, Mustard, Barley",Winter,28.07,44,haze,250.0,400.0,30.0,50.0,400.0,600.0,7.0,8.5
test,Black soil,C:\Users\Pranjal Yallurkar\OneDrive\Desktop\PROJECT\Final\soil_photos-20251020T144319Z-1-001\soil_photos\test\Black Soil\Black_13.jpg,Reddish,7.0–8.5,25–38,50–70,250–400,30–50,400–600,"Cotton, Soybean, Sunflower, Jowar, Wheat","Superphosphate, Organic Manure, Compost, Urea, Biofertilizer","cotton, soybean","Wheat, Gram, Jowar, Mustard, Barley",Winter,28.07,44,haze,250.0,400.0,30.0,50.0,400.0,600.0,7.0,8.5
test,Black soil,C:\Users\Pranjal Yallurkar\OneDrive\Desktop\PROJECT\Final\soil_photos-20251020T144319Z-1-001\soil_photos\test\Black Soil\Black_14.jpg,Reddish,7.0–8.5,25–38,50–70,250–400,30–50,400–600,"Cotton, Soybean, Sunflower, Jowar, Wheat","Superphosphate, Organic Manure, Compost, Urea, Biofertilizer","cotton, soybean","Wheat, Gram, Jowar, Mustard, Barley",Winter,28.07,44,haze,250.0,400.0,30.0,50.0,400.0,600.0,7.0,8.5
test,Black soil,C:\Users\Pranjal Yallurkar\OneDrive\Desktop\PROJECT\Final\soil_photos-20251020T144319Z-1-001\soil_photos\test\Black Soil\Black_15.jpg,Reddish,7.0–8.5,25–38,50–70,250–400,30–50,400–600,"Cotton, Soybean, Sunflower, Jowar, Wheat","Superphosphate, Organic Manure, Compost, Urea, Biofertilizer","cotton, soybean","Wheat, Gram, Jowar, Mustard, Barley",Winter,28.07,44,haze,250.0,400.0,30.0,50.0,400.0,600.0,7.0,8.5
test,Black soil,C:\Users\Pranjal Yallurkar\OneDrive\Desktop\PROJECT\Final\soil_photos-20251020T144319Z-1-001\soil_photos\test\Black Soil\Black_16.jpg,Reddish,7.0–8.5,25–38,50–70,250–400,30–50,400–600,"Cotton, Soybean, Sunflower, Jowar, Wheat","Superphosphate, Organic Manure, Compost, Urea, Biofertilizer","cotton, soybean","Wheat, Gram, Jowar, Mustard, Barley",Winter,28.07,44,haze,250.0,400.0,30.0,50.0,400.0,600.0,7.0,8.5
test,Black soil,C:\Users\Pranjal Yallurkar\OneDrive\Desktop\PROJECT\Final\soil_photos-20251020T144319Z-1-001\soil_photos\test\Black Soil\Black_17.jpg,Reddish,7.0–8.5,25–38,50–70,250–400,30–50,400–600,"Cotton, Soybean, Sunflower, Jowar, Wheat","Superphosphate, Organic Manure, Compost, Urea, Biofertilizer","cotton, soybean","Wheat, Gram, Jowar, Mustard, Barley",Winter,28.07,44,haze,250.0,400.0,30.0,50.0,400.0,600.0,7.0,8.5
test,Black soil,C:\Users\Pranjal Yallurkar\OneDrive\Desktop\PROJECT\Final\soil_photos-20251020T144319Z-1-001\soil_photos\test\Black Soil\Black_18.jpg,Reddish,7.0–8.5,25–38,50–70,250–400,30–50,400–600,"Cotton, Soybean, Sunflower, Jowar, Wheat","Superphosphate, Organic Manure, Compost, Urea, Biofertilizer","cotton, soybean","Wheat, Gram, Jowar, Mustard, Barley",Winter,28.07,44,haze,250.0,400.0,30.0,50.0,400.0,600.0,7.0,8.5
test,Black soil,C:\Users\Pranjal Yallurkar\OneDrive\Desktop\PROJECT\Final\soil_photos-20251020T144319Z-1-001\soil_photos\test\Black Soil\Black_19.jpg,Reddish,7.0–8.5,25–38,50–70,250–400,30–50,400–600,"Cotton, Soybean, Sunflower, Jowar, Wheat","Superphosphate, Organic Manure, Compost, Urea, Biofertilizer","cotton, soybean","Wheat, Gram, Jowar, Mustard, Barley",Winter,28.07,44,haze,250.0,400.0,30.0,50.0,400.0,600.0,7.0,8.5
test,Black soil,C:\Users\Pranjal Yallurkar\OneDrive\Desktop\PROJECT\Final\soil_photos-20251020T144319Z-1-001\soil_photos\test\Black Soil\Black_2.jpg,Reddish,7.0–8.5,25–38,50–70,250–400,30–50,400–600,"Cotton, Soybean, Sunflower, Jowar, Wheat","Superphosphate, Organic Manure, Compost, Urea, Biofertilizer","cotton, soybean","Wheat, Gram, Jowar, Mustard, Barley",Winter,28.07,44,haze,250.0,400.0,30.0,50.0,400.0,600.0,7.0,8.5
test,Black soil,C:\Users\Pranjal Yallurkar\OneDrive\Desktop\PROJECT\Final\soil_photos-20251020T144319Z-1-001\soil_photos\test\Black Soil\Black_20.jpg,Greenish,7.0–8.5,25–38,50–70,250–400,30–50,400–600,"Cotton, Soybean, Sunflower, Jowar, Wheat","DAP, Superphosphate, Organic Manure, Compost, Urea","cotton, soybean","Wheat, Gram, Jowar, Mustard, Barley",Winter,28.07,44,haze,250.0,400.0,30.0,50.0,400.0,600.0,7.0,8.5
test,Black soil,C:\Users\Pranjal Yallurkar\OneDrive\Desktop\PROJECT\Final\soil_photos-20251020T144319Z-1-001\soil_photos\test\Black Soil\Black_21.jpg,Bluish,7.0–8.5,25–38,50–70,250–400,30–50,400–600,"Cotton, Soybean, Sunflower, Jowar, Wheat","Superphosphate, Organic Manure, Compost, Urea, Ammonium Sulphate","cotton, soybean","Wheat, Gram, Jowar, Mustard, Barley",Winter,28.07,44,haze,250.0,400.0,30.0,50.0,400.0,600.0,7.0,8.5
test,Black soil,C:\Users\Pranjal Yallurkar\OneDrive\Desktop\PROJECT\Final\soil_photos-20251020T144319Z-1-001\soil_photos\test\Black Soil\Black_22.jpg,Reddish,7.0–8.5,25–38,50–70,250–400,30–50,400–600,"Cotton, Soybean, Sunflower, Jowar, Wheat","Superphosphate, Organic Manure, Compost, Urea, Biofertilizer","cotton, soybean","Wheat, Gram, Jowar, Mustard, Barley",Winter,28.07,44,haze,250.0,400.0,30.0,50.0,400.0,600.0,7.0,8.5
test,Black soil,C:\Users\Pranjal Yallurkar\OneDrive\Desktop\PROJECT\Final\soil_photos-20251020T144319Z-1-001\soil_photos\test\Black Soil\Black_23.jpg,Reddish,7.0–8.5,25–38,50–70,250–400,30–50,400–600,"Cotton, Soybean, Sunflower, Jowar, Wheat","Superphosphate, Organic Manure, Compost, Urea, Biofertilizer","cotton, soybean","Wheat, Gram, Jowar, Mustard, Barley",Winter,28.07,44,haze,250.0,400.0,30.0,50.0,400.0,600.0,7.0,8.5
test,Black soil,C:\Users\Pranjal Yallurkar\OneDrive\Desktop\PROJECT\Final\soil_photos-20251020T144319Z-1-001\soil_photos\test\Black Soil\Black_24.jpg,Reddish,7.0–8.5,25–38,50–70,250–400,30–50,400–600,"Cotton, Soybean, Sunflower, Jowar, Wheat","Superphosphate, Organic Manure, Compost, Urea, Biofertilizer","cotton, soybean","Wheat, Gram, Jowar, Mustard, Barley",Winter,28.07,44,haze,250.0,400.0,30.0,50.0,400.0,600.0,7.0,8.5
test,Black soil,C:\Users\Pranjal Yallurkar\OneDrive\Desktop\PROJECT\Final\soil_photos-20251020T144319Z-1-001\soil_photos\test\Black Soil\Black_25.jpg,Bluish,7.0–8.5,25–38,50–70,250–400,30–50,400–600,"Cotton, Soybean, Sunflower, Jowar, Wheat","Superphosphate, Organic Manure, Compost, Urea, Ammonium Sulphate","cotton, soybean","Wheat, Gram, Jowar, Mustard, Barley",Winter,28.07,44,haze,250.0,400.0,30.0,50.0,400.0,600.0,7.0,8.5
test,Black soil,C:\Users\Pranjal Yallurkar\OneDrive\Desktop\PROJECT\Final\soil_photos-20251020T144319Z-1-001\soil_photos\test\Black Soil\Black_26.jpg,Reddish,7.0–8.5,25–38,50–70,250–400,30–50,400–600,"Cotton, Soybean, Sunflower, Jowar, Wheat","Superphosphate, Organic Manure, Compost, Urea, Biofertilizer","cotton, soybean","Wheat, Gram, Jowar, Mustard, Barley",Winter,28.07,44,haze,250.0,400.0,30.0,50.0,400.0,600.0,7.0,8.5
test,Black soil,C:\Users\Pranjal Yallurkar\OneDrive\Desktop\PROJECT\Final\soil_photos-20251020T144319Z-1-001\soil_photos\test\Black Soil\Black_27.jpg,Bluish,7.0–8.5,25–38,50–70,250–400,30–50,400–600,"Cotton, Soybean, Sunflower, Jowar, Wheat","Superphosphate, Organic Manure, Compost, Urea, Ammonium Sulphate","cotton, soybean","Wheat, Gram, Jowar, Mustard, Barley",Winter,28.07,44,haze,250.0,400.0,30.0,50.0,400.0,600.0,7.0,8.5
test,Black soil,C:\Users\Pranjal Yallurkar\OneDrive\Desktop\PROJECT\Final\soil_photos-20251020T144319Z-1-001\soil_photos\test\Black Soil\Black_28.jpg,Reddish,7.0–8.5,25–38,50–70,250–400,30–50,400–600,"Cotton, Soybean, Sunflower, Jowar, Wheat","Superphosphate, Organic Manure, Compost, Urea, Biofertilizer","cotton, soybean","Wheat, Gram, Jowar, Mustard, Barley",Winter,28.07,44,haze,250.0,400.0,30.0,50.0,400.0,600.0,7.0,8.5
test,Black soil,C:\Users\Pranjal Yallurkar\OneDrive\Desktop\PROJECT\Final\soil_photos-20251020T144319Z-1-001\soil_photos\test\Black Soil\Black_29.jpg,Reddish,7.0–8.5,25–38,50–70,250–400,30–50,400–600,"Cotton, Soybean, Sunflower, Jowar, Wheat","Superphosphate, Organic Manure, Compost, Urea, Biofertilizer","cotton, soybean","Wheat, Gram, Jowar, Mustard, Barley",Winter,28.07,44,haze,250.0,400.0,30.0,50.0,400.0,600.0,7.0,8.5
test,Black soil,C:\Users\Pranjal Yallurkar\OneDrive\Desktop\PROJECT\Final\soil_photos-20251020T144319Z-1-001\soil_photos\test\Black Soil\Black_3.jpg,Reddish,7.0–8.5,25–38,50–70,250–400,30–50,400–600,"Cotton, Soybean, Sunflower, Jowar, Wheat","Superphosphate, Organic Manure, Compost, Urea, Biofertilizer","cotton, soybean","Wheat, Gram, Jowar, Mustard, Barley",Winter,28.07,44,haze,250.0,400.0,30.0,50.0,400.0,600.0,7.0,8.5
test,Black soil,C:\Users\Pranjal Yallurkar\OneDrive\Desktop\PROJECT\Final\soil_photos-20251020T144319Z-1-001\soil_photos\test\Black Soil\Black_30.jpg,Reddish,7.0–8.5,25–38,50–70,250–400,30–50,400–600,"Cotton, Soybean, Sunflower, Jowar, Wheat","Superphosphate, Organic Manure, Compost, Urea, Biofertilizer","cotton, soybean","Wheat, Gram, Jowar, Mustard, Barley",Winter,28.07,44,haze,250.0,400.0,30.0,50.0,400.0,600.0,7.0,8.5
test,Black soil,C:\Users\Pranjal Yallurkar\OneDrive\Desktop\PROJECT\Final\soil_photos-20251020T144319Z-1-001\soil_photos\test\Black Soil\Black_31.jpg,Reddish,7.0–8.5,25–38,50–70,250–400,30–50,400–600,"Cotton, Soybean, Sunflower, Jowar, Wheat","Superphosphate, Organic Manure, Compost, Urea, Biofertilizer","cotton, soybean","Wheat, Gram, Jowar, Mustard, Barley",Winter,28.07,44,haze,250.0,400.0,30.0,50.0,400.0,600.0,7.0,8.5
test,Black soil,C:\Users\Pranjal Yallurkar\OneDrive\Desktop\PROJECT\Final\soil_photos-20251020T144319Z-1-001\soil_photos\test\Black Soil\Black_32.jpg,Brownish,7.0–8.5,25–38,50–70,250–400,30–50,400–600,"Cotton, Soybean, Sunflower, Jowar, Wheat","Superphosphate, Organic Manure, Compost, NPK, Urea","cotton, soybean","Wheat, Gram, Jowar, Mustard, Barley",Winter,28.07,44,haze,250.0,400.0,30.0,50.0,400.0,600.0,7.0,8.5
test,Black soil,C:\Users\Pranjal Yallurkar\OneDrive\Desktop\PROJECT\Final\soil_photos-20251020T144319Z-1-001\soil_photos\test\Black Soil\Black_33.jpg,Reddish,7.0–8.5,25–38,50–70,250–400,30–50,400–600,"Cotton, Soybean, Sunflower, Jowar, Wheat","Superphosphate, Organic Manure, Compost, Urea, Biofertilizer","cotton, soybean","Wheat, Gram, Jowar, Mustard, Barley",Winter,28.07,44,haze,250.0,400.0,30.0,50.0,400.0,600.0,7.0,8.5
test,Black soil,C:\Users\Pranjal Yallurkar\OneDrive\Desktop\PROJECT\Final\soil_photos-20251020T144319Z-1-001\soil_photos\test\Black Soil\Black_34.jpg,Reddish,7.0–8.5,25–38,50–70,250–400,30–50,400–600,"Cotton, Soybean, Sunflower, Jowar, Wheat","Superphosphate, Organic Manure, Compost, Urea, Biofertilizer","cotton, soybean","Wheat, Gram, Jowar, Mustard, Barley",Winter,28.07,44,haze,250.0,400.0,30.0,50.0,400.0,600.0,7.0,8.5
test,Black soil,C:\Users\Pranjal Yallurkar\OneDrive\Desktop\PROJECT\Final\soil_photos-20251020T144319Z-1-001\soil_photos\test\Black Soil\Black_35.jpg,Reddish,7.0–8.5,25–38,50–70,250–400,30–50,400–600,"Cotton, Soybean, Sunflower, Jowar, Wheat","Superphosphate, Organic Manure, Compost, Urea, Biofertilizer","cotton, soybean","Wheat, Gram, Jowar, Mustard, Barley",Winter,28.07,44,haze,250.0,400.0,30.0,50.0,400.0,600.0,7.0,8.5
test,Black soil,C:\Users\Pranjal Yallurkar\OneDrive\Desktop\PROJECT\Final\soil_photos-20251020T144319Z-1-001\soil_photos\test\Black Soil\Black_36.jpg,Reddish,7.0–8.5,25–38,50–70,250–400,30–50,400–600,"Cotton, Soybean, Sunflower, Jowar, Wheat","Superphosphate, Organic Manure, Compost, Urea, Biofertilizer","cotton, soybean","Wheat, Gram, Jowar, Mustard, Barley",Winter,28.07,44,haze,250.0,400.0,30.0,50.0,400.0,600.0,7.0,8.5
test,Black soil,C:\Users\Pranjal Yallurkar\OneDrive\Desktop\PROJECT\Final\soil_photos-20251020T144319Z-1-001\soil_photos\test\Black Soil\Black_37.jpg,Reddish,7.0–8.5,25–38,50–70,250–400,30–50,400–600,"Cotton, Soybean, Sunflower, Jowar, Wheat","Superphosphate, Organic Manure, Compost, Urea, Biofertilizer","cotton, soybean","Wheat, Gram, Jowar, Mustard, Barley",Winter,28.07,44,haze,250.0,400.0,30.0,50.0,400.0,600.0,7.0,8.5
test,Black soil,C:\Users\Pranjal Yallurkar\OneDrive\Desktop\PROJECT\Final\soil_photos-20251020T144319Z-1-001\soil_photos\test\Black Soil\Black_38.jpg,Reddish,7.0–8.5,25–38,50–70,250–400,30–50,400–600,"Cotton, Soybean, Sunflower, Jowar, Wheat","Superphosphate, Organic Manure, Compost, Urea, Biofertilizer","cotton, soybean","Wheat, Gram, Jowar, Mustard, Barley",Winter,28.07,44,haze,250.0,400.0,30.0,50.0,400.0,600.0,7.0,8.5
test,Black soil,C:\Users\Pranjal Yallurkar\OneDrive\Desktop\PROJECT\Final\soil_photos-20251020T144319Z-1-001\soil_photos\test\Black Soil\Black_39.jpg,Reddish,7.0–8.5,25–38,50–70,250–400,30–50,400–600,"Cotton, Soybean, Sunflower, Jowar, Wheat","Superphosphate, Organic Manure, Compost, Urea, Biofertilizer","cotton, soybean","Wheat, Gram, Jowar, Mustard, Barley",Winter,28.07,44,haze,250.0,400.0,30.0,50.0,400.0,600.0,7.0,8.5
test,Black soil,C:\Users\Pranjal Yallurkar\OneDrive\Desktop\PROJECT\Final\soil_photos-20251020T144319Z-1-001\soil_photos\test\Black Soil\Black_4.jpg,Bluish,7.0–8.5,25–38,50–70,250–400,30–50,400–600,"Cotton, Soybean, Sunflower, Jowar, Wheat","Superphosphate, Organic Manure, Compost, Urea, Ammonium Sulphate","cotton, soybean","Wheat, Gram, Jowar, Mustard, Barley",Winter,28.07,44,haze,250.0,400.0,30.0,50.0,400.0,600.0,7.0,8.5
test,Black soil,C:\Users\Pranjal Yallurkar\OneDrive\Desktop\PROJECT\Final\soil_photos-20251020T144319Z-1-001\soil_photos\test\Black Soil\Black_40.jpg,Reddish,7.0–8.5,25–38,50–70,250–400,30–50,400–600,"Cotton, Soybean, Sunflower, Jowar, Wheat","Superphosphate, Organic Manure, Compost, Urea, Biofertilizer","cotton, soybean","Wheat, Gram, Jowar, Mustard, Barley",Winter,28.07,44,haze,250.0,400.0,30.0,50.0,400.0,600.0,7.0,8.5
test,Black soil,C:\Users\Pranjal Yallurkar\OneDrive\Desktop\PROJECT\Final\soil_photos-20251020T144319Z-1-001\soil_photos\test\Black Soil\Black_41.jpg,Reddish,7.0–8.5,25–38,50–70,250–400,30–50,400–600,"Cotton, Soybean, Sunflower, Jowar, Wheat","Superphosphate, Organic Manure, Compost, Urea, Biofertilizer","cotton, soybean","Wheat, Gram, Jowar, Mustard, Barley",Winter,28.07,44,haze,250.0,400.0,30.0,50.0,400.0,600.0,7.0,8.5
test,Black soil,C:\Users\Pranjal Yallurkar\OneDrive\Desktop\PROJECT\Final\soil_photos-20251020T144319Z-1-001\soil_photos\test\Black Soil\Black_42.jpg,Reddish,7.0–8.5,25–38,50–70,250–400,30–50,400–600,"Cotton, Soybean, Sunflower, Jowar, Wheat","Superphosphate, Organic Manure, Compost, Urea, Biofertilizer","cotton, soybean","Wheat, Gram, Jowar, Mustard, Barley",Winter,28.07,44,haze,250.0,400.0,30.0,50.0,400.0,600.0,7.0,8.5
test,Black soil,C:\Users\Pranjal Yallurkar\OneDrive\Desktop\PROJECT\Final\soil_photos-20251020T144319Z-1-001\soil_photos\test\Black Soil\Black_43.jpg,Reddish,7.0–8.5,25–38,50–70,250–400,30–50,400–600,"Cotton, Soybean, Sunflower, Jowar, Wheat","Superphosphate, Organic Manure, Compost, Urea, Biofertilizer","cotton, soybean","Wheat, Gram, Jowar, Mustard, Barley",Winter,28.07,44,haze,250.0,400.0,30.0,50.0,400.0,600.0,7.0,8.5
test,Black soil,C:\Users\Pranjal Yallurkar\OneDrive\Desktop\PROJECT\Final\soil_photos-20251020T144319Z-1-001\soil_photos\test\Black Soil\Black_44.jpg,Reddish,7.0–8.5,25–38,50–70,250–400,30–50,400–600,"Cotton, Soybean, Sunflower, Jowar, Wheat","Superphosphate, Organic Manure, Compost, Urea, Biofertilizer","cotton, soybean","Wheat, Gram, Jowar, Mustard, Barley",Winter,28.07,44,haze,250.0,400.0,30.0,50.0,400.0,600.0,7.0,8.5
test,Black soil,C:\Users\Pranjal Yallurkar\OneDrive\Desktop\PROJECT\Final\soil_photos-20251020T144319Z-1-001\soil_photos\test\Black Soil\Black_45.jpg,Reddish,7.0–8.5,25–38,50–70,250–400,30–50,400–600,"Cotton, Soybean, Sunflower, Jowar, Wheat","Superphosphate, Organic Manure, Compost, Urea, Biofertilizer","cotton, soybean","Wheat, Gram, Jowar, Mustard, Barley",Winter,28.07,44,haze,250.0,400.0,30.0,50.0,400.0,600.0,7.0,8.5
test,Black soil,C:\Users\Pranjal Yallurkar\OneDrive\Desktop\PROJECT\Final\soil_photos-20251020T144319Z-1-001\soil_photos\test\Black Soil\Black_46.jpg,Bluish,7.0–8.5,25–38,50–70,250–400,30–50,400–600,"Cotton, Soybean, Sunflower, Jowar, Wheat","Superphosphate, Organic Manure, Compost, Urea, Ammonium Sulphate","cotton, soybean","Wheat, Gram, Jowar, Mustard, Barley",Winter,28.07,44,haze,250.0,400.0,30.0,50.0,400.0,600.0,7.0,8.5
test,Black soil,C:\Users\Pranjal Yallurkar\OneDrive\Desktop\PROJECT\Final\soil_photos-20251020T144319Z-1-001\soil_photos\test\Black Soil\Black_47.jpg,Greenish,7.0–8.5,25–38,50–70,250–400,30–50,400–600,"Cotton, Soybean, Sunflower, Jowar, Wheat","DAP, Superphosphate, Organic Manure, Compost, Urea","cotton, soybean","Wheat, Gram, Jowar, Mustard, Barley",Winter,28.07,44,haze,250.0,400.0,30.0,50.0,400.0,600.0,7.0,8.5
test,Black soil,C:\Users\Pranjal Yallurkar\OneDrive\Desktop\PROJECT\Final\soil_photos-20251020T144319Z-1-001\soil_photos\test\Black Soil\Black_5.jpg,Reddish,7.0–8.5,25–38,50–70,250–400,30–50,400–600,"Cotton, Soybean, Sunflower, Jowar, Wheat","Superphosphate, Organic Manure, Compost, Urea, Biofertilizer","cotton, soybean","Wheat, Gram, Jowar, Mustard, Barley",Winter,28.07,44,haze,250.0,400.0,30.0,50.0,400.0,600.0,7.0,8.5
test,Black soil,C:\Users\Pranjal Yallurkar\OneDrive\Desktop\PROJECT\Final\soil_photos-20251020T144319Z-1-001\soil_photos\test\Black Soil\Black_6.jpg,Reddish,7.0–8.5,25–38,50–70,250–400,30–50,400–600,"Cotton, Soybean, Sunflower, Jowar, Wheat","Superphosphate, Organic Manure, Compost, Urea, Biofertilizer","cotton, soybean","Wheat, Gram, Jowar, Mustard, Barley",Winter,28.07,44,haze,250.0,400.0,30.0,50.0,400.0,600.0,7.0,8.5
test,Black soil,C:\Users\Pranjal Yallurkar\OneDrive\Desktop\PROJECT\Final\soil_photos-20251020T144319Z-1-001\soil_photos\test\Black Soil\Black_7.jpg,Reddish,7.0–8.5,25–38,50–70,250–400,30–50,400–600,"Cotton, Soybean, Sunflower, Jowar, Wheat","Superphosphate, Organic Manure, Compost, Urea, Biofertilizer","cotton, soybean","Wheat, Gram, Jowar, Mustard, Barley",Winter,28.07,44,haze,250.0,400.0,30.0,50.0,400.0,600.0,7.0,8.5
test,Black soil,C:\Users\Pranjal Yallurkar\OneDrive\Desktop\PROJECT\Final\soil_photos-20251020T144319Z-1-001\soil_photos\test\Black Soil\Black_8.jpg,Reddish,7.0–8.5,25–38,50–70,250–400,30–50,400–600,"Cotton, Soybean, Sunflower, Jowar, Wheat","Superphosphate, Organic Manure, Compost, Urea, Biofertilizer","cotton, soybean","Wheat, Gram, Jowar, Mustard, Barley",Winter,28.07,44,haze,250.0,400.0,30.0,50.0,400.0,600.0,7.0,8.5
test,Black soil,C:\Users\Pranjal Yallurkar\OneDrive\Desktop\PROJECT\Final\soil_photos-20251020T144319Z-1-001\soil_photos\test\Black Soil\Black_9.jpg,Reddish,7.0–8.5,25–38,50–70,250–400,30–50,400–600,"Cotton, Soybean, Sunflower, Jowar, Wheat","Superphosphate, Organic Manure, Compost, Urea, Biofertilizer","cotton, soybean","Wheat, Gram, Jowar, Mustard, Barley",Winter,28.07,44,haze,250.0,400.0,30.0,50.0,400.0,600.0,7.0,8.5
test,Black soil,C:\Users\Pranjal Yallurkar\OneDrive\Desktop\PROJECT\Final\soil_photos-20251020T144319Z-1-001\soil_photos\test\Black Soil\Copy of Copy of images435(1).jpg,Reddish,7.0–8.5,25–38,50–70,250–400,30–50,400–600,"Cotton, Soybean, Sunflower, Jowar, Wheat","Superphosphate, Organic Manure, Compost, Urea, Biofertilizer","cotton, soybean","Wheat, Gram, Jowar, Mustard, Barley",Winter,28.07,44,haze,250.0,400.0,30.0,50.0,400.0,600.0,7.0,8.5
test,Black soil,C:\Users\Pranjal Yallurkar\OneDrive\Desktop\PROJECT\Final\soil_photos-20251020T144319Z-1-001\soil_photos\test\Black Soil\Copy of Copy of images436.jpg,Reddish,7.0–8.5,25–38,50–70,250–400,30–50,400–600,"Cotton, Soybean, Sunflower, Jowar, Wheat","Superphosphate, Organic Manure, Compost, Urea, Biofertilizer","cotton, soybean","Wheat, Gram, Jowar, Mustard, Barley",Winter,28.07,44,haze,250.0,400.0,30.0,50.0,400.0,600.0,7.0,8.5
test,Black soil,C:\Users\Pranjal Yallurkar\OneDrive\Desktop\PROJECT\Final\soil_photos-20251020T144319Z-1-001\soil_photos\test\Black Soil\Copy of images267(1).jpg,Reddish,7.0–8.5,25–38,50–70,250–400,30–50,400–600,"Cotton, Soybean, Sunflower, Jowar, Wheat","Superphosphate, Organic Manure, Compost, Urea, Biofertilizer","cotton, soybean","Wheat, Gram, Jowar, Mustard, Barley",Winter,28.07,44,haze,250.0,400.0,30.0,50.0,400.0,600.0,7.0,8.5
test,Black soil,C:\Users\Pranjal Yallurkar\OneDrive\Desktop\PROJECT\Final\soil_photos-20251020T144319Z-1-001\soil_photos\test\Black Soil\Copy of images337(1).jpg,Reddish,7.0–8.5,25–38,50–70,250–400,30–50,400–600,"Cotton, Soybean, Sunflower, Jowar, Wheat","Superphosphate, Organic Manure, Compost, Urea, Biofertilizer","cotton, soybean","Wheat, Gram, Jowar, Mustard, Barley",Winter,28.07,44,haze,250.0,400.0,30.0,50.0,400.0,600.0,7.0,8.5
test,Black soil,C:\Users\Pranjal Yallurkar\OneDrive\Desktop\PROJECT\Final\soil_photos-20251020T144319Z-1-001\soil_photos\test\Black Soil\Copy of images347(1).jpg,Reddish,7.0–8.5,25–38,50–70,250–400,30–50,400–600,"Cotton, Soybean, Sunflower, Jowar, Wheat","Superphosphate, Organic Manure, Compost, Urea, Biofertilizer","cotton, soybean","Wheat, Gram, Jowar, Mustard, Barley",Winter,28.07,44,haze,250.0,400.0,30.0,50.0,400.0,600.0,7.0,8.5
test,Black soil,C:\Users\Pranjal Yallurkar\OneDrive\Desktop\PROJECT\Final\soil_photos-20251020T144319Z-1-001\soil_photos\test\Black Soil\Copy of images347.jpg,Reddish,7.0–8.5,25–38,50–70,250–400,30–50,400–600,"Cotton, Soybean, Sunflower, Jowar, Wheat","Superphosphate, Organic Manure, Compost, Urea, Biofertilizer","cotton, soybean","Wheat, Gram, Jowar, Mustard, Barley",Winter,28.07,44,haze,250.0,400.0,30.0,50.0,400.0,600.0,7.0,8.5
test,Black soil,C:\Users\Pranjal Yallurkar\OneDrive\Desktop\PROJECT\Final\soil_photos-20251020T144319Z-1-001\soil_photos\test\Black Soil\Copy of images350.jpg,Bluish,7.0–8.5,25–38,50–70,250–400,30–50,400–600,"Cotton, Soybean, Sunflower, Jowar, Wheat","Superphosphate, Organic Manure, Compost, Urea, Ammonium Sulphate","cotton, soybean","Wheat, Gram, Jowar, Mustard, Barley",Winter,28.07,44,haze,250.0,400.0,30.0,50.0,400.0,600.0,7.0,8.5
test,Black soil,C:\Users\Pranjal Yallurkar\OneDrive\Desktop\PROJECT\Final\soil_photos-20251020T144319Z-1-001\soil_photos\test\Black Soil\Copy of images375(1).jpg,Reddish,7.0–8.5,25–38,50–70,250–400,30–50,400–600,"Cotton, Soybean, Sunflower, Jowar, Wheat","Superphosphate, Organic Manure, Compost, Urea, Biofertilizer","cotton, soybean","Wheat, Gram, Jowar, Mustard, Barley",Winter,28.07,44,haze,250.0,400.0,30.0,50.0,400.0,600.0,7.0,8.5
test,Black soil,C:\Users\Pranjal Yallurkar\OneDrive\Desktop\PROJECT\Final\soil_photos-20251020T144319Z-1-001\soil_photos\test\Black Soil\Copy of images391.jpg,Reddish,7.0–8.5,25–38,50–70,250–400,30–50,400–600,"Cotton, Soybean, Sunflower, Jowar, Wheat","Superphosphate, Organic Manure, Compost, Urea, Biofertilizer","cotton, soybean","Wheat, Gram, Jowar, Mustard, Barley",Winter,28.07,44,haze,250.0,400.0,30.0,50.0,400.0,600.0,7.0,8.5
test,Black soil,C:\Users\Pranjal Yallurkar\OneDrive\Desktop\PROJECT\Final\soil_photos-20251020T144319Z-1-001\soil_photos\test\Black Soil\Copy of images394(1).jpg,Reddish,7.0–8.5,25–38,50–70,250–400,30–50,400–600,"Cotton, Soybean, Sunflower, Jowar, Wheat","Superphosphate, Organic Manure, Compost, Urea, Biofertilizer","cotton, soybean","Wheat, Gram, Jowar, Mustard, Barley",Winter,28.07,44,haze,250.0,400.0,30.0,50.0,400.0,600.0,7.0,8.5
test,Black soil,C:\Users\Pranjal Yallurkar\OneDrive\Desktop\PROJECT\Final\soil_photos-20251020T144319Z-1-001\soil_photos\test\Black Soil\Copy of images394.jpg,Reddish,7.0–8.5,25–38,50–70,250–400,30–50,400–600,"Cotton, Soybean, Sunflower, Jowar, Wheat","Superphosphate, Organic Manure, Compost, Urea, Biofertilizer","cotton, soybean","Wheat, Gram, Jowar, Mustard, Barley",Winter,28.07,44,haze,250.0,400.0,30.0,50.0,400.0,600.0,7.0,8.5
test,Black soil,C:\Users\Pranjal Yallurkar\OneDrive\Desktop\PROJECT\Final\soil_photos-20251020T144319Z-1-001\soil_photos\test\Black Soil\Copy of images395(1).jpg,Reddish,7.0–8.5,25–38,50–70,250–400,30–50,400–600,"Cotton, Soybean, Sunflower, Jowar, Wheat","Superphosphate, Organic Manure, Compost, Urea, Biofertilizer","cotton, soybean","Wheat, Gram, Jowar, Mustard, Barley",Winter,28.07,44,haze,250.0,400.0,30.0,50.0,400.0,600.0,7.0,8.5
test,Black soil,C:\Users\Pranjal Yallurkar\OneDrive\Desktop\PROJECT\Final\soil_photos-20251020T144319Z-1-001\soil_photos\test\Black Soil\Copy of images397(1).jpg,Reddish,7.0–8.5,25–38,50–70,250–400,30–50,400–600,"Cotton, Soybean, Sunflower, Jowar, Wheat","Superphosphate, Organic Manure, Compost, Urea, Biofertilizer","cotton, soybean","Wheat, Gram, Jowar, Mustard, Barley",Winter,28.07,44,haze,250.0,400.0,30.0,50.0,400.0,600.0,7.0,8.5
test,Black soil,C:\Users\Pranjal Yallurkar\OneDrive\Desktop\PROJECT\Final\soil_photos-20251020T144319Z-1-001\soil_photos\test\Black Soil\Copy of images398(1).jpg,Reddish,7.0–8.5,25–38,50–70,250–400,30–50,400–600,"Cotton, Soybean, Sunflower, Jowar, Wheat","Superphosphate, Organic Manure, Compost, Urea, Biofertilizer","cotton, soybean","Wheat, Gram, Jowar, Mustard, Barley",Winter,28.07,44,haze,250.0,400.0,30.0,50.0,400.0,600.0,7.0,8.5
test,Black soil,C:\Users\Pranjal Yallurkar\OneDrive\Desktop\PROJECT\Final\soil_photos-20251020T144319Z-1-001\soil_photos\test\Black Soil\Copy of images398.jpg,Reddish,7.0–8.5,25–38,50–70,250–400,30–50,400–600,"Cotton, Soybean, Sunflower, Jowar, Wheat","Superphosphate, Organic Manure, Compost, Urea, Biofertilizer","cotton, soybean","Wheat, Gram, Jowar, Mustard, Barley",Winter,28.07,44,haze,250.0,400.0,30.0,50.0,400.0,600.0,7.0,8.5
test,Black soil,C:\Users\Pranjal Yallurkar\OneDrive\Desktop\PROJECT\Final\soil_photos-20251020T144319Z-1-001\soil_photos\test\Black Soil\Copy of images399.jpg,Reddish,7.0–8.5,25–38,50–70,250–400,30–50,400–600,"Cotton, Soybean, Sunflower, Jowar, Wheat","Superphosphate, Organic Manure, Compost, Urea, Biofertilizer","cotton, soybean","Wheat, Gram, Jowar, Mustard, Barley",Winter,28.07,44,haze,250.0,400.0,30.0,50.0,400.0,600.0,7.0,8.5
test,Black soil,C:\Users\Pranjal Yallurkar\OneDrive\Desktop\PROJECT\Final\soil_photos-20251020T144319Z-1-001\soil_photos\test\Black Soil\Copy of images410(1).jpg,Reddish,7.0–8.5,25–38,50–70,250–400,30–50,400–600,"Cotton, Soybean, Sunflower, Jowar, Wheat","Superphosphate, Organic Manure, Compost, Urea, Biofertilizer","cotton, soybean","Wheat, Gram, Jowar, Mustard, Barley",Winter,28.07,44,haze,250.0,400.0,30.0,50.0,400.0,600.0,7.0,8.5
test,Black soil,C:\Users\Pranjal Yallurkar\OneDrive\Desktop\PROJECT\Final\soil_photos-20251020T144319Z-1-001\soil_photos\test\Black Soil\Copy of images413(1).jpg,Reddish,7.0–8.5,25–38,50–70,250–400,30–50,400–600,"Cotton, Soybean, Sunflower, Jowar, Wheat","Superphosphate, Organic Manure, Compost, Urea, Biofertilizer","cotton, soybean","Wheat, Gram, Jowar, Mustard, Barley",Winter,28.07,44,haze,250.0,400.0,30.0,50.0,400.0,600.0,7.0,8.5
test,Black soil,C:\Users\Pranjal Yallurkar\OneDrive\Desktop\PROJECT\Final\soil_photos-20251020T144319Z-1-001\soil_photos\test\Black Soil\Copy of images414(1).jpg,Reddish,7.0–8.5,25–38,50–70,250–400,30–50,400–600,"Cotton, Soybean, Sunflower, Jowar, Wheat","Superphosphate, Organic Manure, Compost, Urea, Biofertilizer","cotton, soybean","Wheat, Gram, Jowar, Mustard, Barley",Winter,28.07,44,haze,250.0,400.0,30.0,50.0,400.0,600.0,7.0,8.5
test,Black soil,C:\Users\Pranjal Yallurkar\OneDrive\Desktop\PROJECT\Final\soil_photos-20251020T144319Z-1-001\soil_photos\test\Black Soil\Copy of images414.jpg,Reddish,7.0–8.5,25–38,50–70,250–400,30–50,400–600,"Cotton, Soybean, Sunflower, Jowar, Wheat","Superphosphate, Organic Manure, Compost, Urea, Biofertilizer","cotton, soybean","Wheat, Gram, Jowar, Mustard, Barley",Winter,28.07,44,haze,250.0,400.0,30.0,50.0,400.0,600.0,7.0,8.5
test,Black soil,C:\Users\Pranjal Yallurkar\OneDrive\Desktop\PROJECT\Final\soil_photos-20251020T144319Z-1-001\soil_photos\test\Black Soil\Copy of images425(1).jpg,Reddish,7.0–8.5,25–38,50–70,250–400,30–50,400–600,"Cotton, Soybean, Sunflower, Jowar, Wheat","Superphosphate, Organic Manure, Compost, Urea, Biofertilizer","cotton, soybean","Wheat, Gram, Jowar, Mustard, Barley",Winter,28.07,44,haze,250.0,400.0,30.0,50.0,400.0,600.0,7.0,8.5
test,Black soil,C:\Users\Pranjal Yallurkar\OneDrive\Desktop\PROJECT\Final\soil_photos-20251020T144319Z-1-001\soil_photos\test\Black Soil\Copy of images425.jpg,Reddish,7.0–8.5,25–38,50–70,250–400,30–50,400–600,"Cotton, Soybean, Sunflower, Jowar, Wheat","Superphosphate, Organic Manure, Compost, Urea, Biofertilizer","cotton, soybean","Wheat, Gram, Jowar, Mustard, Barley",Winter,28.07,44,haze,250.0,400.0,30.0,50.0,400.0,600.0,7.0,8.5
test,Black soil,C:\Users\Pranjal Yallurkar\OneDrive\Desktop\PROJECT\Final\soil_photos-20251020T144319Z-1-001\soil_photos\test\Black Soil\Copy of images427(1).jpg,Reddish,7.0–8.5,25–38,50–70,250–400,30–50,400–600,"Cotton, Soybean, Sunflower, Jowar, Wheat","Superphosphate, Organic Manure, Compost, Urea, Biofertilizer","cotton, soybean","Wheat, Gram, Jowar, Mustard, Barley",Winter,28.07,44,haze,250.0,400.0,30.0,50.0,400.0,600.0,7.0,8.5
test,Black soil,C:\Users\Pranjal Yallurkar\OneDrive\Desktop\PROJECT\Final\soil_photos-20251020T144319Z-1-001\soil_photos\test\Black Soil\Copy of images427.jpg,Reddish,7.0–8.5,25–38,50–70,250–400,30–50,400–600,"Cotton, Soybean, Sunflower, Jowar, Wheat","Superphosphate, Organic Manure, Compost, Urea, Biofertilizer","cotton, soybean","Wheat, Gram, Jowar, Mustard, Barley",Winter,28.07,44,haze,250.0,400.0,30.0,50.0,400.0,600.0,7.0,8.5
test,Black soil,C:\Users\Pranjal Yallurkar\OneDrive\Desktop\PROJECT\Final\soil_photos-20251020T144319Z-1-001\soil_photos\test\Black Soil\Copy of images428(1).jpg,Reddish,7.0–8.5,25–38,50–70,250–400,30–50,400–600,"Cotton, Soybean, Sunflower, Jowar, Wheat","Superphosphate, Organic Manure, Compost, Urea, Biofertilizer","cotton, soybean","Wheat, Gram, Jowar, Mustard, Barley",Winter,28.07,44,haze,250.0,400.0,30.0,50.0,400.0,600.0,7.0,8.5
test,Black soil,C:\Users\Pranjal Yallurkar\OneDrive\Desktop\PROJECT\Final\soil_photos-20251020T144319Z-1-001\soil_photos\test\Black Soil\Copy of images428.jpg,Reddish,7.0–8.5,25–38,50–70,250–400,30–50,400–600,"Cotton, Soybean, Sunflower, Jowar, Wheat","Superphosphate, Organic Manure, Compost, Urea, Biofertilizer","cotton, soybean","Wheat, Gram, Jowar, Mustard, Barley",Winter,28.07,44,haze,250.0,400.0,30.0,50.0,400.0,600.0,7.0,8.5
test,Black soil,C:\Users\Pranjal Yallurkar\OneDrive\Desktop\PROJECT\Final\soil_photos-20251020T144319Z-1-001\soil_photos\test\Black Soil\Copy of images429(1).jpg,Reddish,7.0–8.5,25–38,50–70,250–400,30–50,400–600,"Cotton, Soybean, Sunflower, Jowar, Wheat","Superphosphate, Organic Manure, Compost, Urea, Biofertilizer","cotton, soybean","Wheat, Gram, Jowar, Mustard, Barley",Winter,28.07,44,haze,250.0,400.0,30.0,50.0,400.0,600.0,7.0,8.5
test,Black soil,C:\Users\Pranjal Yallurkar\OneDrive\Desktop\PROJECT\Final\soil_photos-20251020T144319Z-1-001\soil_photos\test\Black Soil\Copy of images429.jpg,Reddish,7.0–8.5,25–38,50–70,250–400,30–50,400–600,"Cotton, Soybean, Sunflower, Jowar, Wheat","Superphosphate, Organic Manure, Compost, Urea, Biofertilizer","cotton, soybean","Wheat, Gram, Jowar, Mustard, Barley",Winter,28.07,44,haze,250.0,400.0,30.0,50.0,400.0,600.0,7.0,8.5
test,Black soil,C:\Users\Pranjal Yallurkar\OneDrive\Desktop\PROJECT\Final\soil_photos-20251020T144319Z-1-001\soil_photos\test\Black Soil\Copy of images430.jpg,Reddish,7.0–8.5,25–38,50–70,250–400,30–50,400–600,"Cotton, Soybean, Sunflower, Jowar, Wheat","Superphosphate, Organic Manure, Compost, Urea, Biofertilizer","cotton, soybean","Wheat, Gram, Jowar, Mustard, Barley",Winter,28.07,44,haze,250.0,400.0,30.0,50.0,400.0,600.0,7.0,8.5
test,Black soil,C:\Users\Pranjal Yallurkar\OneDrive\Desktop\PROJECT\Final\soil_photos-20251020T144319Z-1-001\soil_photos\test\Black Soil\Copy of images431(1).jpg,Reddish,7.0–8.5,25–38,50–70,250–400,30–50,400–600,"Cotton, Soybean, Sunflower, Jowar, Wheat","Superphosphate, Organic Manure, Compost, Urea, Biofertilizer","cotton, soybean","Wheat, Gram, Jowar, Mustard, Barley",Winter,28.07,44,haze,250.0,400.0,30.0,50.0,400.0,600.0,7.0,8.5
test,Black soil,C:\Users\Pranjal Yallurkar\OneDrive\Desktop\PROJECT\Final\soil_photos-20251020T144319Z-1-001\soil_photos\test\Black Soil\Copy of images431.jpg,Reddish,7.0–8.5,25–38,50–70,250–400,30–50,400–600,"Cotton, Soybean, Sunflower, Jowar, Wheat","Superphosphate, Organic Manure, Compost, Urea, Biofertilizer","cotton, soybean","Wheat, Gram, Jowar, Mustard, Barley",Winter,28.07,44,haze,250.0,400.0,30.0,50.0,400.0,600.0,7.0,8.5
test,Black soil,C:\Users\Pranjal Yallurkar\OneDrive\Desktop\PROJECT\Final\soil_photos-20251020T144319Z-1-001\soil_photos\test\Black Soil\Copy of images432(1).jpg,Reddish,7.0–8.5,25–38,50–70,250–400,30–50,400–600,"Cotton, Soybean, Sunflower, Jowar, Wheat","Superphosphate, Organic Manure, Compost, Urea, Biofertilizer","cotton, soybean","Wheat, Gram, Jowar, Mustard, Barley",Winter,28.07,44,haze,250.0,400.0,30.0,50.0,400.0,600.0,7.0,8.5
test,Black soil,C:\Users\Pranjal Yallurkar\OneDrive\Desktop\PROJECT\Final\soil_photos-20251020T144319Z-1-001\soil_photos\test\Black Soil\Copy of images432.jpg,Reddish,7.0–8.5,25–38,50–70,250–400,30–50,400–600,"Cotton, Soybean, Sunflower, Jowar, Wheat","Superphosphate, Organic Manure, Compost, Urea, Biofertilizer","cotton, soybean","Wheat, Gram, Jowar, Mustard, Barley",Winter,28.07,44,haze,250.0,400.0,30.0,50.0,400.0,600.0,7.0,8.5
test,Black soil,C:\Users\Pranjal Yallurkar\OneDrive\Desktop\PROJECT\Final\soil_photos-20251020T144319Z-1-001\soil_photos\test\Black Soil\Copy of images433.jpg,Reddish,7.0–8.5,25–38,50–70,250–400,30–50,400–600,"Cotton, Soybean, Sunflower, Jowar, Wheat","Superphosphate, Organic Manure, Compost, Urea, Biofertilizer","cotton, soybean","Wheat, Gram, Jowar, Mustard, Barley",Winter,28.07,44,haze,250.0,400.0,30.0,50.0,400.0,600.0,7.0,8.5
test,Black soil,C:\Users\Pranjal Yallurkar\OneDrive\Desktop\PROJECT\Final\soil_photos-20251020T144319Z-1-001\soil_photos\test\Black Soil\Copy of images434.jpg,Reddish,7.0–8.5,25–38,50–70,250–400,30–50,400–600,"Cotton, Soybean, Sunflower, Jowar, Wheat","Superphosphate, Organic Manure, Compost, Urea, Biofertilizer","cotton, soybean","Wheat, Gram, Jowar, Mustard, Barley",Winter,28.07,44,haze,250.0,400.0,30.0,50.0,400.0,600.0,7.0,8.5
test,Black soil,C:\Users\Pranjal Yallurkar\OneDrive\Desktop\PROJECT\Final\soil_photos-20251020T144319Z-1-001\soil_photos\test\Black Soil\Copy of images435(1).jpg,Reddish,7.0–8.5,25–38,50–70,250–400,30–50,400–600,"Cotton, Soybean, Sunflower, Jowar, Wheat","Superphosphate, Organic Manure, Compost, Urea, Biofertilizer","cotton, soybean","Wheat, Gram, Jowar, Mustard, Barley",Winter,28.07,44,haze,250.0,400.0,30.0,50.0,400.0,600.0,7.0,8.5
test,Black soil,C:\Users\Pranjal Yallurkar\OneDrive\Desktop\PROJECT\Final\soil_photos-20251020T144319Z-1-001\soil_photos\test\Black Soil\Copy of images435.jpg,Reddish,7.0–8.5,25–38,50–70,250–400,30–50,400–600,"Cotton, Soybean, Sunflower, Jowar, Wheat","Superphosphate, Organic Manure, Compost, Urea, Biofertilizer","cotton, soybean","Wheat, Gram, Jowar, Mustard, Barley",Winter,28.07,44,haze,250.0,400.0,30.0,50.0,400.0,600.0,7.0,8.5
test,Black soil,C:\Users\Pranjal Yallurkar\OneDrive\Desktop\PROJECT\Final\soil_photos-20251020T144319Z-1-001\soil_photos\test\Black Soil\Copy of images436(1).jpg,Reddish,7.0–8.5,25–38,50–70,250–400,30–50,400–600,"Cotton, Soybean, Sunflower, Jowar, Wheat","Superphosphate, Organic Manure, Compost, Urea, Biofertilizer","cotton, soybean","Wheat, Gram, Jowar, Mustard, Barley",Winter,28.07,44,haze,250.0,400.0,30.0,50.0,400.0,600.0,7.0,8.5
test,Black soil,C:\Users\Pranjal Yallurkar\OneDrive\Desktop\PROJECT\Final\soil_photos-20251020T144319Z-1-001\soil_photos\test\Black Soil\Copy of images436.jpg,Reddish,7.0–8.5,25–38,50–70,250–400,30–50,400–600,"Cotton, Soybean, Sunflower, Jowar, Wheat","Superphosphate, Organic Manure, Compost, Urea, Biofertilizer","cotton, soybean","Wheat, Gram, Jowar, Mustard, Barley",Winter,28.07,44,haze,250.0,400.0,30.0,50.0,400.0,600.0,7.0,8.5
test,Black soil,C:\Users\Pranjal Yallurkar\OneDrive\Desktop\PROJECT\Final\soil_photos-20251020T144319Z-1-001\soil_photos\test\Black Soil\Copy of images437(1).jpg,Reddish,7.0–8.5,25–38,50–70,250–400,30–50,400–600,"Cotton, Soybean, Sunflower, Jowar, Wheat","Superphosphate, Organic Manure, Compost, Urea, Biofertilizer","cotton, soybean","Wheat, Gram, Jowar, Mustard, Barley",Winter,28.07,44,haze,250.0,400.0,30.0,50.0,400.0,600.0,7.0,8.5
test,Black soil,C:\Users\Pranjal Yallurkar\OneDrive\Desktop\PROJECT\Final\soil_photos-20251020T144319Z-1-001\soil_photos\test\Black Soil\Copy of images437.jpg,Reddish,7.0–8.5,25–38,50–70,250–400,30–50,400–600,"Cotton, Soybean, Sunflower, Jowar, Wheat","Superphosphate, Organic Manure, Compost, Urea, Biofertilizer","cotton, soybean","Wheat, Gram, Jowar, Mustard, Barley",Winter,28.07,44,haze,250.0,400.0,30.0,50.0,400.0,600.0,7.0,8.5
test,Black soil,C:\Users\Pranjal Yallurkar\OneDrive\Desktop\PROJECT\Final\soil_photos-20251020T144319Z-1-001\soil_photos\test\Black Soil\Copy of indian-soils-6.jpg,Reddish,7.0–8.5,25–38,50–70,250–400,30–50,400–600,"Cotton, Soybean, Sunflower, Jowar, Wheat","Superphosphate, Organic Manure, Compost, Urea, Biofertilizer","cotton, soybean","Wheat, Gram, Jowar, Mustard, Barley",Winter,28.07,44,haze,250.0,400.0,30.0,50.0,400.0,600.0,7.0,8.5
test,Black soil,C:\Users\Pranjal Yallurkar\OneDrive\Desktop\PROJECT\Final\soil_photos-20251020T144319Z-1-001\soil_photos\test\Black Soil\Copy of kalimitti2.jpg,Bluish,7.0–8.5,25–38,50–70,250–400,30–50,400–600,"Cotton, Soybean, Sunflower, Jowar, Wheat","Superphosphate, Organic Manure, Compost, Urea, Ammonium Sulphate","cotton, soybean","Wheat, Gram, Jowar, Mustard, Barley",Winter,28.07,44,haze,250.0,400.0,30.0,50.0,400.0,600.0,7.0,8.5
test,Black soil,C:\Users\Pranjal Yallurkar\OneDrive\Desktop\PROJECT\Final\soil_photos-20251020T144319Z-1-001\soil_photos\test\Black Soil\Copy of Sample4.30.jpg,Reddish,7.0–8.5,25–38,50–70,250–400,30–50,400–600,"Cotton, Soybean, Sunflower, Jowar, Wheat","Superphosphate, Organic Manure, Compost, Urea, Biofertilizer","cotton, soybean","Wheat, Gram, Jowar, Mustard, Barley",Winter,28.07,44,haze,250.0,400.0,30.0,50.0,400.0,600.0,7.0,8.5
test,Black soil,C:\Users\Pranjal Yallurkar\OneDrive\Desktop\PROJECT\Final\soil_photos-20251020T144319Z-1-001\soil_photos\test\Black Soil\Copy of Sample7.0.jpg,Reddish,7.0–8.5,25–38,50–70,250–400,30–50,400–600,"Cotton, Soybean, Sunflower, Jowar, Wheat","Superphosphate, Organic Manure, Compost, Urea, Biofertilizer","cotton, soybean","Wheat, Gram, Jowar, Mustard, Barley",Winter,28.07,44,haze,250.0,400.0,30.0,50.0,400.0,600.0,7.0,8.5
test,Black soil,C:\Users\Pranjal Yallurkar\OneDrive\Desktop\PROJECT\Final\soil_photos-20251020T144319Z-1-001\soil_photos\test\Black Soil\Copy of Sample7.30.jpg,Reddish,7.0–8.5,25–38,50–70,250–400,30–50,400–600,"Cotton, Soybean, Sunflower, Jowar, Wheat","Superphosphate, Organic Manure, Compost, Urea, Biofertilizer","cotton, soybean","Wheat, Gram, Jowar, Mustard, Barley",Winter,28.07,44,haze,250.0,400.0,30.0,50.0,400.0,600.0,7.0,8.5
test,Black soil,C:\Users\Pranjal Yallurkar\OneDrive\Desktop\PROJECT\Final\soil_photos-20251020T144319Z-1-001\soil_photos\test\Black Soil\image27.jpeg,Reddish,7.0–8.5,25–38,50–70,250–400,30–50,400–600,"Cotton, Soybean, Sunflower, Jowar, Wheat","Superphosphate, Organic Manure, Compost, Urea, Biofertilizer","cotton, soybean","Wheat, Gram, Jowar, Mustard, Barley",Winter,28.07,44,haze,250.0,400.0,30.0,50.0,400.0,600.0,7.0,8.5
test,Black soil,C:\Users\Pranjal Yallurkar\OneDrive\Desktop\PROJECT\Final\soil_photos-20251020T144319Z-1-001\soil_photos\test\Black Soil\images258.jpg,Reddish,7.0–8.5,25–38,50–70,250–400,30–50,400–600,"Cotton, Soybean, Sunflower, Jowar, Wheat","Superphosphate, Organic Manure, Compost, Urea, Biofertilizer","cotton, soybean","Wheat, Gram, Jowar, Mustard, Barley",Winter,28.07,44,haze,250.0,400.0,30.0,50.0,400.0,600.0,7.0,8.5
test,Black soil,C:\Users\Pranjal Yallurkar\OneDrive\Desktop\PROJECT\Final\soil_photos-20251020T144319Z-1-001\soil_photos\test\Black Soil\images267.jpg,Reddish,7.0–8.5,25–38,50–70,250–400,30–50,400–600,"Cotton, Soybean, Sunflower, Jowar, Wheat","Superphosphate, Organic Manure, Compost, Urea, Biofertilizer","cotton, soybean","Wheat, Gram, Jowar, Mustard, Barley",Winter,28.07,44,haze,250.0,400.0,30.0,50.0,400.0,600.0,7.0,8.5
test,Black soil,C:\Users\Pranjal Yallurkar\OneDrive\Desktop\PROJECT\Final\soil_photos-20251020T144319Z-1-001\soil_photos\test\Black Soil\images363.jpg,Reddish,7.0–8.5,25–38,50–70,250–400,30–50,400–600,"Cotton, Soybean, Sunflower, Jowar, Wheat","Superphosphate, Organic Manure, Compost, Urea, Biofertilizer","cotton, soybean","Wheat, Gram, Jowar, Mustard, Barley",Winter,28.07,44,haze,250.0,400.0,30.0,50.0,400.0,600.0,7.0,8.5
test,Black soil,C:\Users\Pranjal Yallurkar\OneDrive\Desktop\PROJECT\Final\soil_photos-20251020T144319Z-1-001\soil_photos\test\Black Soil\images365.jpg,Reddish,7.0–8.5,25–38,50–70,250–400,30–50,400–600,"Cotton, Soybean, Sunflower, Jowar, Wheat","Superphosphate, Organic Manure, Compost, Urea, Biofertilizer","cotton, soybean","Wheat, Gram, Jowar, Mustard, Barley",Winter,28.07,44,haze,250.0,400.0,30.0,50.0,400.0,600.0,7.0,8.5
test,Black soil,C:\Users\Pranjal Yallurkar\OneDrive\Desktop\PROJECT\Final\soil_photos-20251020T144319Z-1-001\soil_photos\test\Black Soil\images371.jpg,Brownish,7.0–8.5,25–38,50–70,250–400,30–50,400–600,"Cotton, Soybean, Sunflower, Jowar, Wheat","Superphosphate, Organic Manure, Compost, NPK, Urea","cotton, soybean","Wheat, Gram, Jowar, Mustard, Barley",Winter,28.07,44,haze,250.0,400.0,30.0,50.0,400.0,600.0,7.0,8.5
test,Black soil,C:\Users\Pranjal Yallurkar\OneDrive\Desktop\PROJECT\Final\soil_photos-20251020T144319Z-1-001\soil_photos\test\Black Soil\images375.jpg,Reddish,7.0–8.5,25–38,50–70,250–400,30–50,400–600,"Cotton, Soybean, Sunflower, Jowar, Wheat","Superphosphate, Organic Manure, Compost, Urea, Biofertilizer","cotton, soybean","Wheat, Gram, Jowar, Mustard, Barley",Winter,28.07,44,haze,250.0,400.0,30.0,50.0,400.0,600.0,7.0,8.5
test,Black soil,C:\Users\Pranjal Yallurkar\OneDrive\Desktop\PROJECT\Final\soil_photos-20251020T144319Z-1-001\soil_photos\test\Black Soil\images386.jpg,Reddish,7.0–8.5,25–38,50–70,250–400,30–50,400–600,"Cotton, Soybean, Sunflower, Jowar, Wheat","Superphosphate, Organic Manure, Compost, Urea, Biofertilizer","cotton, soybean","Wheat, Gram, Jowar, Mustard, Barley",Winter,28.07,44,haze,250.0,400.0,30.0,50.0,400.0,600.0,7.0,8.5
test,Black soil,C:\Users\Pranjal Yallurkar\OneDrive\Desktop\PROJECT\Final\soil_photos-20251020T144319Z-1-001\soil_photos\test\Black Soil\images391.jpg,Reddish,7.0–8.5,25–38,50–70,250–400,30–50,400–600,"Cotton, Soybean, Sunflower, Jowar, Wheat","Superphosphate, Organic Manure, Compost, Urea, Biofertilizer","cotton, soybean","Wheat, Gram, Jowar, Mustard, Barley",Winter,28.07,44,haze,250.0,400.0,30.0,50.0,400.0,600.0,7.0,8.5
test,Black soil,C:\Users\Pranjal Yallurkar\OneDrive\Desktop\PROJECT\Final\soil_photos-20251020T144319Z-1-001\soil_photos\test\Black Soil\images392.jpg,Reddish,7.0–8.5,25–38,50–70,250–400,30–50,400–600,"Cotton, Soybean, Sunflower, Jowar, Wheat","Superphosphate, Organic Manure, Compost, Urea, Biofertilizer","cotton, soybean","Wheat, Gram, Jowar, Mustard, Barley",Winter,28.07,44,haze,250.0,400.0,30.0,50.0,400.0,600.0,7.0,8.5
test,Black soil,C:\Users\Pranjal Yallurkar\OneDrive\Desktop\PROJECT\Final\soil_photos-20251020T144319Z-1-001\soil_photos\test\Black Soil\images393.jpg,Reddish,7.0–8.5,25–38,50–70,250–400,30–50,400–600,"Cotton, Soybean, Sunflower, Jowar, Wheat","Superphosphate, Organic Manure, Compost, Urea, Biofertilizer","cotton, soybean","Wheat, Gram, Jowar, Mustard, Barley",Winter,28.07,44,haze,250.0,400.0,30.0,50.0,400.0,600.0,7.0,8.5
test,Black soil,C:\Users\Pranjal Yallurkar\OneDrive\Desktop\PROJECT\Final\soil_photos-20251020T144319Z-1-001\soil_photos\test\Black Soil\images395.jpg,Reddish,7.0–8.5,25–38,50–70,250–400,30–50,400–600,"Cotton, Soybean, Sunflower, Jowar, Wheat","Superphosphate, Organic Manure, Compost, Urea, Biofertilizer","cotton, soybean","Wheat, Gram, Jowar, Mustard, Barley",Winter,28.07,44,haze,250.0,400.0,30.0,50.0,400.0,600.0,7.0,8.5
test,Black soil,C:\Users\Pranjal Yallurkar\OneDrive\Desktop\PROJECT\Final\soil_photos-20251020T144319Z-1-001\soil_photos\test\Black Soil\images396.jpg,Reddish,7.0–8.5,25–38,50–70,250–400,30–50,400–600,"Cotton, Soybean, Sunflower, Jowar, Wheat","Superphosphate, Organic Manure, Compost, Urea, Biofertilizer","cotton, soybean","Wheat, Gram, Jowar, Mustard, Barley",Winter,28.07,44,haze,250.0,400.0,30.0,50.0,400.0,600.0,7.0,8.5
test,Black soil,C:\Users\Pranjal Yallurkar\OneDrive\Desktop\PROJECT\Final\soil_photos-20251020T144319Z-1-001\soil_photos\test\Black Soil\images398.jpg,Reddish,7.0–8.5,25–38,50–70,250–400,30–50,400–600,"Cotton, Soybean, Sunflower, Jowar, Wheat","Superphosphate, Organic Manure, Compost, Urea, Biofertilizer","cotton, soybean","Wheat, Gram, Jowar, Mustard, Barley",Winter,28.07,44,haze,250.0,400.0,30.0,50.0,400.0,600.0,7.0,8.5
test,Black soil,C:\Users\Pranjal Yallurkar\OneDrive\Desktop\PROJECT\Final\soil_photos-20251020T144319Z-1-001\soil_photos\test\Black Soil\images399.jpg,Reddish,7.0–8.5,25–38,50–70,250–400,30–50,400–600,"Cotton, Soybean, Sunflower, Jowar, Wheat","Superphosphate, Organic Manure, Compost, Urea, Biofertilizer","cotton, soybean","Wheat, Gram, Jowar, Mustard, Barley",Winter,28.07,44,haze,250.0,400.0,30.0,50.0,400.0,600.0,7.0,8.5
test,Black soil,C:\Users\Pranjal Yallurkar\OneDrive\Desktop\PROJECT\Final\soil_photos-20251020T144319Z-1-001\soil_photos\test\Black Soil\images400.jpg,Reddish,7.0–8.5,25–38,50–70,250–400,30–50,400–600,"Cotton, Soybean, Sunflower, Jowar, Wheat","Superphosphate, Organic Manure, Compost, Urea, Biofertilizer","cotton, soybean","Wheat, Gram, Jowar, Mustard, Barley",Winter,28.07,44,haze,250.0,400.0,30.0,50.0,400.0,600.0,7.0,8.5
test,Black soil,C:\Users\Pranjal Yallurkar\OneDrive\Desktop\PROJECT\Final\soil_photos-20251020T144319Z-1-001\soil_photos\test\Black Soil\images401.jpg,Reddish,7.0–8.5,25–38,50–70,250–400,30–50,400–600,"Cotton, Soybean, Sunflower, Jowar, Wheat","Superphosphate, Organic Manure, Compost, Urea, Biofertilizer","cotton, soybean","Wheat, Gram, Jowar, Mustard, Barley",Winter,28.07,44,haze,250.0,400.0,30.0,50.0,400.0,600.0,7.0,8.5
test,Black soil,C:\Users\Pranjal Yallurkar\OneDrive\Desktop\PROJECT\Final\soil_photos-20251020T144319Z-1-001\soil_photos\test\Black Soil\images403.jpg,Reddish,7.0–8.5,25–38,50–70,250–400,30–50,400–600,"Cotton, Soybean, Sunflower, Jowar, Wheat","Superphosphate, Organic Manure, Compost, Urea, Biofertilizer","cotton, soybean","Wheat, Gram, Jowar, Mustard, Barley",Winter,28.07,44,haze,250.0,400.0,30.0,50.0,400.0,600.0,7.0,8.5
test,Black soil,C:\Users\Pranjal Yallurkar\OneDrive\Desktop\PROJECT\Final\soil_photos-20251020T144319Z-1-001\soil_photos\test\Black Soil\images404.jpg,Reddish,7.0–8.5,25–38,50–70,250–400,30–50,400–600,"Cotton, Soybean, Sunflower, Jowar, Wheat","Superphosphate, Organic Manure, Compost, Urea, Biofertilizer","cotton, soybean","Wheat, Gram, Jowar, Mustard, Barley",Winter,28.07,44,haze,250.0,400.0,30.0,50.0,400.0,600.0,7.0,8.5
test,Black soil,C:\Users\Pranjal Yallurkar\OneDrive\Desktop\PROJECT\Final\soil_photos-20251020T144319Z-1-001\soil_photos\test\Black Soil\images430.jpg,Reddish,7.0–8.5,25–38,50–70,250–400,30–50,400–600,"Cotton, Soybean, Sunflower, Jowar, Wheat","Superphosphate, Organic Manure, Compost, Urea, Biofertilizer","cotton, soybean","Wheat, Gram, Jowar, Mustard, Barley",Winter,28.07,44,haze,250.0,400.0,30.0,50.0,400.0,600.0,7.0,8.5
test,Black soil,C:\Users\Pranjal Yallurkar\OneDrive\Desktop\PROJECT\Final\soil_photos-20251020T144319Z-1-001\soil_photos\test\Black Soil\images433.jpg,Reddish,7.0–8.5,25–38,50–70,250–400,30–50,400–600,"Cotton, Soybean, Sunflower, Jowar, Wheat","Superphosphate, Organic Manure, Compost, Urea, Biofertilizer","cotton, soybean","Wheat, Gram, Jowar, Mustard, Barley",Winter,28.07,44,haze,250.0,400.0,30.0,50.0,400.0,600.0,7.0,8.5
test,Black soil,C:\Users\Pranjal Yallurkar\OneDrive\Desktop\PROJECT\Final\soil_photos-20251020T144319Z-1-001\soil_photos\test\Black Soil\images434.jpg,Reddish,7.0–8.5,25–38,50–70,250–400,30–50,400–600,"Cotton, Soybean, Sunflower, Jowar, Wheat","Superphosphate, Organic Manure, Compost, Urea, Biofertilizer","cotton, soybean","Wheat, Gram, Jowar, Mustard, Barley",Winter,28.07,44,haze,250.0,400.0,30.0,50.0,400.0,600.0,7.0,8.5
test,Black soil,C:\Users\Pranjal Yallurkar\OneDrive\Desktop\PROJECT\Final\soil_photos-20251020T144319Z-1-001\soil_photos\test\Black Soil\indian-soils-6.jpg,Reddish,7.0–8.5,25–38,50–70,250–400,30–50,400–600,"Cotton, Soybean, Sunflower, Jowar, Wheat","Superphosphate, Organic Manure, Compost, Urea, Biofertilizer","cotton, soybean","Wheat, Gram, Jowar, Mustard, Barley",Winter,28.07,44,haze,250.0,400.0,30.0,50.0,400.0,600.0,7.0,8.5
test,Clay soil,C:\Users\Pranjal Yallurkar\OneDrive\Desktop\PROJECT\Final\soil_photos-20251020T144319Z-1-001\soil_photos\test\Clay soil\94530057-red-clay-soil-on-nature-as-a-background-.jpg,Reddish,6.0–7.0,20–30,65–80,220–350,25–40,250–400,"Rice, Sugarcane, Lettuce, Broccoli, Peas","Compost, NPK, Urea, Biofertilizer, Vermicompost","Rice, Sugarcane, Lettuce, Broccoli, Peas","Peas, Wheat, Mustard, Potato, Oats",Winter,28.07,44,haze,220.0,350.0,25.0,40.0,250.0,400.0,6.0,7.0
test,Clay soil,C:\Users\Pranjal Yallurkar\OneDrive\Desktop\PROJECT\Final\soil_photos-20251020T144319Z-1-001\soil_photos\test\Clay soil\clay-soil-close-up-brown-179039817.jpg,Reddish,6.0–7.0,20–30,65–80,220–350,25–40,250–400,"Rice, Sugarcane, Lettuce, Broccoli, Peas","Compost, NPK, Urea, Biofertilizer, Vermicompost","Rice, Sugarcane, Lettuce, Broccoli, Peas","Peas, Wheat, Mustard, Potato, Oats",Winter,28.07,44,haze,220.0,350.0,25.0,40.0,250.0,400.0,6.0,7.0
test,Clay soil,C:\Users\Pranjal Yallurkar\OneDrive\Desktop\PROJECT\Final\soil_photos-20251020T144319Z-1-001\soil_photos\test\Clay soil\clay-soil-cut-red-color-clay-clay-soil-cut-red-color-clay-184254602.jpg,Reddish,6.0–7.0,20–30,65–80,220–350,25–40,250–400,"Rice, Sugarcane, Lettuce, Broccoli, Peas","Compost, NPK, Urea, Biofertilizer, Vermicompost","Rice, Sugarcane, Lettuce, Broccoli, Peas","Peas, Wheat, Mustard, Potato, Oats",Winter,28.07,44,haze,220.0,350.0,25.0,40.0,250.0,400.0,6.0,7.0
test,Clay soil,C:\Users\Pranjal Yallurkar\OneDrive\Desktop\PROJECT\Final\soil_photos-20251020T144319Z-1-001\soil_photos\test\Clay soil\clay-soil-field.jpg,Reddish,6.0–7.0,20–30,65–80,220–350,25–40,250–400,"Rice, Sugarcane, Lettuce, Broccoli, Peas","Compost, NPK, Urea, Biofertilizer, Vermicompost","Rice, Sugarcane, Lettuce, Broccoli, Peas","Peas, Wheat, Mustard, Potato, Oats",Winter,28.07,44,haze,220.0,350.0,25.0,40.0,250.0,400.0,6.0,7.0
test,Clay soil,C:\Users\Pranjal Yallurkar\OneDrive\Desktop\PROJECT\Final\soil_photos-20251020T144319Z-1-001\soil_photos\test\Clay soil\Clay_1.jpg,Reddish,6.0–7.0,20–30,65–80,220–350,25–40,250–400,"Rice, Sugarcane, Lettuce, Broccoli, Peas","Compost, NPK, Urea, Biofertilizer, Vermicompost","Rice, Sugarcane, Lettuce, Broccoli, Peas","Peas, Wheat, Mustard, Potato, Oats",Winter,28.07,44,haze,220.0,350.0,25.0,40.0,250.0,400.0,6.0,7.0
test,Clay soil,C:\Users\Pranjal Yallurkar\OneDrive\Desktop\PROJECT\Final\soil_photos-20251020T144319Z-1-001\soil_photos\test\Clay soil\Clay_10.jpg,Reddish,6.0–7.0,20–30,65–80,220–350,25–40,250–400,"Rice, Sugarcane, Lettuce, Broccoli, Peas","Compost, NPK, Urea, Biofertilizer, Vermicompost","Rice, Sugarcane, Lettuce, Broccoli, Peas","Peas, Wheat, Mustard, Potato, Oats",Winter,28.07,44,haze,220.0,350.0,25.0,40.0,250.0,400.0,6.0,7.0
test,Clay soil,C:\Users\Pranjal Yallurkar\OneDrive\Desktop\PROJECT\Final\soil_photos-20251020T144319Z-1-001\soil_photos\test\Clay soil\Clay_11.jpg,Reddish,6.0–7.0,20–30,65–80,220–350,25–40,250–400,"Rice, Sugarcane, Lettuce, Broccoli, Peas","Compost, NPK, Urea, Biofertilizer, Vermicompost","Rice, Sugarcane, Lettuce, Broccoli, Peas","Peas, Wheat, Mustard, Potato, Oats",Winter,28.07,44,haze,220.0,350.0,25.0,40.0,250.0,400.0,6.0,7.0
test,Clay soil,C:\Users\Pranjal Yallurkar\OneDrive\Desktop\PROJECT\Final\soil_photos-20251020T144319Z-1-001\soil_photos\test\Clay soil\Clay_12.jpg,Reddish,6.0–7.0,20–30,65–80,220–350,25–40,250–400,"Rice, Sugarcane, Lettuce, Broccoli, Peas","Compost, NPK, Urea, Biofertilizer, Vermicompost","Rice, Sugarcane, Lettuce, Broccoli, Peas","Peas, Wheat, Mustard, Potato, Oats",Winter,28.07,44,haze,220.0,350.0,25.0,40.0,250.0,400.0,6.0,7.0
test,Clay soil,C:\Users\Pranjal Yallurkar\OneDrive\Desktop\PROJECT\Final\soil_photos-20251020T144319Z-1-001\soil_photos\test\Clay soil\Clay_13.jpg,Reddish,6.0–7.0,20–30,65–80,220–350,25–40,250–400,"Rice, Sugarcane, Lettuce, Broccoli, Peas","Compost, NPK, Urea, Biofertilizer, Vermicompost","Rice, Sugarcane, Lettuce, Broccoli, Peas","Peas, Wheat, Mustard, Potato, Oats",Winter,28.07,44,haze,220.0,350.0,25.0,40.0,250.0,400.0,6.0,7.0
test,Clay soil,C:\Users\Pranjal Yallurkar\OneDrive\Desktop\PROJECT\Final\soil_photos-20251020T144319Z-1-001\soil_photos\test\Clay soil\Clay_14.jpg,Reddish,6.0–7.0,20–30,65–80,220–350,25–40,250–400,"Rice, Sugarcane, Lettuce, Broccoli, Peas","Compost, NPK, Urea, Biofertilizer, Vermicompost","Rice, Sugarcane, Lettuce, Broccoli, Peas","Peas, Wheat, Mustard, Potato, Oats",Winter,28.07,44,haze,220.0,350.0,25.0,40.0,250.0,400.0,6.0,7.0
test,Clay soil,C:\Users\Pranjal Yallurkar\OneDrive\Desktop\PROJECT\Final\soil_photos-20251020T144319Z-1-001\soil_photos\test\Clay soil\Clay_15.jpg,Reddish,6.0–7.0,20–30,65–80,220–350,25–40,250–400,"Rice, Sugarcane, Lettuce, Broccoli, Peas","Compost, NPK, Urea, Biofertilizer, Vermicompost","Rice, Sugarcane, Lettuce, Broccoli, Peas","Peas, Wheat, Mustard, Potato, Oats",Winter,28.07,44,haze,220.0,350.0,25.0,40.0,250.0,400.0,6.0,7.0
test,Clay soil,C:\Users\Pranjal Yallurkar\OneDrive\Desktop\PROJECT\Final\soil_photos-20251020T144319Z-1-001\soil_photos\test\Clay soil\Clay_16.jpg,Greenish,6.0–7.0,20–30,65–80,220–350,25–40,250–400,"Rice, Sugarcane, Lettuce, Broccoli, Peas","DAP, Compost, NPK, Urea, Phosphate","Rice, Sugarcane, Lettuce, Broccoli, Peas","Peas, Wheat, Mustard, Potato, Oats",Winter,28.07,44,haze,220.0,350.0,25.0,40.0,250.0,400.0,6.0,7.0
test,Clay soil,C:\Users\Pranjal Yallurkar\OneDrive\Desktop\PROJECT\Final\soil_photos-20251020T144319Z-1-001\soil_photos\test\Clay soil\Clay_17.jpg,Reddish,6.0–7.0,20–30,65–80,220–350,25–40,250–400,"Rice, Sugarcane, Lettuce, Broccoli, Peas","Compost, NPK, Urea, Biofertilizer, Vermicompost","Rice, Sugarcane, Lettuce, Broccoli, Peas","Peas, Wheat, Mustard, Potato, Oats",Winter,28.07,44,haze,220.0,350.0,25.0,40.0,250.0,400.0,6.0,7.0
test,Clay soil,C:\Users\Pranjal Yallurkar\OneDrive\Desktop\PROJECT\Final\soil_photos-20251020T144319Z-1-001\soil_photos\test\Clay soil\Clay_18.jpg,Greenish,6.0–7.0,20–30,65–80,220–350,25–40,250–400,"Rice, Sugarcane, Lettuce, Broccoli, Peas","DAP, Compost, NPK, Urea, Phosphate","Rice, Sugarcane, Lettuce, Broccoli, Peas","Peas, Wheat, Mustard, Potato, Oats",Winter,28.07,44,haze,220.0,350.0,25.0,40.0,250.0,400.0,6.0,7.0
test,Clay soil,C:\Users\Pranjal Yallurkar\OneDrive\Desktop\PROJECT\Final\soil_photos-20251020T144319Z-1-001\soil_photos\test\Clay soil\Clay_19.jpg,Reddish,6.0–7.0,20–30,65–80,220–350,25–40,250–400,"Rice, Sugarcane, Lettuce, Broccoli, Peas","Compost, NPK, Urea, Biofertilizer, Vermicompost","Rice, Sugarcane, Lettuce, Broccoli, Peas","Peas, Wheat, Mustard, Potato, Oats",Winter,28.07,44,haze,220.0,350.0,25.0,40.0,250.0,400.0,6.0,7.0
test,Clay soil,C:\Users\Pranjal Yallurkar\OneDrive\Desktop\PROJECT\Final\soil_photos-20251020T144319Z-1-001\soil_photos\test\Clay soil\Clay_20.jpg,Reddish,6.0–7.0,20–30,65–80,220–350,25–40,250–400,"Rice, Sugarcane, Lettuce, Broccoli, Peas","Compost, NPK, Urea, Biofertilizer, Vermicompost","Rice, Sugarcane, Lettuce, Broccoli, Peas","Peas, Wheat, Mustard, Potato, Oats",Winter,28.07,44,haze,220.0,350.0,25.0,40.0,250.0,400.0,6.0,7.0
test,Clay soil,C:\Users\Pranjal Yallurkar\OneDrive\Desktop\PROJECT\Final\soil_photos-20251020T144319Z-1-001\soil_photos\test\Clay soil\Clay_21.jpg,Reddish,6.0–7.0,20–30,65–80,220–350,25–40,250–400,"Rice, Sugarcane, Lettuce, Broccoli, Peas","Compost, NPK, Urea, Biofertilizer, Vermicompost","Rice, Sugarcane, Lettuce, Broccoli, Peas","Peas, Wheat, Mustard, Potato, Oats",Winter,28.07,44,haze,220.0,350.0,25.0,40.0,250.0,400.0,6.0,7.0
test,Clay soil,C:\Users\Pranjal Yallurkar\OneDrive\Desktop\PROJECT\Final\soil_photos-20251020T144319Z-1-001\soil_photos\test\Clay soil\Clay_3.jpg,Reddish,6.0–7.0,20–30,65–80,220–350,25–40,250–400,"Rice, Sugarcane, Lettuce, Broccoli, Peas","Compost, NPK, Urea, Biofertilizer, Vermicompost","Rice, Sugarcane, Lettuce, Broccoli, Peas","Peas, Wheat, Mustard, Potato, Oats",Winter,28.07,44,haze,220.0,350.0,25.0,40.0,250.0,400.0,6.0,7.0
test,Clay soil,C:\Users\Pranjal Yallurkar\OneDrive\Desktop\PROJECT\Final\soil_photos-20251020T144319Z-1-001\soil_photos\test\Clay soil\Clay_4.jpg,Reddish,6.0–7.0,20–30,65–80,220–350,25–40,250–400,"Rice, Sugarcane, Lettuce, Broccoli, Peas","Compost, NPK, Urea, Biofertilizer, Vermicompost","Rice, Sugarcane, Lettuce, Broccoli, Peas","Peas, Wheat, Mustard, Potato, Oats",Winter,28.07,44,haze,220.0,350.0,25.0,40.0,250.0,400.0,6.0,7.0
test,Clay soil,C:\Users\Pranjal Yallurkar\OneDrive\Desktop\PROJECT\Final\soil_photos-20251020T144319Z-1-001\soil_photos\test\Clay soil\Clay_44.jpg,Reddish,6.0–7.0,20–30,65–80,220–350,25–40,250–400,"Rice, Sugarcane, Lettuce, Broccoli, Peas","Compost, NPK, Urea, Biofertilizer, Vermicompost","Rice, Sugarcane, Lettuce, Broccoli, Peas","Peas, Wheat, Mustard, Potato, Oats",Winter,28.07,44,haze,220.0,350.0,25.0,40.0,250.0,400.0,6.0,7.0
test,Clay soil,C:\Users\Pranjal Yallurkar\OneDrive\Desktop\PROJECT\Final\soil_photos-20251020T144319Z-1-001\soil_photos\test\Clay soil\Clay_45.jpg,Reddish,6.0–7.0,20–30,65–80,220–350,25–40,250–400,"Rice, Sugarcane, Lettuce, Broccoli, Peas","Compost, NPK, Urea, Biofertilizer, Vermicompost","Rice, Sugarcane, Lettuce, Broccoli, Peas","Peas, Wheat, Mustard, Potato, Oats",Winter,28.07,44,haze,220.0,350.0,25.0,40.0,250.0,400.0,6.0,7.0
test,Clay soil,C:\Users\Pranjal Yallurkar\OneDrive\Desktop\PROJECT\Final\soil_photos-20251020T144319Z-1-001\soil_photos\test\Clay soil\Clay_46.jpg,Reddish,6.0–7.0,20–30,65–80,220–350,25–40,250–400,"Rice, Sugarcane, Lettuce, Broccoli, Peas","Compost, NPK, Urea, Biofertilizer, Vermicompost","Rice, Sugarcane, Lettuce, Broccoli, Peas","Peas, Wheat, Mustard, Potato, Oats",Winter,28.07,44,haze,220.0,350.0,25.0,40.0,250.0,400.0,6.0,7.0
test,Clay soil,C:\Users\Pranjal Yallurkar\OneDrive\Desktop\PROJECT\Final\soil_photos-20251020T144319Z-1-001\soil_photos\test\Clay soil\Clay_47.jpg,Reddish,6.0–7.0,20–30,65–80,220–350,25–40,250–400,"Rice, Sugarcane, Lettuce, Broccoli, Peas","Compost, NPK, Urea, Biofertilizer, Vermicompost","Rice, Sugarcane, Lettuce, Broccoli, Peas","Peas, Wheat, Mustard, Potato, Oats",Winter,28.07,44,haze,220.0,350.0,25.0,40.0,250.0,400.0,6.0,7.0
test,Clay soil,C:\Users\Pranjal Yallurkar\OneDrive\Desktop\PROJECT\Final\soil_photos-20251020T144319Z-1-001\soil_photos\test\Clay soil\Clay_5.jpg,Reddish,6.0–7.0,20–30,65–80,220–350,25–40,250–400,"Rice, Sugarcane, Lettuce, Broccoli, Peas","Compost, NPK, Urea, Biofertilizer, Vermicompost","Rice, Sugarcane, Lettuce, Broccoli, Peas","Peas, Wheat, Mustard, Potato, Oats",Winter,28.07,44,haze,220.0,350.0,25.0,40.0,250.0,400.0,6.0,7.0
test,Clay soil,C:\Users\Pranjal Yallurkar\OneDrive\Desktop\PROJECT\Final\soil_photos-20251020T144319Z-1-001\soil_photos\test\Clay soil\Clay_6.jpg,Reddish,6.0–7.0,20–30,65–80,220–350,25–40,250–400,"Rice, Sugarcane, Lettuce, Broccoli, Peas","Compost, NPK, Urea, Biofertilizer, Vermicompost","Rice, Sugarcane, Lettuce, Broccoli, Peas","Peas, Wheat, Mustard, Potato, Oats",Winter,28.07,44,haze,220.0,350.0,25.0,40.0,250.0,400.0,6.0,7.0
test,Clay soil,C:\Users\Pranjal Yallurkar\OneDrive\Desktop\PROJECT\Final\soil_photos-20251020T144319Z-1-001\soil_photos\test\Clay soil\Clay_8.jpg,Reddish,6.0–7.0,20–30,65–80,220–350,25–40,250–400,"Rice, Sugarcane, Lettuce, Broccoli, Peas","Compost, NPK, Urea, Biofertilizer, Vermicompost","Rice, Sugarcane, Lettuce, Broccoli, Peas","Peas, Wheat, Mustard, Potato, Oats",Winter,28.07,44,haze,220.0,350.0,25.0,40.0,250.0,400.0,6.0,7.0
test,Clay soil,C:\Users\Pranjal Yallurkar\OneDrive\Desktop\PROJECT\Final\soil_photos-20251020T144319Z-1-001\soil_photos\test\Clay soil\Clay_9.jpg,Reddish,6.0–7.0,20–30,65–80,220–350,25–40,250–400,"Rice, Sugarcane, Lettuce, Broccoli, Peas","Compost, NPK, Urea, Biofertilizer, Vermicompost","Rice, Sugarcane, Lettuce, Broccoli, Peas","Peas, Wheat, Mustard, Potato, Oats",Winter,28.07,44,haze,220.0,350.0,25.0,40.0,250.0,400.0,6.0,7.0
test,Clay soil,C:\Users\Pranjal Yallurkar\OneDrive\Desktop\PROJECT\Final\soil_photos-20251020T144319Z-1-001\soil_photos\test\Clay soil\Copy of 91714675-background-of-red-clay-the-real-desert-soil.jpg,Reddish,6.0–7.0,20–30,65–80,220–350,25–40,250–400,"Rice, Sugarcane, Lettuce, Broccoli, Peas","Compost, NPK, Urea, Biofertilizer, Vermicompost","Rice, Sugarcane, Lettuce, Broccoli, Peas","Peas, Wheat, Mustard, Potato, Oats",Winter,28.07,44,haze,220.0,350.0,25.0,40.0,250.0,400.0,6.0,7.0
test,Clay soil,C:\Users\Pranjal Yallurkar\OneDrive\Desktop\PROJECT\Final\soil_photos-20251020T144319Z-1-001\soil_photos\test\Clay soil\Copy of 94530057-red-clay-soil-on-nature-as-a-background-.jpg,Reddish,6.0–7.0,20–30,65–80,220–350,25–40,250–400,"Rice, Sugarcane, Lettuce, Broccoli, Peas","Compost, NPK, Urea, Biofertilizer, Vermicompost","Rice, Sugarcane, Lettuce, Broccoli, Peas","Peas, Wheat, Mustard, Potato, Oats",Winter,28.07,44,haze,220.0,350.0,25.0,40.0,250.0,400.0,6.0,7.0
test,Clay soil,C:\Users\Pranjal Yallurkar\OneDrive\Desktop\PROJECT\Final\soil_photos-20251020T144319Z-1-001\soil_photos\test\Clay soil\Copy of BLOG_Clay_soil_1024_500_x500.png,Reddish,6.0–7.0,20–30,65–80,220–350,25–40,250–400,"Rice, Sugarcane, Lettuce, Broccoli, Peas","Compost, NPK, Urea, Biofertilizer, Vermicompost","Rice, Sugarcane, Lettuce, Broccoli, Peas","Peas, Wheat, Mustard, Potato, Oats",Winter,28.07,44,haze,220.0,350.0,25.0,40.0,250.0,400.0,6.0,7.0
test,Clay soil,C:\Users\Pranjal Yallurkar\OneDrive\Desktop\PROJECT\Final\soil_photos-20251020T144319Z-1-001\soil_photos\test\Clay soil\Copy of clay-260nw-614429543.jpg,Reddish,6.0–7.0,20–30,65–80,220–350,25–40,250–400,"Rice, Sugarcane, Lettuce, Broccoli, Peas","Compost, NPK, Urea, Biofertilizer, Vermicompost","Rice, Sugarcane, Lettuce, Broccoli, Peas","Peas, Wheat, Mustard, Potato, Oats",Winter,28.07,44,haze,220.0,350.0,25.0,40.0,250.0,400.0,6.0,7.0
test,Clay soil,C:\Users\Pranjal Yallurkar\OneDrive\Desktop\PROJECT\Final\soil_photos-20251020T144319Z-1-001\soil_photos\test\Clay soil\Copy of Clay-Soil(2).jpg,Reddish,6.0–7.0,20–30,65–80,220–350,25–40,250–400,"Rice, Sugarcane, Lettuce, Broccoli, Peas","Compost, NPK, Urea, Biofertilizer, Vermicompost","Rice, Sugarcane, Lettuce, Broccoli, Peas","Peas, Wheat, Mustard, Potato, Oats",Winter,28.07,44,haze,220.0,350.0,25.0,40.0,250.0,400.0,6.0,7.0
test,Clay soil,C:\Users\Pranjal Yallurkar\OneDrive\Desktop\PROJECT\Final\soil_photos-20251020T144319Z-1-001\soil_photos\test\Clay soil\Copy of clay-soil-close-up-brown-179039817.jpg,Reddish,6.0–7.0,20–30,65–80,220–350,25–40,250–400,"Rice, Sugarcane, Lettuce, Broccoli, Peas","Compost, NPK, Urea, Biofertilizer, Vermicompost","Rice, Sugarcane, Lettuce, Broccoli, Peas","Peas, Wheat, Mustard, Potato, Oats",Winter,28.07,44,haze,220.0,350.0,25.0,40.0,250.0,400.0,6.0,7.0
test,Clay soil,C:\Users\Pranjal Yallurkar\OneDrive\Desktop\PROJECT\Final\soil_photos-20251020T144319Z-1-001\soil_photos\test\Clay soil\Copy of clay-soil-cropped.jpg,Reddish,6.0–7.0,20–30,65–80,220–350,25–40,250–400,"Rice, Sugarcane, Lettuce, Broccoli, Peas","Compost, NPK, Urea, Biofertilizer, Vermicompost","Rice, Sugarcane, Lettuce, Broccoli, Peas","Peas, Wheat, Mustard, Potato, Oats",Winter,28.07,44,haze,220.0,350.0,25.0,40.0,250.0,400.0,6.0,7.0
test,Clay soil,C:\Users\Pranjal Yallurkar\OneDrive\Desktop\PROJECT\Final\soil_photos-20251020T144319Z-1-001\soil_photos\test\Clay soil\Copy of clay-soil.jpg,Reddish,6.0–7.0,20–30,65–80,220–350,25–40,250–400,"Rice, Sugarcane, Lettuce, Broccoli, Peas","Compost, NPK, Urea, Biofertilizer, Vermicompost","Rice, Sugarcane, Lettuce, Broccoli, Peas","Peas, Wheat, Mustard, Potato, Oats",Winter,28.07,44,haze,220.0,350.0,25.0,40.0,250.0,400.0,6.0,7.0
test,Clay soil,C:\Users\Pranjal Yallurkar\OneDrive\Desktop\PROJECT\Final\soil_photos-20251020T144319Z-1-001\soil_photos\test\Clay soil\Copy of clay-soil2.jpg,Reddish,6.0–7.0,20–30,65–80,220–350,25–40,250–400,"Rice, Sugarcane, Lettuce, Broccoli, Peas","Compost, NPK, Urea, Biofertilizer, Vermicompost","Rice, Sugarcane, Lettuce, Broccoli, Peas","Peas, Wheat, Mustard, Potato, Oats",Winter,28.07,44,haze,220.0,350.0,25.0,40.0,250.0,400.0,6.0,7.0
test,Clay soil,C:\Users\Pranjal Yallurkar\OneDrive\Desktop\PROJECT\Final\soil_photos-20251020T144319Z-1-001\soil_photos\test\Clay soil\Copy of clay.jpg,Reddish,6.0–7.0,20–30,65–80,220–350,25–40,250–400,"Rice, Sugarcane, Lettuce, Broccoli, Peas","Compost, NPK, Urea, Biofertilizer, Vermicompost","Rice, Sugarcane, Lettuce, Broccoli, Peas","Peas, Wheat, Mustard, Potato, Oats",Winter,28.07,44,haze,220.0,350.0,25.0,40.0,250.0,400.0,6.0,7.0
test,Clay soil,C:\Users\Pranjal Yallurkar\OneDrive\Desktop\PROJECT\Final\soil_photos-20251020T144319Z-1-001\soil_photos\test\Clay soil\Copy of Clayey-Soil-img.jpg,Reddish,6.0–7.0,20–30,65–80,220–350,25–40,250–400,"Rice, Sugarcane, Lettuce, Broccoli, Peas","Compost, NPK, Urea, Biofertilizer, Vermicompost","Rice, Sugarcane, Lettuce, Broccoli, Peas","Peas, Wheat, Mustard, Potato, Oats",Winter,28.07,44,haze,220.0,350.0,25.0,40.0,250.0,400.0,6.0,7.0
test,Clay soil,C:\Users\Pranjal Yallurkar\OneDrive\Desktop\PROJECT\Final\soil_photos-20251020T144319Z-1-001\soil_photos\test\Clay soil\Copy of Clay_Soil.jpg,Reddish,6.0–7.0,20–30,65–80,220–350,25–40,250–400,"Rice, Sugarcane, Lettuce, Broccoli, Peas","Compost, NPK, Urea, Biofertilizer, Vermicompost","Rice, Sugarcane, Lettuce, Broccoli, Peas","Peas, Wheat, Mustard, Potato, Oats",Winter,28.07,44,haze,220.0,350.0,25.0,40.0,250.0,400.0,6.0,7.0
test,Clay soil,C:\Users\Pranjal Yallurkar\OneDrive\Desktop\PROJECT\Final\soil_photos-20251020T144319Z-1-001\soil_photos\test\Clay soil\Copy of cracked-clay-soil-12498989(1).jpg,Reddish,6.0–7.0,20–30,65–80,220–350,25–40,250–400,"Rice, Sugarcane, Lettuce, Broccoli, Peas","Compost, NPK, Urea, Biofertilizer, Vermicompost","Rice, Sugarcane, Lettuce, Broccoli, Peas","Peas, Wheat, Mustard, Potato, Oats",Winter,28.07,44,haze,220.0,350.0,25.0,40.0,250.0,400.0,6.0,7.0
test,Clay soil,C:\Users\Pranjal Yallurkar\OneDrive\Desktop\PROJECT\Final\soil_photos-20251020T144319Z-1-001\soil_photos\test\Clay soil\Copy of cracked-clay-soil-12498989.jpg,Reddish,6.0–7.0,20–30,65–80,220–350,25–40,250–400,"Rice, Sugarcane, Lettuce, Broccoli, Peas","Compost, NPK, Urea, Biofertilizer, Vermicompost","Rice, Sugarcane, Lettuce, Broccoli, Peas","Peas, Wheat, Mustard, Potato, Oats",Winter,28.07,44,haze,220.0,350.0,25.0,40.0,250.0,400.0,6.0,7.0
test,Clay soil,C:\Users\Pranjal Yallurkar\OneDrive\Desktop\PROJECT\Final\soil_photos-20251020T144319Z-1-001\soil_photos\test\Clay soil\Copy of images34.jpg,Reddish,6.0–7.0,20–30,65–80,220–350,25–40,250–400,"Rice, Sugarcane, Lettuce, Broccoli, Peas","Compost, NPK, Urea, Biofertilizer, Vermicompost","Rice, Sugarcane, Lettuce, Broccoli, Peas","Peas, Wheat, Mustard, Potato, Oats",Winter,28.07,44,haze,220.0,350.0,25.0,40.0,250.0,400.0,6.0,7.0
test,Clay soil,C:\Users\Pranjal Yallurkar\OneDrive\Desktop\PROJECT\Final\soil_photos-20251020T144319Z-1-001\soil_photos\test\Clay soil\Copy of images407(1).jpg,Reddish,6.0–7.0,20–30,65–80,220–350,25–40,250–400,"Rice, Sugarcane, Lettuce, Broccoli, Peas","Compost, NPK, Urea, Biofertilizer, Vermicompost","Rice, Sugarcane, Lettuce, Broccoli, Peas","Peas, Wheat, Mustard, Potato, Oats",Winter,28.07,44,haze,220.0,350.0,25.0,40.0,250.0,400.0,6.0,7.0
test,Clay soil,C:\Users\Pranjal Yallurkar\OneDrive\Desktop\PROJECT\Final\soil_photos-20251020T144319Z-1-001\soil_photos\test\Clay soil\Copy of images407.jpg,Reddish,6.0–7.0,20–30,65–80,220–350,25–40,250–400,"Rice, Sugarcane, Lettuce, Broccoli, Peas","Compost, NPK, Urea, Biofertilizer, Vermicompost","Rice, Sugarcane, Lettuce, Broccoli, Peas","Peas, Wheat, Mustard, Potato, Oats",Winter,28.07,44,haze,220.0,350.0,25.0,40.0,250.0,400.0,6.0,7.0
test,Clay soil,C:\Users\Pranjal Yallurkar\OneDrive\Desktop\PROJECT\Final\soil_photos-20251020T144319Z-1-001\soil_photos\test\Clay soil\Copy of images43(1).jpg,Reddish,6.0–7.0,20–30,65–80,220–350,25–40,250–400,"Rice, Sugarcane, Lettuce, Broccoli, Peas","Compost, NPK, Urea, Biofertilizer, Vermicompost","Rice, Sugarcane, Lettuce, Broccoli, Peas","Peas, Wheat, Mustard, Potato, Oats",Winter,28.07,44,haze,220.0,350.0,25.0,40.0,250.0,400.0,6.0,7.0
test,Clay soil,C:\Users\Pranjal Yallurkar\OneDrive\Desktop\PROJECT\Final\soil_photos-20251020T144319Z-1-001\soil_photos\test\Clay soil\Copy of images43.jpg,Reddish,6.0–7.0,20–30,65–80,220–350,25–40,250–400,"Rice, Sugarcane, Lettuce, Broccoli, Peas","Compost, NPK, Urea, Biofertilizer, Vermicompost","Rice, Sugarcane, Lettuce, Broccoli, Peas","Peas, Wheat, Mustard, Potato, Oats",Winter,28.07,44,haze,220.0,350.0,25.0,40.0,250.0,400.0,6.0,7.0
test,Clay soil,C:\Users\Pranjal Yallurkar\OneDrive\Desktop\PROJECT\Final\soil_photos-20251020T144319Z-1-001\soil_photos\test\Clay soil\Copy of images72(1).jpg,Reddish,6.0–7.0,20–30,65–80,220–350,25–40,250–400,"Rice, Sugarcane, Lettuce, Broccoli, Peas","Compost, NPK, Urea, Biofertilizer, Vermicompost","Rice, Sugarcane, Lettuce, Broccoli, Peas","Peas, Wheat, Mustard, Potato, Oats",Winter,28.07,44,haze,220.0,350.0,25.0,40.0,250.0,400.0,6.0,7.0
test,Clay soil,C:\Users\Pranjal Yallurkar\OneDrive\Desktop\PROJECT\Final\soil_photos-20251020T144319Z-1-001\soil_photos\test\Clay soil\Copy of images72.jpg,Reddish,6.0–7.0,20–30,65–80,220–350,25–40,250–400,"Rice, Sugarcane, Lettuce, Broccoli, Peas","Compost, NPK, Urea, Biofertilizer, Vermicompost","Rice, Sugarcane, Lettuce, Broccoli, Peas","Peas, Wheat, Mustard, Potato, Oats",Winter,28.07,44,haze,220.0,350.0,25.0,40.0,250.0,400.0,6.0,7.0
test,Clay soil,C:\Users\Pranjal Yallurkar\OneDrive\Desktop\PROJECT\Final\soil_photos-20251020T144319Z-1-001\soil_photos\test\Clay soil\Copy of images76(1).jpg,Reddish,6.0–7.0,20–30,65–80,220–350,25–40,250–400,"Rice, Sugarcane, Lettuce, Broccoli, Peas","Compost, NPK, Urea, Biofertilizer, Vermicompost","Rice, Sugarcane, Lettuce, Broccoli, Peas","Peas, Wheat, Mustard, Potato, Oats",Winter,28.07,44,haze,220.0,350.0,25.0,40.0,250.0,400.0,6.0,7.0
test,Clay soil,C:\Users\Pranjal Yallurkar\OneDrive\Desktop\PROJECT\Final\soil_photos-20251020T144319Z-1-001\soil_photos\test\Clay soil\Copy of images76.jpg,Reddish,6.0–7.0,20–30,65–80,220–350,25–40,250–400,"Rice, Sugarcane, Lettuce, Broccoli, Peas","Compost, NPK, Urea, Biofertilizer, Vermicompost","Rice, Sugarcane, Lettuce, Broccoli, Peas","Peas, Wheat, Mustard, Potato, Oats",Winter,28.07,44,haze,220.0,350.0,25.0,40.0,250.0,400.0,6.0,7.0
test,Clay soil,C:\Users\Pranjal Yallurkar\OneDrive\Desktop\PROJECT\Final\soil_photos-20251020T144319Z-1-001\soil_photos\test\Clay soil\Copy of man-working-shovel-clay-260nw-639044377(1).jpg,Reddish,6.0–7.0,20–30,65–80,220–350,25–40,250–400,"Rice, Sugarcane, Lettuce, Broccoli, Peas","Compost, NPK, Urea, Biofertilizer, Vermicompost","Rice, Sugarcane, Lettuce, Broccoli, Peas","Peas, Wheat, Mustard, Potato, Oats",Winter,28.07,44,haze,220.0,350.0,25.0,40.0,250.0,400.0,6.0,7.0
test,Clay soil,C:\Users\Pranjal Yallurkar\OneDrive\Desktop\PROJECT\Final\soil_photos-20251020T144319Z-1-001\soil_photos\test\Clay soil\Copy of man-working-shovel-clay-260nw-639044377.jpg,Reddish,6.0–7.0,20–30,65–80,220–350,25–40,250–400,"Rice, Sugarcane, Lettuce, Broccoli, Peas","Compost, NPK, Urea, Biofertilizer, Vermicompost","Rice, Sugarcane, Lettuce, Broccoli, Peas","Peas, Wheat, Mustard, Potato, Oats",Winter,28.07,44,haze,220.0,350.0,25.0,40.0,250.0,400.0,6.0,7.0
test,Clay soil,C:\Users\Pranjal Yallurkar\OneDrive\Desktop\PROJECT\Final\soil_photos-20251020T144319Z-1-001\soil_photos\test\Clay soil\Copy of plants-clay-soil-intro.jpg,Reddish,6.0–7.0,20–30,65–80,220–350,25–40,250–400,"Rice, Sugarcane, Lettuce, Broccoli, Peas","Compost, NPK, Urea, Biofertilizer, Vermicompost","Rice, Sugarcane, Lettuce, Broccoli, Peas","Peas, Wheat, Mustard, Potato, Oats",Winter,28.07,44,haze,220.0,350.0,25.0,40.0,250.0,400.0,6.0,7.0
test,Clay soil,C:\Users\Pranjal Yallurkar\OneDrive\Desktop\PROJECT\Final\soil_photos-20251020T144319Z-1-001\soil_photos\test\Clay soil\Copy of red-clay-soil-closeup-red-clay-soil-closeup-as-natural-background-98921605.jpg,Reddish,6.0–7.0,20–30,65–80,220–350,25–40,250–400,"Rice, Sugarcane, Lettuce, Broccoli, Peas","Compost, NPK, Urea, Biofertilizer, Vermicompost","Rice, Sugarcane, Lettuce, Broccoli, Peas","Peas, Wheat, Mustard, Potato, Oats",Winter,28.07,44,haze,220.0,350.0,25.0,40.0,250.0,400.0,6.0,7.0
test,Clay soil,C:\Users\Pranjal Yallurkar\OneDrive\Desktop\PROJECT\Final\soil_photos-20251020T144319Z-1-001\soil_photos\test\Clay soil\Copy of red-clay-soil-closeup-red-clay-soil-closeup-as-natural-background-989216052.jpg,Reddish,6.0–7.0,20–30,65–80,220–350,25–40,250–400,"Rice, Sugarcane, Lettuce, Broccoli, Peas","Compost, NPK, Urea, Biofertilizer, Vermicompost","Rice, Sugarcane, Lettuce, Broccoli, Peas","Peas, Wheat, Mustard, Potato, Oats",Winter,28.07,44,haze,220.0,350.0,25.0,40.0,250.0,400.0,6.0,7.0
test,Clay soil,C:\Users\Pranjal Yallurkar\OneDrive\Desktop\PROJECT\Final\soil_photos-20251020T144319Z-1-001\soil_photos\test\Clay soil\Copy of Sample1.0.jpg,Reddish,6.0–7.0,20–30,65–80,220–350,25–40,250–400,"Rice, Sugarcane, Lettuce, Broccoli, Peas","Compost, NPK, Urea, Biofertilizer, Vermicompost","Rice, Sugarcane, Lettuce, Broccoli, Peas","Peas, Wheat, Mustard, Potato, Oats",Winter,28.07,44,haze,220.0,350.0,25.0,40.0,250.0,400.0,6.0,7.0
test,Clay soil,C:\Users\Pranjal Yallurkar\OneDrive\Desktop\PROJECT\Final\soil_photos-20251020T144319Z-1-001\soil_photos\test\Clay soil\Copy of Sample1.120.jpg,Reddish,6.0–7.0,20–30,65–80,220–350,25–40,250–400,"Rice, Sugarcane, Lettuce, Broccoli, Peas","Compost, NPK, Urea, Biofertilizer, Vermicompost","Rice, Sugarcane, Lettuce, Broccoli, Peas","Peas, Wheat, Mustard, Potato, Oats",Winter,28.07,44,haze,220.0,350.0,25.0,40.0,250.0,400.0,6.0,7.0
test,Clay soil,C:\Users\Pranjal Yallurkar\OneDrive\Desktop\PROJECT\Final\soil_photos-20251020T144319Z-1-001\soil_photos\test\Clay soil\Copy of Sample1.150.jpg,Reddish,6.0–7.0,20–30,65–80,220–350,25–40,250–400,"Rice, Sugarcane, Lettuce, Broccoli, Peas","Compost, NPK, Urea, Biofertilizer, Vermicompost","Rice, Sugarcane, Lettuce, Broccoli, Peas","Peas, Wheat, Mustard, Potato, Oats",Winter,28.07,44,haze,220.0,350.0,25.0,40.0,250.0,400.0,6.0,7.0
test,Clay soil,C:\Users\Pranjal Yallurkar\OneDrive\Desktop\PROJECT\Final\soil_photos-20251020T144319Z-1-001\soil_photos\test\Clay soil\Copy of Sample1.30.jpg,Reddish,6.0–7.0,20–30,65–80,220–350,25–40,250–400,"Rice, Sugarcane, Lettuce, Broccoli, Peas","Compost, NPK, Urea, Biofertilizer, Vermicompost","Rice, Sugarcane, Lettuce, Broccoli, Peas","Peas, Wheat, Mustard, Potato, Oats",Winter,28.07,44,haze,220.0,350.0,25.0,40.0,250.0,400.0,6.0,7.0
test,Clay soil,C:\Users\Pranjal Yallurkar\OneDrive\Desktop\PROJECT\Final\soil_photos-20251020T144319Z-1-001\soil_photos\test\Clay soil\Copy of Sample1.60.jpg,Reddish,6.0–7.0,20–30,65–80,220–350,25–40,250–400,"Rice, Sugarcane, Lettuce, Broccoli, Peas","Compost, NPK, Urea, Biofertilizer, Vermicompost","Rice, Sugarcane, Lettuce, Broccoli, Peas","Peas, Wheat, Mustard, Potato, Oats",Winter,28.07,44,haze,220.0,350.0,25.0,40.0,250.0,400.0,6.0,7.0
test,Clay soil,C:\Users\Pranjal Yallurkar\OneDrive\Desktop\PROJECT\Final\soil_photos-20251020T144319Z-1-001\soil_photos\test\Clay soil\Copy of Sample1.90.jpg,Reddish,6.0–7.0,20–30,65–80,220–350,25–40,250–400,"Rice, Sugarcane, Lettuce, Broccoli, Peas","Compost, NPK, Urea, Biofertilizer, Vermicompost","Rice, Sugarcane, Lettuce, Broccoli, Peas","Peas, Wheat, Mustard, Potato, Oats",Winter,28.07,44,haze,220.0,350.0,25.0,40.0,250.0,400.0,6.0,7.0
test,Clay soil,C:\Users\Pranjal Yallurkar\OneDrive\Desktop\PROJECT\Final\soil_photos-20251020T144319Z-1-001\soil_photos\test\Clay soil\image23 (2).jpeg,Reddish,6.0–7.0,20–30,65–80,220–350,25–40,250–400,"Rice, Sugarcane, Lettuce, Broccoli, Peas","Compost, NPK, Urea, Biofertilizer, Vermicompost","Rice, Sugarcane, Lettuce, Broccoli, Peas","Peas, Wheat, Mustard, Potato, Oats",Winter,28.07,44,haze,220.0,350.0,25.0,40.0,250.0,400.0,6.0,7.0
test,Clay soil,C:\Users\Pranjal Yallurkar\OneDrive\Desktop\PROJECT\Final\soil_photos-20251020T144319Z-1-001\soil_photos\test\Clay soil\images72.jpg,Reddish,6.0–7.0,20–30,65–80,220–350,25–40,250–400,"Rice, Sugarcane, Lettuce, Broccoli, Peas","Compost, NPK, Urea, Biofertilizer, Vermicompost","Rice, Sugarcane, Lettuce, Broccoli, Peas","Peas, Wheat, Mustard, Potato, Oats",Winter,28.07,44,haze,220.0,350.0,25.0,40.0,250.0,400.0,6.0,7.0
test,Clay soil,C:\Users\Pranjal Yallurkar\OneDrive\Desktop\PROJECT\Final\soil_photos-20251020T144319Z-1-001\soil_photos\test\Clay soil\red-clay-soil-closeup-red-clay-soil-closeup-as-natural-background-98921605.jpg,Reddish,6.0–7.0,20–30,65–80,220–350,25–40,250–400,"Rice, Sugarcane, Lettuce, Broccoli, Peas","Compost, NPK, Urea, Biofertilizer, Vermicompost","Rice, Sugarcane, Lettuce, Broccoli, Peas","Peas, Wheat, Mustard, Potato, Oats",Winter,28.07,44,haze,220.0,350.0,25.0,40.0,250.0,400.0,6.0,7.0
test,Clay soil,C:\Users\Pranjal Yallurkar\OneDrive\Desktop\PROJECT\Final\soil_photos-20251020T144319Z-1-001\soil_photos\test\Clay soil\Sample1.120.jpg,Reddish,6.0–7.0,20–30,65–80,220–350,25–40,250–400,"Rice, Sugarcane, Lettuce, Broccoli, Peas","Compost, NPK, Urea, Biofertilizer, Vermicompost","Rice, Sugarcane, Lettuce, Broccoli, Peas","Peas, Wheat, Mustard, Potato, Oats",Winter,28.07,44,haze,220.0,350.0,25.0,40.0,250.0,400.0,6.0,7.0
test,Red soil,C:\Users\Pranjal Yallurkar\OneDrive\Desktop\PROJECT\Final\soil_photos-20251020T144319Z-1-001\soil_photos\test\Red soil\Copy of 1000_F_233167094_JhQz9xvHtlN5UyT3zt748JiJolOSid7s.jpg,Reddish,6.0–7.0,24–34,45–65,180–300,20–40,200–350,"Groundnut, Millet, Maize, Pulses, Ragi","DAP, Organic Manure, Compost, NPK, Biofertilizer","millet, maize","Wheat, Mustard, Gram, Onion, Garlic",Winter,28.07,44,haze,180.0,300.0,20.0,40.0,200.0,350.0,6.0,7.0
test,Red soil,C:\Users\Pranjal Yallurkar\OneDrive\Desktop\PROJECT\Final\soil_photos-20251020T144319Z-1-001\soil_photos\test\Red soil\Copy of 2560px-A_red_soil_crop_field.JPG.jpg,Reddish,6.0–7.0,24–34,45–65,180–300,20–40,200–350,"Groundnut, Millet, Maize, Pulses, Ragi","DAP, Organic Manure, Compost, NPK, Biofertilizer","millet, maize","Wheat, Mustard, Gram, Onion, Garlic",Winter,28.07,44,haze,180.0,300.0,20.0,40.0,200.0,350.0,6.0,7.0
test,Red soil,C:\Users\Pranjal Yallurkar\OneDrive\Desktop\PROJECT\Final\soil_photos-20251020T144319Z-1-001\soil_photos\test\Red soil\Copy of 61050549-red-soil-texture-background.jpg,Reddish,6.0–7.0,24–34,45–65,180–300,20–40,200–350,"Groundnut, Millet, Maize, Pulses, Ragi","DAP, Organic Manure, Compost, NPK, Biofertilizer","millet, maize","Wheat, Mustard, Gram, Onion, Garlic",Winter,28.07,44,haze,180.0,300.0,20.0,40.0,200.0,350.0,6.0,7.0
test,Red soil,C:\Users\Pranjal Yallurkar\OneDrive\Desktop\PROJECT\Final\soil_photos-20251020T144319Z-1-001\soil_photos\test\Red soil\Copy of 95424d278d0b71fa4b398f406303a4a9.jpg,Reddish,6.0–7.0,24–34,45–65,180–300,20–40,200–350,"Groundnut, Millet, Maize, Pulses, Ragi","DAP, Organic Manure, Compost, NPK, Biofertilizer","millet, maize","Wheat, Mustard, Gram, Onion, Garlic",Winter,28.07,44,haze,180.0,300.0,20.0,40.0,200.0,350.0,6.0,7.0
test,Red soil,C:\Users\Pranjal Yallurkar\OneDrive\Desktop\PROJECT\Final\soil_photos-20251020T144319Z-1-001\soil_photos\test\Red soil\Copy of annamalai-red-soil-suppliers-kotturpuram-chennai-red-soil-dealers-ey0ylh5r3e.jpg,Reddish,6.0–7.0,24–34,45–65,180–300,20–40,200–350,"Groundnut, Millet, Maize, Pulses, Ragi","DAP, Organic Manure, Compost, NPK, Biofertilizer","millet, maize","Wheat, Mustard, Gram, Onion, Garlic",Winter,28.07,44,haze,180.0,300.0,20.0,40.0,200.0,350.0,6.0,7.0
test,Red soil,C:\Users\Pranjal Yallurkar\OneDrive\Desktop\PROJECT\Final\soil_photos-20251020T144319Z-1-001\soil_photos\test\Red soil\Copy of download (1).jpg,Reddish,6.0–7.0,24–34,45–65,180–300,20–40,200–350,"Groundnut, Millet, Maize, Pulses, Ragi","DAP, Organic Manure, Compost, NPK, Biofertilizer","millet, maize","Wheat, Mustard, Gram, Onion, Garlic",Winter,28.07,44,haze,180.0,300.0,20.0,40.0,200.0,350.0,6.0,7.0
test,Red soil,C:\Users\Pranjal Yallurkar\OneDrive\Desktop\PROJECT\Final\soil_photos-20251020T144319Z-1-001\soil_photos\test\Red soil\Copy of download (2).jpg,Reddish,6.0–7.0,24–34,45–65,180–300,20–40,200–350,"Groundnut, Millet, Maize, Pulses, Ragi","DAP, Organic Manure, Compost, NPK, Biofertilizer","millet, maize","Wheat, Mustard, Gram, Onion, Garlic",Winter,28.07,44,haze,180.0,300.0,20.0,40.0,200.0,350.0,6.0,7.0
test,Red soil,C:\Users\Pranjal Yallurkar\OneDrive\Desktop\PROJECT\Final\soil_photos-20251020T144319Z-1-001\soil_photos\test\Red soil\Copy of download.jpg,Reddish,6.0–7.0,24–34,45–65,180–300,20–40,200–350,"Groundnut, Millet, Maize, Pulses, Ragi","DAP, Organic Manure, Compost, NPK, Biofertilizer","millet, maize","Wheat, Mustard, Gram, Onion, Garlic",Winter,28.07,44,haze,180.0,300.0,20.0,40.0,200.0,350.0,6.0,7.0
test,Red soil,C:\Users\Pranjal Yallurkar\OneDrive\Desktop\PROJECT\Final\soil_photos-20251020T144319Z-1-001\soil_photos\test\Red soil\Copy of image-red-soil-texture-260nw-243951718.jpg,Reddish,6.0–7.0,24–34,45–65,180–300,20–40,200–350,"Groundnut, Millet, Maize, Pulses, Ragi","DAP, Organic Manure, Compost, NPK, Biofertilizer","millet, maize","Wheat, Mustard, Gram, Onion, Garlic",Winter,28.07,44,haze,180.0,300.0,20.0,40.0,200.0,350.0,6.0,7.0
test,Red soil,C:\Users\Pranjal Yallurkar\OneDrive\Desktop\PROJECT\Final\soil_photos-20251020T144319Z-1-001\soil_photos\test\Red soil\Copy of image.jpeg,Reddish,6.0–7.0,24–34,45–65,180–300,20–40,200–350,"Groundnut, Millet, Maize, Pulses, Ragi","DAP, Organic Manure, Compost, NPK, Biofertilizer","millet, maize","Wheat, Mustard, Gram, Onion, Garlic",Winter,28.07,44,haze,180.0,300.0,20.0,40.0,200.0,350.0,6.0,7.0
test,Red soil,C:\Users\Pranjal Yallurkar\OneDrive\Desktop\PROJECT\Final\soil_photos-20251020T144319Z-1-001\soil_photos\test\Red soil\Copy of image12.jpeg,Reddish,6.0–7.0,24–34,45–65,180–300,20–40,200–350,"Groundnut, Millet, Maize, Pulses, Ragi","DAP, Organic Manure, Compost, NPK, Biofertilizer","millet, maize","Wheat, Mustard, Gram, Onion, Garlic",Winter,28.07,44,haze,180.0,300.0,20.0,40.0,200.0,350.0,6.0,7.0
test,Red soil,C:\Users\Pranjal Yallurkar\OneDrive\Desktop\PROJECT\Final\soil_photos-20251020T144319Z-1-001\soil_photos\test\Red soil\Copy of image14.jpeg,Reddish,6.0–7.0,24–34,45–65,180–300,20–40,200–350,"Groundnut, Millet, Maize, Pulses, Ragi","DAP, Organic Manure, Compost, NPK, Biofertilizer","millet, maize","Wheat, Mustard, Gram, Onion, Garlic",Winter,28.07,44,haze,180.0,300.0,20.0,40.0,200.0,350.0,6.0,7.0
test,Red soil,C:\Users\Pranjal Yallurkar\OneDrive\Desktop\PROJECT\Final\soil_photos-20251020T144319Z-1-001\soil_photos\test\Red soil\Copy of image15.jpeg,Reddish,6.0–7.0,24–34,45–65,180–300,20–40,200–350,"Groundnut, Millet, Maize, Pulses, Ragi","DAP, Organic Manure, Compost, NPK, Biofertilizer","millet, maize","Wheat, Mustard, Gram, Onion, Garlic",Winter,28.07,44,haze,180.0,300.0,20.0,40.0,200.0,350.0,6.0,7.0
test,Red soil,C:\Users\Pranjal Yallurkar\OneDrive\Desktop\PROJECT\Final\soil_photos-20251020T144319Z-1-001\soil_photos\test\Red soil\Copy of image16.jpeg,Reddish,6.0–7.0,24–34,45–65,180–300,20–40,200–350,"Groundnut, Millet, Maize, Pulses, Ragi","DAP, Organic Manure, Compost, NPK, Biofertilizer","millet, maize","Wheat, Mustard, Gram, Onion, Garlic",Winter,28.07,44,haze,180.0,300.0,20.0,40.0,200.0,350.0,6.0,7.0
test,Red soil,C:\Users\Pranjal Yallurkar\OneDrive\Desktop\PROJECT\Final\soil_photos-20251020T144319Z-1-001\soil_photos\test\Red soil\Copy of image17.jpeg,Reddish,6.0–7.0,24–34,45–65,180–300,20–40,200–350,"Groundnut, Millet, Maize, Pulses, Ragi","DAP, Organic Manure, Compost, NPK, Biofertilizer","millet, maize","Wheat, Mustard, Gram, Onion, Garlic",Winter,28.07,44,haze,180.0,300.0,20.0,40.0,200.0,350.0,6.0,7.0
test,Red soil,C:\Users\Pranjal Yallurkar\OneDrive\Desktop\PROJECT\Final\soil_photos-20251020T144319Z-1-001\soil_photos\test\Red soil\Copy of image19.jpeg,Reddish,6.0–7.0,24–34,45–65,180–300,20–40,200–350,"Groundnut, Millet, Maize, Pulses, Ragi","DAP, Organic Manure, Compost, NPK, Biofertilizer","millet, maize","Wheat, Mustard, Gram, Onion, Garlic",Winter,28.07,44,haze,180.0,300.0,20.0,40.0,200.0,350.0,6.0,7.0
test,Red soil,C:\Users\Pranjal Yallurkar\OneDrive\Desktop\PROJECT\Final\soil_photos-20251020T144319Z-1-001\soil_photos\test\Red soil\Copy of image2.jpeg,Reddish,6.0–7.0,24–34,45–65,180–300,20–40,200–350,"Groundnut, Millet, Maize, Pulses, Ragi","DAP, Organic Manure, Compost, NPK, Biofertilizer","millet, maize","Wheat, Mustard, Gram, Onion, Garlic",Winter,28.07,44,haze,180.0,300.0,20.0,40.0,200.0,350.0,6.0,7.0
test,Red soil,C:\Users\Pranjal Yallurkar\OneDrive\Desktop\PROJECT\Final\soil_photos-20251020T144319Z-1-001\soil_photos\test\Red soil\Copy of image20.jpeg,Reddish,6.0–7.0,24–34,45–65,180–300,20–40,200–350,"Groundnut, Millet, Maize, Pulses, Ragi","DAP, Organic Manure, Compost, NPK, Biofertilizer","millet, maize","Wheat, Mustard, Gram, Onion, Garlic",Winter,28.07,44,haze,180.0,300.0,20.0,40.0,200.0,350.0,6.0,7.0
test,Red soil,C:\Users\Pranjal Yallurkar\OneDrive\Desktop\PROJECT\Final\soil_photos-20251020T144319Z-1-001\soil_photos\test\Red soil\Copy of image23.jpeg,Reddish,6.0–7.0,24–34,45–65,180–300,20–40,200–350,"Groundnut, Millet, Maize, Pulses, Ragi","DAP, Organic Manure, Compost, NPK, Biofertilizer","millet, maize","Wheat, Mustard, Gram, Onion, Garlic",Winter,28.07,44,haze,180.0,300.0,20.0,40.0,200.0,350.0,6.0,7.0
test,Red soil,C:\Users\Pranjal Yallurkar\OneDrive\Desktop\PROJECT\Final\soil_photos-20251020T144319Z-1-001\soil_photos\test\Red soil\Copy of image24.jpeg,Reddish,6.0–7.0,24–34,45–65,180–300,20–40,200–350,"Groundnut, Millet, Maize, Pulses, Ragi","DAP, Organic Manure, Compost, NPK, Biofertilizer","millet, maize","Wheat, Mustard, Gram, Onion, Garlic",Winter,28.07,44,haze,180.0,300.0,20.0,40.0,200.0,350.0,6.0,7.0
test,Red soil,C:\Users\Pranjal Yallurkar\OneDrive\Desktop\PROJECT\Final\soil_photos-20251020T144319Z-1-001\soil_photos\test\Red soil\Copy of image25.jpeg,Reddish,6.0–7.0,24–34,45–65,180–300,20–40,200–350,"Groundnut, Millet, Maize, Pulses, Ragi","DAP, Organic Manure, Compost, NPK, Biofertilizer","millet, maize","Wheat, Mustard, Gram, Onion, Garlic",Winter,28.07,44,haze,180.0,300.0,20.0,40.0,200.0,350.0,6.0,7.0
test,Red soil,C:\Users\Pranjal Yallurkar\OneDrive\Desktop\PROJECT\Final\soil_photos-20251020T144319Z-1-001\soil_photos\test\Red soil\Copy of image26.jpeg,Reddish,6.0–7.0,24–34,45–65,180–300,20–40,200–350,"Groundnut, Millet, Maize, Pulses, Ragi","DAP, Organic Manure, Compost, NPK, Biofertilizer","millet, maize","Wheat, Mustard, Gram, Onion, Garlic",Winter,28.07,44,haze,180.0,300.0,20.0,40.0,200.0,350.0,6.0,7.0
test,Red soil,C:\Users\Pranjal Yallurkar\OneDrive\Desktop\PROJECT\Final\soil_photos-20251020T144319Z-1-001\soil_photos\test\Red soil\Copy of image3.jpeg,Reddish,6.0–7.0,24–34,45–65,180–300,20–40,200–350,"Groundnut, Millet, Maize, Pulses, Ragi","DAP, Organic Manure, Compost, NPK, Biofertilizer","millet, maize","Wheat, Mustard, Gram, Onion, Garlic",Winter,28.07,44,haze,180.0,300.0,20.0,40.0,200.0,350.0,6.0,7.0
test,Red soil,C:\Users\Pranjal Yallurkar\OneDrive\Desktop\PROJECT\Final\soil_photos-20251020T144319Z-1-001\soil_photos\test\Red soil\Copy of image30.jpeg,Reddish,6.0–7.0,24–34,45–65,180–300,20–40,200–350,"Groundnut, Millet, Maize, Pulses, Ragi","DAP, Organic Manure, Compost, NPK, Biofertilizer","millet, maize","Wheat, Mustard, Gram, Onion, Garlic",Winter,28.07,44,haze,180.0,300.0,20.0,40.0,200.0,350.0,6.0,7.0
test,Red soil,C:\Users\Pranjal Yallurkar\OneDrive\Desktop\PROJECT\Final\soil_photos-20251020T144319Z-1-001\soil_photos\test\Red soil\Copy of image31.jpeg,Reddish,6.0–7.0,24–34,45–65,180–300,20–40,200–350,"Groundnut, Millet, Maize, Pulses, Ragi","DAP, Organic Manure, Compost, NPK, Biofertilizer","millet, maize","Wheat, Mustard, Gram, Onion, Garlic",Winter,28.07,44,haze,180.0,300.0,20.0,40.0,200.0,350.0,6.0,7.0
test,Red soil,C:\Users\Pranjal Yallurkar\OneDrive\Desktop\PROJECT\Final\soil_photos-20251020T144319Z-1-001\soil_photos\test\Red soil\Copy of image5.jpeg,Reddish,6.0–7.0,24–34,45–65,180–300,20–40,200–350,"Groundnut, Millet, Maize, Pulses, Ragi","DAP, Organic Manure, Compost, NPK, Biofertilizer","millet, maize","Wheat, Mustard, Gram, Onion, Garlic",Winter,28.07,44,haze,180.0,300.0,20.0,40.0,200.0,350.0,6.0,7.0
test,Red soil,C:\Users\Pranjal Yallurkar\OneDrive\Desktop\PROJECT\Final\soil_photos-20251020T144319Z-1-001\soil_photos\test\Red soil\Copy of image8.jpeg,Reddish,6.0–7.0,24–34,45–65,180–300,20–40,200–350,"Groundnut, Millet, Maize, Pulses, Ragi","DAP, Organic Manure, Compost, NPK, Biofertilizer","millet, maize","Wheat, Mustard, Gram, Onion, Garlic",Winter,28.07,44,haze,180.0,300.0,20.0,40.0,200.0,350.0,6.0,7.0
test,Red soil,C:\Users\Pranjal Yallurkar\OneDrive\Desktop\PROJECT\Final\soil_photos-20251020T144319Z-1-001\soil_photos\test\Red soil\Copy of images (1).jpg,Reddish,6.0–7.0,24–34,45–65,180–300,20–40,200–350,"Groundnut, Millet, Maize, Pulses, Ragi","DAP, Organic Manure, Compost, NPK, Biofertilizer","millet, maize","Wheat, Mustard, Gram, Onion, Garlic",Winter,28.07,44,haze,180.0,300.0,20.0,40.0,200.0,350.0,6.0,7.0
test,Red soil,C:\Users\Pranjal Yallurkar\OneDrive\Desktop\PROJECT\Final\soil_photos-20251020T144319Z-1-001\soil_photos\test\Red soil\Copy of images.jpg,Reddish,6.0–7.0,24–34,45–65,180–300,20–40,200–350,"Groundnut, Millet, Maize, Pulses, Ragi","DAP, Organic Manure, Compost, NPK, Biofertilizer","millet, maize","Wheat, Mustard, Gram, Onion, Garlic",Winter,28.07,44,haze,180.0,300.0,20.0,40.0,200.0,350.0,6.0,7.0
test,Red soil,C:\Users\Pranjal Yallurkar\OneDrive\Desktop\PROJECT\Final\soil_photos-20251020T144319Z-1-001\soil_photos\test\Red soil\Copy of images102.jpg,Reddish,6.0–7.0,24–34,45–65,180–300,20–40,200–350,"Groundnut, Millet, Maize, Pulses, Ragi","DAP, Organic Manure, Compost, NPK, Biofertilizer","millet, maize","Wheat, Mustard, Gram, Onion, Garlic",Winter,28.07,44,haze,180.0,300.0,20.0,40.0,200.0,350.0,6.0,7.0
test,Red soil,C:\Users\Pranjal Yallurkar\OneDrive\Desktop\PROJECT\Final\soil_photos-20251020T144319Z-1-001\soil_photos\test\Red soil\Copy of images104.jpg,Reddish,6.0–7.0,24–34,45–65,180–300,20–40,200–350,"Groundnut, Millet, Maize, Pulses, Ragi","DAP, Organic Manure, Compost, NPK, Biofertilizer","millet, maize","Wheat, Mustard, Gram, Onion, Garlic",Winter,28.07,44,haze,180.0,300.0,20.0,40.0,200.0,350.0,6.0,7.0
test,Red soil,C:\Users\Pranjal Yallurkar\OneDrive\Desktop\PROJECT\Final\soil_photos-20251020T144319Z-1-001\soil_photos\test\Red soil\Copy of images105.jpg,Reddish,6.0–7.0,24–34,45–65,180–300,20–40,200–350,"Groundnut, Millet, Maize, Pulses, Ragi","DAP, Organic Manure, Compost, NPK, Biofertilizer","millet, maize","Wheat, Mustard, Gram, Onion, Garlic",Winter,28.07,44,haze,180.0,300.0,20.0,40.0,200.0,350.0,6.0,7.0
test,Red soil,C:\Users\Pranjal Yallurkar\OneDrive\Desktop\PROJECT\Final\soil_photos-20251020T144319Z-1-001\soil_photos\test\Red soil\Copy of images113.jpg,Reddish,6.0–7.0,24–34,45–65,180–300,20–40,200–350,"Groundnut, Millet, Maize, Pulses, Ragi","DAP, Organic Manure, Compost, NPK, Biofertilizer","millet, maize","Wheat, Mustard, Gram, Onion, Garlic",Winter,28.07,44,haze,180.0,300.0,20.0,40.0,200.0,350.0,6.0,7.0
test,Red soil,C:\Users\Pranjal Yallurkar\OneDrive\Desktop\PROJECT\Final\soil_photos-20251020T144319Z-1-001\soil_photos\test\Red soil\Copy of images117.jpg,Reddish,6.0–7.0,24–34,45–65,180–300,20–40,200–350,"Groundnut, Millet, Maize, Pulses, Ragi","DAP, Organic Manure, Compost, NPK, Biofertilizer","millet, maize","Wheat, Mustard, Gram, Onion, Garlic",Winter,28.07,44,haze,180.0,300.0,20.0,40.0,200.0,350.0,6.0,7.0
test,Red soil,C:\Users\Pranjal Yallurkar\OneDrive\Desktop\PROJECT\Final\soil_photos-20251020T144319Z-1-001\soil_photos\test\Red soil\Copy of images119.jpg,Reddish,6.0–7.0,24–34,45–65,180–300,20–40,200–350,"Groundnut, Millet, Maize, Pulses, Ragi","DAP, Organic Manure, Compost, NPK, Biofertilizer","millet, maize","Wheat, Mustard, Gram, Onion, Garlic",Winter,28.07,44,haze,180.0,300.0,20.0,40.0,200.0,350.0,6.0,7.0
test,Red soil,C:\Users\Pranjal Yallurkar\OneDrive\Desktop\PROJECT\Final\soil_photos-20251020T144319Z-1-001\soil_photos\test\Red soil\Copy of images120.jpg,Reddish,6.0–7.0,24–34,45–65,180–300,20–40,200–350,"Groundnut, Millet, Maize, Pulses, Ragi","DAP, Organic Manure, Compost, NPK, Biofertilizer","millet, maize","Wheat, Mustard, Gram, Onion, Garlic",Winter,28.07,44,haze,180.0,300.0,20.0,40.0,200.0,350.0,6.0,7.0
test,Red soil,C:\Users\Pranjal Yallurkar\OneDrive\Desktop\PROJECT\Final\soil_photos-20251020T144319Z-1-001\soil_photos\test\Red soil\Copy of images122.jpg,Reddish,6.0–7.0,24–34,45–65,180–300,20–40,200–350,"Groundnut, Millet, Maize, Pulses, Ragi","DAP, Organic Manure, Compost, NPK, Biofertilizer","millet, maize","Wheat, Mustard, Gram, Onion, Garlic",Winter,28.07,44,haze,180.0,300.0,20.0,40.0,200.0,350.0,6.0,7.0
test,Red soil,C:\Users\Pranjal Yallurkar\OneDrive\Desktop\PROJECT\Final\soil_photos-20251020T144319Z-1-001\soil_photos\test\Red soil\Copy of images125.jpg,Bluish,6.0–7.0,24–34,45–65,180–300,20–40,200–350,"Groundnut, Millet, Maize, Pulses, Ragi","DAP, Organic Manure, Compost, NPK, Biofertilizer","millet, maize","Wheat, Mustard, Gram, Onion, Garlic",Winter,28.07,44,haze,180.0,300.0,20.0,40.0,200.0,350.0,6.0,7.0
test,Red soil,C:\Users\Pranjal Yallurkar\OneDrive\Desktop\PROJECT\Final\soil_photos-20251020T144319Z-1-001\soil_photos\test\Red soil\Copy of images131.jpg,Reddish,6.0–7.0,24–34,45–65,180–300,20–40,200–350,"Groundnut, Millet, Maize, Pulses, Ragi","DAP, Organic Manure, Compost, NPK, Biofertilizer","millet, maize","Wheat, Mustard, Gram, Onion, Garlic",Winter,28.07,44,haze,180.0,300.0,20.0,40.0,200.0,350.0,6.0,7.0
test,Red soil,C:\Users\Pranjal Yallurkar\OneDrive\Desktop\PROJECT\Final\soil_photos-20251020T144319Z-1-001\soil_photos\test\Red soil\Copy of images135.jpg,Reddish,6.0–7.0,24–34,45–65,180–300,20–40,200–350,"Groundnut, Millet, Maize, Pulses, Ragi","DAP, Organic Manure, Compost, NPK, Biofertilizer","millet, maize","Wheat, Mustard, Gram, Onion, Garlic",Winter,28.07,44,haze,180.0,300.0,20.0,40.0,200.0,350.0,6.0,7.0
test,Red soil,C:\Users\Pranjal Yallurkar\OneDrive\Desktop\PROJECT\Final\soil_photos-20251020T144319Z-1-001\soil_photos\test\Red soil\Copy of images141.jpg,Reddish,6.0–7.0,24–34,45–65,180–300,20–40,200–350,"Groundnut, Millet, Maize, Pulses, Ragi","DAP, Organic Manure, Compost, NPK, Biofertilizer","millet, maize","Wheat, Mustard, Gram, Onion, Garlic",Winter,28.07,44,haze,180.0,300.0,20.0,40.0,200.0,350.0,6.0,7.0
test,Red soil,C:\Users\Pranjal Yallurkar\OneDrive\Desktop\PROJECT\Final\soil_photos-20251020T144319Z-1-001\soil_photos\test\Red soil\Copy of images43.jpg,Reddish,6.0–7.0,24–34,45–65,180–300,20–40,200–350,"Groundnut, Millet, Maize, Pulses, Ragi","DAP, Organic Manure, Compost, NPK, Biofertilizer","millet, maize","Wheat, Mustard, Gram, Onion, Garlic",Winter,28.07,44,haze,180.0,300.0,20.0,40.0,200.0,350.0,6.0,7.0
test,Red soil,C:\Users\Pranjal Yallurkar\OneDrive\Desktop\PROJECT\Final\soil_photos-20251020T144319Z-1-001\soil_photos\test\Red soil\Copy of images95.jpg,Reddish,6.0–7.0,24–34,45–65,180–300,20–40,200–350,"Groundnut, Millet, Maize, Pulses, Ragi","DAP, Organic Manure, Compost, NPK, Biofertilizer","millet, maize","Wheat, Mustard, Gram, Onion, Garlic",Winter,28.07,44,haze,180.0,300.0,20.0,40.0,200.0,350.0,6.0,7.0
test,Red soil,C:\Users\Pranjal Yallurkar\OneDrive\Desktop\PROJECT\Final\soil_photos-20251020T144319Z-1-001\soil_photos\test\Red soil\Copy of images96.jpg,Reddish,6.0–7.0,24–34,45–65,180–300,20–40,200–350,"Groundnut, Millet, Maize, Pulses, Ragi","DAP, Organic Manure, Compost, NPK, Biofertilizer","millet, maize","Wheat, Mustard, Gram, Onion, Garlic",Winter,28.07,44,haze,180.0,300.0,20.0,40.0,200.0,350.0,6.0,7.0
test,Red soil,C:\Users\Pranjal Yallurkar\OneDrive\Desktop\PROJECT\Final\soil_photos-20251020T144319Z-1-001\soil_photos\test\Red soil\images177.jpg,Reddish,6.0–7.0,24–34,45–65,180–300,20–40,200–350,"Groundnut, Millet, Maize, Pulses, Ragi","DAP, Organic Manure, Compost, NPK, Biofertilizer","millet, maize","Wheat, Mustard, Gram, Onion, Garlic",Winter,28.07,44,haze,180.0,300.0,20.0,40.0,200.0,350.0,6.0,7.0
test,Red soil,C:\Users\Pranjal Yallurkar\OneDrive\Desktop\PROJECT\Final\soil_photos-20251020T144319Z-1-001\soil_photos\test\Red soil\images183.jpg,Reddish,6.0–7.0,24–34,45–65,180–300,20–40,200–350,"Groundnut, Millet, Maize, Pulses, Ragi","DAP, Organic Manure, Compost, NPK, Biofertilizer","millet, maize","Wheat, Mustard, Gram, Onion, Garlic",Winter,28.07,44,haze,180.0,300.0,20.0,40.0,200.0,350.0,6.0,7.0
test,Red soil,C:\Users\Pranjal Yallurkar\OneDrive\Desktop\PROJECT\Final\soil_photos-20251020T144319Z-1-001\soil_photos\test\Red soil\images188.jpg,Reddish,6.0–7.0,24–34,45–65,180–300,20–40,200–350,"Groundnut, Millet, Maize, Pulses, Ragi","DAP, Organic Manure, Compost, NPK, Biofertilizer","millet, maize","Wheat, Mustard, Gram, Onion, Garlic",Winter,28.07,44,haze,180.0,300.0,20.0,40.0,200.0,350.0,6.0,7.0
test,Red soil,C:\Users\Pranjal Yallurkar\OneDrive\Desktop\PROJECT\Final\soil_photos-20251020T144319Z-1-001\soil_photos\test\Red soil\images189.jpg,Reddish,6.0–7.0,24–34,45–65,180–300,20–40,200–350,"Groundnut, Millet, Maize, Pulses, Ragi","DAP, Organic Manure, Compost, NPK, Biofertilizer","millet, maize","Wheat, Mustard, Gram, Onion, Garlic",Winter,28.07,44,haze,180.0,300.0,20.0,40.0,200.0,350.0,6.0,7.0
test,Red soil,C:\Users\Pranjal Yallurkar\OneDrive\Desktop\PROJECT\Final\soil_photos-20251020T144319Z-1-001\soil_photos\test\Red soil\images191.jpg,Reddish,6.0–7.0,24–34,45–65,180–300,20–40,200–350,"Groundnut, Millet, Maize, Pulses, Ragi","DAP, Organic Manure, Compost, NPK, Biofertilizer","millet, maize","Wheat, Mustard, Gram, Onion, Garlic",Winter,28.07,44,haze,180.0,300.0,20.0,40.0,200.0,350.0,6.0,7.0
test,Red soil,C:\Users\Pranjal Yallurkar\OneDrive\Desktop\PROJECT\Final\soil_photos-20251020T144319Z-1-001\soil_photos\test\Red soil\images192.jpg,Reddish,6.0–7.0,24–34,45–65,180–300,20–40,200–350,"Groundnut, Millet, Maize, Pulses, Ragi","DAP, Organic Manure, Compost, NPK, Biofertilizer","millet, maize","Wheat, Mustard, Gram, Onion, Garlic",Winter,28.07,44,haze,180.0,300.0,20.0,40.0,200.0,350.0,6.0,7.0
test,Red soil,C:\Users\Pranjal Yallurkar\OneDrive\Desktop\PROJECT\Final\soil_photos-20251020T144319Z-1-001\soil_photos\test\Red soil\images195.jpg,Reddish,6.0–7.0,24–34,45–65,180–300,20–40,200–350,"Groundnut, Millet, Maize, Pulses, Ragi","DAP, Organic Manure, Compost, NPK, Biofertilizer","millet, maize","Wheat, Mustard, Gram, Onion, Garlic",Winter,28.07,44,haze,180.0,300.0,20.0,40.0,200.0,350.0,6.0,7.0
test,Red soil,C:\Users\Pranjal Yallurkar\OneDrive\Desktop\PROJECT\Final\soil_photos-20251020T144319Z-1-001\soil_photos\test\Red soil\images202.jpg,Reddish,6.0–7.0,24–34,45–65,180–300,20–40,200–350,"Groundnut, Millet, Maize, Pulses, Ragi","DAP, Organic Manure, Compost, NPK, Biofertilizer","millet, maize","Wheat, Mustard, Gram, Onion, Garlic",Winter,28.07,44,haze,180.0,300.0,20.0,40.0,200.0,350.0,6.0,7.0
test,Red soil,C:\Users\Pranjal Yallurkar\OneDrive\Desktop\PROJECT\Final\soil_photos-20251020T144319Z-1-001\soil_photos\test\Red soil\Nc-red-clay-soil-2.jpg,Reddish,6.0–7.0,24–34,45–65,180–300,20–40,200–350,"Groundnut, Millet, Maize, Pulses, Ragi","DAP, Organic Manure, Compost, NPK, Biofertilizer","millet, maize","Wheat, Mustard, Gram, Onion, Garlic",Winter,28.07,44,haze,180.0,300.0,20.0,40.0,200.0,350.0,6.0,7.0
test,Red soil,C:\Users\Pranjal Yallurkar\OneDrive\Desktop\PROJECT\Final\soil_photos-20251020T144319Z-1-001\soil_photos\test\Red soil\red-ground-texture-260nw-1079913677.jpg,Reddish,6.0–7.0,24–34,45–65,180–300,20–40,200–350,"Groundnut, Millet, Maize, Pulses, Ragi","DAP, Organic Manure, Compost, NPK, Biofertilizer","millet, maize","Wheat, Mustard, Gram, Onion, Garlic",Winter,28.07,44,haze,180.0,300.0,20.0,40.0,200.0,350.0,6.0,7.0
test,Red soil,C:\Users\Pranjal Yallurkar\OneDrive\Desktop\PROJECT\Final\soil_photos-20251020T144319Z-1-001\soil_photos\test\Red soil\red-soil-500x5002.jpg,Reddish,6.0–7.0,24–34,45–65,180–300,20–40,200–350,"Groundnut, Millet, Maize, Pulses, Ragi","DAP, Organic Manure, Compost, NPK, Biofertilizer","millet, maize","Wheat, Mustard, Gram, Onion, Garlic",Winter,28.07,44,haze,180.0,300.0,20.0,40.0,200.0,350.0,6.0,7.0
test,Red soil,C:\Users\Pranjal Yallurkar\OneDrive\Desktop\PROJECT\Final\soil_photos-20251020T144319Z-1-001\soil_photos\test\Red soil\red-soil-500x5003.jpg,Reddish,6.0–7.0,24–34,45–65,180–300,20–40,200–350,"Groundnut, Millet, Maize, Pulses, Ragi","DAP, Organic Manure, Compost, NPK, Biofertilizer","millet, maize","Wheat, Mustard, Gram, Onion, Garlic",Winter,28.07,44,haze,180.0,300.0,20.0,40.0,200.0,350.0,6.0,7.0
test,Red soil,C:\Users\Pranjal Yallurkar\OneDrive\Desktop\PROJECT\Final\soil_photos-20251020T144319Z-1-001\soil_photos\test\Red soil\red-soil-background-6402446.jpg,Reddish,6.0–7.0,24–34,45–65,180–300,20–40,200–350,"Groundnut, Millet, Maize, Pulses, Ragi","DAP, Organic Manure, Compost, NPK, Biofertilizer","millet, maize","Wheat, Mustard, Gram, Onion, Garlic",Winter,28.07,44,haze,180.0,300.0,20.0,40.0,200.0,350.0,6.0,7.0
test,Red soil,C:\Users\Pranjal Yallurkar\OneDrive\Desktop\PROJECT\Final\soil_photos-20251020T144319Z-1-001\soil_photos\test\Red soil\Red-soil-essay.jpg,Reddish,6.0–7.0,24–34,45–65,180–300,20–40,200–350,"Groundnut, Millet, Maize, Pulses, Ragi","DAP, Organic Manure, Compost, NPK, Biofertilizer","millet, maize","Wheat, Mustard, Gram, Onion, Garlic",Winter,28.07,44,haze,180.0,300.0,20.0,40.0,200.0,350.0,6.0,7.0
test,Red soil,C:\Users\Pranjal Yallurkar\OneDrive\Desktop\PROJECT\Final\soil_photos-20251020T144319Z-1-001\soil_photos\test\Red soil\red20clay-700x700.jpg,Reddish,6.0–7.0,24–34,45–65,180–300,20–40,200–350,"Groundnut, Millet, Maize, Pulses, Ragi","DAP, Organic Manure, Compost, NPK, Biofertilizer","millet, maize","Wheat, Mustard, Gram, Onion, Garlic",Winter,28.07,44,haze,180.0,300.0,20.0,40.0,200.0,350.0,6.0,7.0
test,Red soil,C:\Users\Pranjal Yallurkar\OneDrive\Desktop\PROJECT\Final\soil_photos-20251020T144319Z-1-001\soil_photos\test\Red soil\red3.jpg,Reddish,6.0–7.0,24–34,45–65,180–300,20–40,200–350,"Groundnut, Millet, Maize, Pulses, Ragi","DAP, Organic Manure, Compost, NPK, Biofertilizer","millet, maize","Wheat, Mustard, Gram, Onion, Garlic",Winter,28.07,44,haze,180.0,300.0,20.0,40.0,200.0,350.0,6.0,7.0
test,Red soil,C:\Users\Pranjal Yallurkar\OneDrive\Desktop\PROJECT\Final\soil_photos-20251020T144319Z-1-001\soil_photos\test\Red soil\Red_1.jpg,Reddish,6.0–7.0,24–34,45–65,180–300,20–40,200–350,"Groundnut, Millet, Maize, Pulses, Ragi","DAP, Organic Manure, Compost, NPK, Biofertilizer","millet, maize","Wheat, Mustard, Gram, Onion, Garlic",Winter,28.07,44,haze,180.0,300.0,20.0,40.0,200.0,350.0,6.0,7.0
test,Red soil,C:\Users\Pranjal Yallurkar\OneDrive\Desktop\PROJECT\Final\soil_photos-20251020T144319Z-1-001\soil_photos\test\Red soil\Red_10.jpg,Reddish,6.0–7.0,24–34,45–65,180–300,20–40,200–350,"Groundnut, Millet, Maize, Pulses, Ragi","DAP, Organic Manure, Compost, NPK, Biofertilizer","millet, maize","Wheat, Mustard, Gram, Onion, Garlic",Winter,28.07,44,haze,180.0,300.0,20.0,40.0,200.0,350.0,6.0,7.0
test,Red soil,C:\Users\Pranjal Yallurkar\OneDrive\Desktop\PROJECT\Final\soil_photos-20251020T144319Z-1-001\soil_photos\test\Red soil\Red_11.jpg,Reddish,6.0–7.0,24–34,45–65,180–300,20–40,200–350,"Groundnut, Millet, Maize, Pulses, Ragi","DAP, Organic Manure, Compost, NPK, Biofertilizer","millet, maize","Wheat, Mustard, Gram, Onion, Garlic",Winter,28.07,44,haze,180.0,300.0,20.0,40.0,200.0,350.0,6.0,7.0
test,Red soil,C:\Users\Pranjal Yallurkar\OneDrive\Desktop\PROJECT\Final\soil_photos-20251020T144319Z-1-001\soil_photos\test\Red soil\Red_12.jpg,Reddish,6.0–7.0,24–34,45–65,180–300,20–40,200–350,"Groundnut, Millet, Maize, Pulses, Ragi","DAP, Organic Manure, Compost, NPK, Biofertilizer","millet, maize","Wheat, Mustard, Gram, Onion, Garlic",Winter,28.07,44,haze,180.0,300.0,20.0,40.0,200.0,350.0,6.0,7.0
test,Red soil,C:\Users\Pranjal Yallurkar\OneDrive\Desktop\PROJECT\Final\soil_photos-20251020T144319Z-1-001\soil_photos\test\Red soil\Red_13.jpg,Reddish,6.0–7.0,24–34,45–65,180–300,20–40,200–350,"Groundnut, Millet, Maize, Pulses, Ragi","DAP, Organic Manure, Compost, NPK, Biofertilizer","millet, maize","Wheat, Mustard, Gram, Onion, Garlic",Winter,28.07,44,haze,180.0,300.0,20.0,40.0,200.0,350.0,6.0,7.0
test,Red soil,C:\Users\Pranjal Yallurkar\OneDrive\Desktop\PROJECT\Final\soil_photos-20251020T144319Z-1-001\soil_photos\test\Red soil\Red_14.jpg,Reddish,6.0–7.0,24–34,45–65,180–300,20–40,200–350,"Groundnut, Millet, Maize, Pulses, Ragi","DAP, Organic Manure, Compost, NPK, Biofertilizer","millet, maize","Wheat, Mustard, Gram, Onion, Garlic",Winter,28.07,44,haze,180.0,300.0,20.0,40.0,200.0,350.0,6.0,7.0
test,Red soil,C:\Users\Pranjal Yallurkar\OneDrive\Desktop\PROJECT\Final\soil_photos-20251020T144319Z-1-001\soil_photos\test\Red soil\Red_15.jpg,Reddish,6.0–7.0,24–34,45–65,180–300,20–40,200–350,"Groundnut, Millet, Maize, Pulses, Ragi","DAP, Organic Manure, Compost, NPK, Biofertilizer","millet, maize","Wheat, Mustard, Gram, Onion, Garlic",Winter,28.07,44,haze,180.0,300.0,20.0,40.0,200.0,350.0,6.0,7.0
test,Red soil,C:\Users\Pranjal Yallurkar\OneDrive\Desktop\PROJECT\Final\soil_photos-20251020T144319Z-1-001\soil_photos\test\Red soil\Red_16.jpg,Reddish,6.0–7.0,24–34,45–65,180–300,20–40,200–350,"Groundnut, Millet, Maize, Pulses, Ragi","DAP, Organic Manure, Compost, NPK, Biofertilizer","millet, maize","Wheat, Mustard, Gram, Onion, Garlic",Winter,28.07,44,haze,180.0,300.0,20.0,40.0,200.0,350.0,6.0,7.0
test,Red soil,C:\Users\Pranjal Yallurkar\OneDrive\Desktop\PROJECT\Final\soil_photos-20251020T144319Z-1-001\soil_photos\test\Red soil\Red_17.jpg,Reddish,6.0–7.0,24–34,45–65,180–300,20–40,200–350,"Groundnut, Millet, Maize, Pulses, Ragi","DAP, Organic Manure, Compost, NPK, Biofertilizer","millet, maize","Wheat, Mustard, Gram, Onion, Garlic",Winter,28.07,44,haze,180.0,300.0,20.0,40.0,200.0,350.0,6.0,7.0
test,Red soil,C:\Users\Pranjal Yallurkar\OneDrive\Desktop\PROJECT\Final\soil_photos-20251020T144319Z-1-001\soil_photos\test\Red soil\Red_18.jpg,Reddish,6.0–7.0,24–34,45–65,180–300,20–40,200–350,"Groundnut, Millet, Maize, Pulses, Ragi","DAP, Organic Manure, Compost, NPK, Biofertilizer","millet, maize","Wheat, Mustard, Gram, Onion, Garlic",Winter,28.07,44,haze,180.0,300.0,20.0,40.0,200.0,350.0,6.0,7.0
test,Red soil,C:\Users\Pranjal Yallurkar\OneDrive\Desktop\PROJECT\Final\soil_photos-20251020T144319Z-1-001\soil_photos\test\Red soil\Red_19.jpg,Reddish,6.0–7.0,24–34,45–65,180–300,20–40,200–350,"Groundnut, Millet, Maize, Pulses, Ragi","DAP, Organic Manure, Compost, NPK, Biofertilizer","millet, maize","Wheat, Mustard, Gram, Onion, Garlic",Winter,28.07,44,haze,180.0,300.0,20.0,40.0,200.0,350.0,6.0,7.0
test,Red soil,C:\Users\Pranjal Yallurkar\OneDrive\Desktop\PROJECT\Final\soil_photos-20251020T144319Z-1-001\soil_photos\test\Red soil\Red_2.jpg,Reddish,6.0–7.0,24–34,45–65,180–300,20–40,200–350,"Groundnut, Millet, Maize, Pulses, Ragi","DAP, Organic Manure, Compost, NPK, Biofertilizer","millet, maize","Wheat, Mustard, Gram, Onion, Garlic",Winter,28.07,44,haze,180.0,300.0,20.0,40.0,200.0,350.0,6.0,7.0
test,Red soil,C:\Users\Pranjal Yallurkar\OneDrive\Desktop\PROJECT\Final\soil_photos-20251020T144319Z-1-001\soil_photos\test\Red soil\Red_20.jpg,Reddish,6.0–7.0,24–34,45–65,180–300,20–40,200–350,"Groundnut, Millet, Maize, Pulses, Ragi","DAP, Organic Manure, Compost, NPK, Biofertilizer","millet, maize","Wheat, Mustard, Gram, Onion, Garlic",Winter,28.07,44,haze,180.0,300.0,20.0,40.0,200.0,350.0,6.0,7.0
test,Red soil,C:\Users\Pranjal Yallurkar\OneDrive\Desktop\PROJECT\Final\soil_photos-20251020T144319Z-1-001\soil_photos\test\Red soil\Red_21.jpg,Reddish,6.0–7.0,24–34,45–65,180–300,20–40,200–350,"Groundnut, Millet, Maize, Pulses, Ragi","DAP, Organic Manure, Compost, NPK, Biofertilizer","millet, maize","Wheat, Mustard, Gram, Onion, Garlic",Winter,28.07,44,haze,180.0,300.0,20.0,40.0,200.0,350.0,6.0,7.0
test,Red soil,C:\Users\Pranjal Yallurkar\OneDrive\Desktop\PROJECT\Final\soil_photos-20251020T144319Z-1-001\soil_photos\test\Red soil\Red_22.jpg,Reddish,6.0–7.0,24–34,45–65,180–300,20–40,200–350,"Groundnut, Millet, Maize, Pulses, Ragi","DAP, Organic Manure, Compost, NPK, Biofertilizer","millet, maize","Wheat, Mustard, Gram, Onion, Garlic",Winter,28.07,44,haze,180.0,300.0,20.0,40.0,200.0,350.0,6.0,7.0
test,Red soil,C:\Users\Pranjal Yallurkar\OneDrive\Desktop\PROJECT\Final\soil_photos-20251020T144319Z-1-001\soil_photos\test\Red soil\Red_23.jpg,Reddish,6.0–7.0,24–34,45–65,180–300,20–40,200–350,"Groundnut, Millet, Maize, Pulses, Ragi","DAP, Organic Manure, Compost, NPK, Biofertilizer","millet, maize","Wheat, Mustard, Gram, Onion, Garlic",Winter,28.07,44,haze,180.0,300.0,20.0,40.0,200.0,350.0,6.0,7.0
test,Red soil,C:\Users\Pranjal Yallurkar\OneDrive\Desktop\PROJECT\Final\soil_photos-20251020T144319Z-1-001\soil_photos\test\Red soil\Red_24.jpg,Reddish,6.0–7.0,24–34,45–65,180–300,20–40,200–350,"Groundnut, Millet, Maize, Pulses, Ragi","DAP, Organic Manure, Compost, NPK, Biofertilizer","millet, maize","Wheat, Mustard, Gram, Onion, Garlic",Winter,28.07,44,haze,180.0,300.0,20.0,40.0,200.0,350.0,6.0,7.0
test,Red soil,C:\Users\Pranjal Yallurkar\OneDrive\Desktop\PROJECT\Final\soil_photos-20251020T144319Z-1-001\soil_photos\test\Red soil\Red_27.jpg,Reddish,6.0–7.0,24–34,45–65,180–300,20–40,200–350,"Groundnut, Millet, Maize, Pulses, Ragi","DAP, Organic Manure, Compost, NPK, Biofertilizer","millet, maize","Wheat, Mustard, Gram, Onion, Garlic",Winter,28.07,44,haze,180.0,300.0,20.0,40.0,200.0,350.0,6.0,7.0
test,Red soil,C:\Users\Pranjal Yallurkar\OneDrive\Desktop\PROJECT\Final\soil_photos-20251020T144319Z-1-001\soil_photos\test\Red soil\Red_28.jpg,Reddish,6.0–7.0,24–34,45–65,180–300,20–40,200–350,"Groundnut, Millet, Maize, Pulses, Ragi","DAP, Organic Manure, Compost, NPK, Biofertilizer","millet, maize","Wheat, Mustard, Gram, Onion, Garlic",Winter,28.07,44,haze,180.0,300.0,20.0,40.0,200.0,350.0,6.0,7.0
test,Red soil,C:\Users\Pranjal Yallurkar\OneDrive\Desktop\PROJECT\Final\soil_photos-20251020T144319Z-1-001\soil_photos\test\Red soil\Red_29.jpg,Reddish,6.0–7.0,24–34,45–65,180–300,20–40,200–350,"Groundnut, Millet, Maize, Pulses, Ragi","DAP, Organic Manure, Compost, NPK, Biofertilizer","millet, maize","Wheat, Mustard, Gram, Onion, Garlic",Winter,28.07,44,haze,180.0,300.0,20.0,40.0,200.0,350.0,6.0,7.0
test,Red soil,C:\Users\Pranjal Yallurkar\OneDrive\Desktop\PROJECT\Final\soil_photos-20251020T144319Z-1-001\soil_photos\test\Red soil\Red_3.jpg,Reddish,6.0–7.0,24–34,45–65,180–300,20–40,200–350,"Groundnut, Millet, Maize, Pulses, Ragi","DAP, Organic Manure, Compost, NPK, Biofertilizer","millet, maize","Wheat, Mustard, Gram, Onion, Garlic",Winter,28.07,44,haze,180.0,300.0,20.0,40.0,200.0,350.0,6.0,7.0
test,Red soil,C:\Users\Pranjal Yallurkar\OneDrive\Desktop\PROJECT\Final\soil_photos-20251020T144319Z-1-001\soil_photos\test\Red soil\Red_30.jpg,Reddish,6.0–7.0,24–34,45–65,180–300,20–40,200–350,"Groundnut, Millet, Maize, Pulses, Ragi","DAP, Organic Manure, Compost, NPK, Biofertilizer","millet, maize","Wheat, Mustard, Gram, Onion, Garlic",Winter,28.07,44,haze,180.0,300.0,20.0,40.0,200.0,350.0,6.0,7.0
test,Red soil,C:\Users\Pranjal Yallurkar\OneDrive\Desktop\PROJECT\Final\soil_photos-20251020T144319Z-1-001\soil_photos\test\Red soil\Red_31.jpg,Reddish,6.0–7.0,24–34,45–65,180–300,20–40,200–350,"Groundnut, Millet, Maize, Pulses, Ragi","DAP, Organic Manure, Compost, NPK, Biofertilizer","millet, maize","Wheat, Mustard, Gram, Onion, Garlic",Winter,28.07,44,haze,180.0,300.0,20.0,40.0,200.0,350.0,6.0,7.0
test,Red soil,C:\Users\Pranjal Yallurkar\OneDrive\Desktop\PROJECT\Final\soil_photos-20251020T144319Z-1-001\soil_photos\test\Red soil\Red_32.jpg,Reddish,6.0–7.0,24–34,45–65,180–300,20–40,200–350,"Groundnut, Millet, Maize, Pulses, Ragi","DAP, Organic Manure, Compost, NPK, Biofertilizer","millet, maize","Wheat, Mustard, Gram, Onion, Garlic",Winter,28.07,44,haze,180.0,300.0,20.0,40.0,200.0,350.0,6.0,7.0
test,Red soil,C:\Users\Pranjal Yallurkar\OneDrive\Desktop\PROJECT\Final\soil_photos-20251020T144319Z-1-001\soil_photos\test\Red soil\Red_35.jpg,Reddish,6.0–7.0,24–34,45–65,180–300,20–40,200–350,"Groundnut, Millet, Maize, Pulses, Ragi","DAP, Organic Manure, Compost, NPK, Biofertilizer","millet, maize","Wheat, Mustard, Gram, Onion, Garlic",Winter,28.07,44,haze,180.0,300.0,20.0,40.0,200.0,350.0,6.0,7.0
test,Red soil,C:\Users\Pranjal Yallurkar\OneDrive\Desktop\PROJECT\Final\soil_photos-20251020T144319Z-1-001\soil_photos\test\Red soil\Red_36.jpg,Reddish,6.0–7.0,24–34,45–65,180–300,20–40,200–350,"Groundnut, Millet, Maize, Pulses, Ragi","DAP, Organic Manure, Compost, NPK, Biofertilizer","millet, maize","Wheat, Mustard, Gram, Onion, Garlic",Winter,28.07,44,haze,180.0,300.0,20.0,40.0,200.0,350.0,6.0,7.0
test,Red soil,C:\Users\Pranjal Yallurkar\OneDrive\Desktop\PROJECT\Final\soil_photos-20251020T144319Z-1-001\soil_photos\test\Red soil\Red_37.jpg,Reddish,6.0–7.0,24–34,45–65,180–300,20–40,200–350,"Groundnut, Millet, Maize, Pulses, Ragi","DAP, Organic Manure, Compost, NPK, Biofertilizer","millet, maize","Wheat, Mustard, Gram, Onion, Garlic",Winter,28.07,44,haze,180.0,300.0,20.0,40.0,200.0,350.0,6.0,7.0
test,Red soil,C:\Users\Pranjal Yallurkar\OneDrive\Desktop\PROJECT\Final\soil_photos-20251020T144319Z-1-001\soil_photos\test\Red soil\Red_38.jpg,Reddish,6.0–7.0,24–34,45–65,180–300,20–40,200–350,"Groundnut, Millet, Maize, Pulses, Ragi","DAP, Organic Manure, Compost, NPK, Biofertilizer","millet, maize","Wheat, Mustard, Gram, Onion, Garlic",Winter,28.07,44,haze,180.0,300.0,20.0,40.0,200.0,350.0,6.0,7.0
test,Red soil,C:\Users\Pranjal Yallurkar\OneDrive\Desktop\PROJECT\Final\soil_photos-20251020T144319Z-1-001\soil_photos\test\Red soil\Red_39.jpg,Reddish,6.0–7.0,24–34,45–65,180–300,20–40,200–350,"Groundnut, Millet, Maize, Pulses, Ragi","DAP, Organic Manure, Compost, NPK, Biofertilizer","millet, maize","Wheat, Mustard, Gram, Onion, Garlic",Winter,28.07,44,haze,180.0,300.0,20.0,40.0,200.0,350.0,6.0,7.0
test,Red soil,C:\Users\Pranjal Yallurkar\OneDrive\Desktop\PROJECT\Final\soil_photos-20251020T144319Z-1-001\soil_photos\test\Red soil\Red_4.jpg,Reddish,6.0–7.0,24–34,45–65,180–300,20–40,200–350,"Groundnut, Millet, Maize, Pulses, Ragi","DAP, Organic Manure, Compost, NPK, Biofertilizer","millet, maize","Wheat, Mustard, Gram, Onion, Garlic",Winter,28.07,44,haze,180.0,300.0,20.0,40.0,200.0,350.0,6.0,7.0
test,Red soil,C:\Users\Pranjal Yallurkar\OneDrive\Desktop\PROJECT\Final\soil_photos-20251020T144319Z-1-001\soil_photos\test\Red soil\Red_40.jpg,Reddish,6.0–7.0,24–34,45–65,180–300,20–40,200–350,"Groundnut, Millet, Maize, Pulses, Ragi","DAP, Organic Manure, Compost, NPK, Biofertilizer","millet, maize","Wheat, Mustard, Gram, Onion, Garlic",Winter,28.07,44,haze,180.0,300.0,20.0,40.0,200.0,350.0,6.0,7.0
test,Red soil,C:\Users\Pranjal Yallurkar\OneDrive\Desktop\PROJECT\Final\soil_photos-20251020T144319Z-1-001\soil_photos\test\Red soil\Red_41.jpg,Reddish,6.0–7.0,24–34,45–65,180–300,20–40,200–350,"Groundnut, Millet, Maize, Pulses, Ragi","DAP, Organic Manure, Compost, NPK, Biofertilizer","millet, maize","Wheat, Mustard, Gram, Onion, Garlic",Winter,28.07,44,haze,180.0,300.0,20.0,40.0,200.0,350.0,6.0,7.0
test,Red soil,C:\Users\Pranjal Yallurkar\OneDrive\Desktop\PROJECT\Final\soil_photos-20251020T144319Z-1-001\soil_photos\test\Red soil\Red_42.jpg,Reddish,6.0–7.0,24–34,45–65,180–300,20–40,200–350,"Groundnut, Millet, Maize, Pulses, Ragi","DAP, Organic Manure, Compost, NPK, Biofertilizer","millet, maize","Wheat, Mustard, Gram, Onion, Garlic",Winter,28.07,44,haze,180.0,300.0,20.0,40.0,200.0,350.0,6.0,7.0
test,Red soil,C:\Users\Pranjal Yallurkar\OneDrive\Desktop\PROJECT\Final\soil_photos-20251020T144319Z-1-001\soil_photos\test\Red soil\Red_43.jpg,Reddish,6.0–7.0,24–34,45–65,180–300,20–40,200–350,"Groundnut, Millet, Maize, Pulses, Ragi","DAP, Organic Manure, Compost, NPK, Biofertilizer","millet, maize","Wheat, Mustard, Gram, Onion, Garlic",Winter,28.07,44,haze,180.0,300.0,20.0,40.0,200.0,350.0,6.0,7.0
test,Red soil,C:\Users\Pranjal Yallurkar\OneDrive\Desktop\PROJECT\Final\soil_photos-20251020T144319Z-1-001\soil_photos\test\Red soil\Red_44.jpg,Reddish,6.0–7.0,24–34,45–65,180–300,20–40,200–350,"Groundnut, Millet, Maize, Pulses, Ragi","DAP, Organic Manure, Compost, NPK, Biofertilizer","millet, maize","Wheat, Mustard, Gram, Onion, Garlic",Winter,28.07,44,haze,180.0,300.0,20.0,40.0,200.0,350.0,6.0,7.0
test,Red soil,C:\Users\Pranjal Yallurkar\OneDrive\Desktop\PROJECT\Final\soil_photos-20251020T144319Z-1-001\soil_photos\test\Red soil\Red_45.jpg,Reddish,6.0–7.0,24–34,45–65,180–300,20–40,200–350,"Groundnut, Millet, Maize, Pulses, Ragi","DAP, Organic Manure, Compost, NPK, Biofertilizer","millet, maize","Wheat, Mustard, Gram, Onion, Garlic",Winter,28.07,44,haze,180.0,300.0,20.0,40.0,200.0,350.0,6.0,7.0
test,Red soil,C:\Users\Pranjal Yallurkar\OneDrive\Desktop\PROJECT\Final\soil_photos-20251020T144319Z-1-001\soil_photos\test\Red soil\Red_46.jpg,Reddish,6.0–7.0,24–34,45–65,180–300,20–40,200–350,"Groundnut, Millet, Maize, Pulses, Ragi","DAP, Organic Manure, Compost, NPK, Biofertilizer","millet, maize","Wheat, Mustard, Gram, Onion, Garlic",Winter,28.07,44,haze,180.0,300.0,20.0,40.0,200.0,350.0,6.0,7.0
test,Red soil,C:\Users\Pranjal Yallurkar\OneDrive\Desktop\PROJECT\Final\soil_photos-20251020T144319Z-1-001\soil_photos\test\Red soil\Red_5.jpg,Reddish,6.0–7.0,24–34,45–65,180–300,20–40,200–350,"Groundnut, Millet, Maize, Pulses, Ragi","DAP, Organic Manure, Compost, NPK, Biofertilizer","millet, maize","Wheat, Mustard, Gram, Onion, Garlic",Winter,28.07,44,haze,180.0,300.0,20.0,40.0,200.0,350.0,6.0,7.0
test,Red soil,C:\Users\Pranjal Yallurkar\OneDrive\Desktop\PROJECT\Final\soil_photos-20251020T144319Z-1-001\soil_photos\test\Red soil\Red_6.jpg,Reddish,6.0–7.0,24–34,45–65,180–300,20–40,200–350,"Groundnut, Millet, Maize, Pulses, Ragi","DAP, Organic Manure, Compost, NPK, Biofertilizer","millet, maize","Wheat, Mustard, Gram, Onion, Garlic",Winter,28.07,44,haze,180.0,300.0,20.0,40.0,200.0,350.0,6.0,7.0
test,Red soil,C:\Users\Pranjal Yallurkar\OneDrive\Desktop\PROJECT\Final\soil_photos-20251020T144319Z-1-001\soil_photos\test\Red soil\Red_7.jpg,Reddish,6.0–7.0,24–34,45–65,180–300,20–40,200–350,"Groundnut, Millet, Maize, Pulses, Ragi","DAP, Organic Manure, Compost, NPK, Biofertilizer","millet, maize","Wheat, Mustard, Gram, Onion, Garlic",Winter,28.07,44,haze,180.0,300.0,20.0,40.0,200.0,350.0,6.0,7.0
test,Red soil,C:\Users\Pranjal Yallurkar\OneDrive\Desktop\PROJECT\Final\soil_photos-20251020T144319Z-1-001\soil_photos\test\Red soil\Red_8.jpg,Reddish,6.0–7.0,24–34,45–65,180–300,20–40,200–350,"Groundnut, Millet, Maize, Pulses, Ragi","DAP, Organic Manure, Compost, NPK, Biofertilizer","millet, maize","Wheat, Mustard, Gram, Onion, Garlic",Winter,28.07,44,haze,180.0,300.0,20.0,40.0,200.0,350.0,6.0,7.0
test,Red soil,C:\Users\Pranjal Yallurkar\OneDrive\Desktop\PROJECT\Final\soil_photos-20251020T144319Z-1-001\soil_photos\test\Red soil\Red_9.jpg,Reddish,6.0–7.0,24–34,45–65,180–300,20–40,200–350,"Groundnut, Millet, Maize, Pulses, Ragi","DAP, Organic Manure, Compost, NPK, Biofertilizer","millet, maize","Wheat, Mustard, Gram, Onion, Garlic",Winter,28.07,44,haze,180.0,300.0,20.0,40.0,200.0,350.0,6.0,7.0
test,Red soil,C:\Users\Pranjal Yallurkar\OneDrive\Desktop\PROJECT\Final\soil_photos-20251020T144319Z-1-001\soil_photos\test\Red soil\Sample6.0.jpg,Reddish,6.0–7.0,24–34,45–65,180–300,20–40,200–350,"Groundnut, Millet, Maize, Pulses, Ragi","DAP, Organic Manure, Compost, NPK, Biofertilizer","millet, maize","Wheat, Mustard, Gram, Onion, Garlic",Winter,28.07,44,haze,180.0,300.0,20.0,40.0,200.0,350.0,6.0,7.0
test,Red soil,C:\Users\Pranjal Yallurkar\OneDrive\Desktop\PROJECT\Final\soil_photos-20251020T144319Z-1-001\soil_photos\test\Red soil\Sample6.30.jpg,Reddish,6.0–7.0,24–34,45–65,180–300,20–40,200–350,"Groundnut, Millet, Maize, Pulses, Ragi","DAP, Organic Manure, Compost, NPK, Biofertilizer","millet, maize","Wheat, Mustard, Gram, Onion, Garlic",Winter,28.07,44,haze,180.0,300.0,20.0,40.0,200.0,350.0,6.0,7.0
test,Red soil,C:\Users\Pranjal Yallurkar\OneDrive\Desktop\PROJECT\Final\soil_photos-20251020T144319Z-1-001\soil_photos\test\Red soil\Sample6.60.jpg,Reddish,6.0–7.0,24–34,45–65,180–300,20–40,200–350,"Groundnut, Millet, Maize, Pulses, Ragi","DAP, Organic Manure, Compost, NPK, Biofertilizer","millet, maize","Wheat, Mustard, Gram, Onion, Garlic",Winter,28.07,44,haze,180.0,300.0,20.0,40.0,200.0,350.0,6.0,7.0
test,Sandy soil,C:\Users\Pranjal Yallurkar\OneDrive\Desktop\PROJECT\Final\soil_photos-20251020T144319Z-1-001\soil_photos\test\Sand\0.jpg,Reddish,5.5–6.8,28–38,30–50,100–180,15–30,80–150,"Coconut, Watermelon, Groundnut, Cashew, Carrot","Organic Manure, Compost, NPK, Urea, Biofertilizer","Coconut, Watermelon, Groundnut, Cashew, Carrot","Onion, Potato, Garlic, Mustard, Wheat",Winter,28.07,44,haze,100.0,180.0,15.0,30.0,80.0,150.0,5.5,6.8
test,Sandy soil,C:\Users\Pranjal Yallurkar\OneDrive\Desktop\PROJECT\Final\soil_photos-20251020T144319Z-1-001\soil_photos\test\Sand\1.jpg,Reddish,5.5–6.8,28–38,30–50,100–180,15–30,80–150,"Coconut, Watermelon, Groundnut, Cashew, Carrot","Organic Manure, Compost, NPK, Urea, Biofertilizer","Coconut, Watermelon, Groundnut, Cashew, Carrot","Onion, Potato, Garlic, Mustard, Wheat",Winter,28.07,44,haze,100.0,180.0,15.0,30.0,80.0,150.0,5.5,6.8
test,Sandy soil,C:\Users\Pranjal Yallurkar\OneDrive\Desktop\PROJECT\Final\soil_photos-20251020T144319Z-1-001\soil_photos\test\Sand\2.jpg,Reddish,5.5–6.8,28–38,30–50,100–180,15–30,80–150,"Coconut, Watermelon, Groundnut, Cashew, Carrot","Organic Manure, Compost, NPK, Urea, Biofertilizer","Coconut, Watermelon, Groundnut, Cashew, Carrot","Onion, Potato, Garlic, Mustard, Wheat",Winter,28.07,44,haze,100.0,180.0,15.0,30.0,80.0,150.0,5.5,6.8
test,Sandy soil,C:\Users\Pranjal Yallurkar\OneDrive\Desktop\PROJECT\Final\soil_photos-20251020T144319Z-1-001\soil_photos\test\Sand\4.jpg,Reddish,5.5–6.8,28–38,30–50,100–180,15–30,80–150,"Coconut, Watermelon, Groundnut, Cashew, Carrot","Organic Manure, Compost, NPK, Urea, Biofertilizer","Coconut, Watermelon, Groundnut, Cashew, Carrot","Onion, Potato, Garlic, Mustard, Wheat",Winter,28.07,44,haze,100.0,180.0,15.0,30.0,80.0,150.0,5.5,6.8
test,Sandy soil,C:\Users\Pranjal Yallurkar\OneDrive\Desktop\PROJECT\Final\soil_photos-20251020T144319Z-1-001\soil_photos\test\Sand\5.jpg,Reddish,5.5–6.8,28–38,30–50,100–180,15–30,80–150,"Coconut, Watermelon, Groundnut, Cashew, Carrot","Organic Manure, Compost, NPK, Urea, Biofertilizer","Coconut, Watermelon, Groundnut, Cashew, Carrot","Onion, Potato, Garlic, Mustard, Wheat",Winter,28.07,44,haze,100.0,180.0,15.0,30.0,80.0,150.0,5.5,6.8
